{
	"credit": "Made with Blockbench",
	"parent": "minecraft:block/cube_bottom_top",
	"textures": {
		"top": "block/barrel_top",
		"bottom": "block/barrel_bottom",
		"particle": "block/barrel_side",
		"side": "block/barrel_side"
	},
	"elements": [
		{
			"from": [-0.5, 11, 16],
			"to": [16.5, 13, 16.5],
			"rotation": {"angle": 0, "axis": "y", "origin": [8, 19, 7]},
			"faces": {
				"east": {"uv": [0, 3, 0.5, 5], "texture": "#side", "cullface": "east"},
				"south": {"uv": [0, 3, 16, 5], "texture": "#side", "cullface": "south"},
				"west": {"uv": [15, 3, 15.5, 5], "texture": "#side", "cullface": "west"},
				"up": {"uv": [0, 3, 16, 3.5], "texture": "#side", "cullface": "south"},
				"down": {"uv": [0, 12, 16, 12.5], "texture": "#side", "cullface": "south"}
			}
		},
		{
			"from": [-0.5, 3, 16],
			"to": [16.5, 5, 16.5],
			"rotation": {"angle": 0, "axis": "y", "origin": [8, 11, 7]},
			"faces": {
				"east": {"uv": [0, 11, 0.5, 13], "texture": "#side", "cullface": "east"},
				"south": {"uv": [0, 11, 16, 13], "texture": "#side", "cullface": "south"},
				"west": {"uv": [15, 11, 15.5, 13], "texture": "#side", "cullface": "west"},
				"up": {"uv": [0, 11, 16, 11.5], "texture": "#side", "cullface": "south"},
				"down": {"uv": [0, 12, 16, 12.5], "texture": "#side", "cullface": "south"}
			}
		},
		{
			"from": [-0.5, 3, -0.5],
			"to": [16.5, 5, 0],
			"rotation": {"angle": 0, "axis": "y", "origin": [8, 11, -9.5]},
			"faces": {
				"north": {"uv": [0, 11, 16, 13], "texture": "#side", "cullface": "north"},
				"east": {"uv": [15, 11, 15.5, 13], "texture": "#side", "cullface": "north"},
				"west": {"uv": [0, 11, 0.5, 13], "texture": "#side", "cullface": "west"},
				"up": {"uv": [0, 11, 16, 11.5], "texture": "#side", "cullface": "north"},
				"down": {"uv": [0, 12, 16, 12.5], "texture": "#side", "cullface": "north"}
			}
		},
		{
			"from": [-0.5, 11, -0.5],
			"to": [16.5, 13, 0],
			"rotation": {"angle": 0, "axis": "y", "origin": [8, 19, -9.5]},
			"faces": {
				"north": {"uv": [0, 3, 16, 5], "texture": "#side", "cullface": "north"},
				"east": {"uv": [15, 3, 15.5, 5], "texture": "#side", "cullface": "north"},
				"west": {"uv": [0, 3, 0.5, 5], "texture": "#side", "cullface": "west"},
				"up": {"uv": [0, 3, 16, 3.5], "texture": "#side", "cullface": "north"},
				"down": {"uv": [0, 12, 16, 12.5], "texture": "#side", "cullface": "north"}
			}
		},
		{
			"from": [16, 11, 0],
			"to": [16.5, 13, 16],
			"rotation": {"angle": 0, "axis": "y", "origin": [8, 19, -9]},
			"faces": {
				"east": {"uv": [0, 3, 16, 5], "texture": "#side", "cullface": "east"},
				"up": {"uv": [0, 3, 16, 3.5], "rotation": 90, "texture": "#side", "cullface": "east"},
				"down": {"uv": [0, 12, 16, 12.5], "rotation": 90, "texture": "#side", "cullface": "east"}
			}
		},
		{
			"from": [16, 3, 0],
			"to": [16.5, 5, 16],
			"rotation": {"angle": 0, "axis": "y", "origin": [8, 11, -9]},
			"faces": {
				"east": {"uv": [0, 11, 16, 13], "texture": "#side", "cullface": "east"},
				"up": {"uv": [0, 11, 16, 11.5], "rotation": 90, "texture": "#side", "cullface": "east"},
				"down": {"uv": [0, 12, 16, 12.5], "rotation": 90, "texture": "#side", "cullface": "east"}
			}
		},
		{
			"from": [-0.5, 3, 0],
			"to": [0, 5, 16],
			"rotation": {"angle": 0, "axis": "y", "origin": [-8.5, 11, -9]},
			"faces": {
				"west": {"uv": [0, 11, 16, 13], "texture": "#side", "cullface": "west"},
				"up": {"uv": [0, 11, 16, 11.5], "rotation": 90, "texture": "#side", "cullface": "west"},
				"down": {"uv": [0, 12, 16, 12.5], "rotation": 90, "texture": "#side", "cullface": "west"}
			}
		},
		{
			"from": [-0.5, 11, 0],
			"to": [0, 13, 16],
			"rotation": {"angle": 0, "axis": "y", "origin": [-8.5, 19, -9]},
			"faces": {
				"west": {"uv": [0, 3, 16, 5], "texture": "#side", "cullface": "west"},
				"up": {"uv": [0, 3, 16, 3.5], "rotation": 90, "texture": "#side", "cullface": "west"},
				"down": {"uv": [0, 12, 16, 12.5], "rotation": 90, "texture": "#side", "cullface": "west"}
			}
		},
		{
			"from": [0, 15, 0],
			"to": [16, 16, 1],
			"rotation": {"angle": 0, "axis": "y", "origin": [8, 23, 8]},
			"faces": {
				"north": {"uv": [0, 0, 16, 1], "texture": "#side", "cullface": "north"},
				"east": {"uv": [15, 0, 16, 1], "texture": "#side", "cullface": "east"},
				"south": {"uv": [0, 0, 16, 1], "texture": "#side"},
				"west": {"uv": [0, 0, 1, 1], "texture": "#side", "cullface": "west"},
				"up": {"uv": [0, 0, 16, 1], "texture": "#top", "cullface": "up"}
			}
		},
		{
			"from": [0, 15, 15],
			"to": [16, 16, 16],
			"rotation": {"angle": 0, "axis": "y", "origin": [8, 23, 23]},
			"faces": {
				"north": {"uv": [0, 0, 16, 1], "texture": "#side"},
				"east": {"uv": [0, 0, 1, 1], "texture": "#side", "cullface": "east"},
				"south": {"uv": [0, 0, 16, 1], "texture": "#side", "cullface": "south"},
				"west": {"uv": [15, 0, 16, 1], "texture": "#side", "cullface": "west"},
				"up": {"uv": [0, 15, 16, 16], "texture": "#top", "cullface": "up"}
			}
		},
		{
			"from": [15, 15, 1],
			"to": [16, 16, 15],
			"rotation": {"angle": 0, "axis": "y", "origin": [8, 23, 22]},
			"faces": {
				"east": {"uv": [1, 0, 15, 1], "texture": "#side", "cullface": "east"},
				"west": {"uv": [1, 0, 15, 1], "texture": "#side"},
				"up": {"uv": [15, 1, 16, 15], "texture": "#top", "cullface": "up"}
			}
		},
		{
			"from": [0, 15, 1],
			"to": [1, 16, 15],
			"rotation": {"angle": 0, "axis": "y", "origin": [-7, 23, 22]},
			"faces": {
				"east": {"uv": [1, 0, 15, 1], "texture": "#side"},
				"west": {"uv": [1, 0, 15, 1], "texture": "#side", "cullface": "west"},
				"up": {"uv": [0, 1, 1, 15], "texture": "#top", "cullface": "up"}
			}
		},
		{
			"from": [0, 0, 0],
			"to": [16, 15, 16],
			"rotation": {"angle": 0, "axis": "y", "origin": [8, 8, 23]},
			"faces": {
				"north": {"uv": [0, 1, 16, 16], "texture": "#side", "cullface": "north"},
				"east": {"uv": [0, 1, 16, 16], "texture": "#side", "cullface": "east"},
				"south": {"uv": [0, 1, 16, 16], "texture": "#side", "cullface": "south"},
				"west": {"uv": [0, 1, 16, 16], "texture": "#side", "cullface": "west"},
				"up": {"uv": [0, 0, 16, 16], "texture": "#top"},
				"down": {"uv": [0, 0, 16, 16], "texture": "#bottom", "cullface": "down"}
			}
		},
		{
			"from": [3, 15, 8],
			"to": [5, 15.5, 10],
			"rotation": {"angle": 0, "axis": "y", "origin": [11, 23, 16]},
			"faces": {
				"north": {"uv": [3, 8, 5, 8.5], "rotation": 180, "texture": "#top"},
				"east": {"uv": [3, 8, 5, 8.5], "texture": "#top"},
				"south": {"uv": [3, 9, 5, 9.5], "texture": "#top"},
				"west": {"uv": [3, 8, 3.5, 10], "rotation": 90, "texture": "#top"},
				"up": {"uv": [3, 8, 5, 10], "texture": "#top"}
			}
		}
	],
	"display": {
		"thirdperson_righthand": {
			"rotation": [75, 45, 0],
			"translation": [0, 2.5, 0],
			"scale": [0.375, 0.375, 0.375]
		},
		"thirdperson_lefthand": {
			"rotation": [75, 45, 0],
			"translation": [0, 2.5, 0],
			"scale": [0.375, 0.375, 0.375]
		},
		"firstperson_righthand": {
			"rotation": [0, 45, 0],
			"scale": [0.4, 0.4, 0.4]
		},
		"firstperson_lefthand": {
			"rotation": [0, 225, 0],
			"scale": [0.4, 0.4, 0.4]
		},
		"ground": {
			"translation": [0, 3, 0],
			"scale": [0.25, 0.25, 0.25]
		},
		"gui": {
			"rotation": [30, 225, 0],
			"scale": [0.625, 0.625, 0.625]
		},
		"fixed": {
			"scale": [0.5, 0.5, 0.5]
		}
	},
	"groups": [
		{
			"name": "1",
			"origin": [8, 8, 8],
			"children": [0, 1, 2, 3, 4, 5, 6, 7, 8, 9, 10, 11,
				{
					"name": "1-2",
					"origin": [8, 8, 23],
					"children": [12, 13]
				}
			]
		}
	]
}