{
	"credit": "Made with Blockbench",
	"textures": {
		"0": "block/birch_planks",
		"particle": "block/birch_planks"
	},
	"elements": [
		{
			"name": "top bar",
			"from": [7.3, 12, 0],
			"to": [8.7, 13, 9],
			"faces": {
				"north": {"uv": [7.3, 3, 8.7, 4], "texture": "#0", "cullface": "north"},
				"east": {"uv": [7, 3, 16, 4], "texture": "#0"},
				"west": {"uv": [0, 3, 9, 4], "texture": "#0"},
				"down": {"uv": [7.3, 7, 8.7, 16], "texture": "#0"}
			}
		},
		{
			"name": "lower bar",
			"from": [7.3, 8, 0],
			"to": [8.7, 9, 9],
			"faces": {
				"north": {"uv": [7.3, 7, 8.7, 8], "texture": "#0", "cullface": "north"},
				"east": {"uv": [7, 7, 16, 8], "texture": "#0"},
				"west": {"uv": [0, 7, 9, 8], "texture": "#0"},
				"up": {"uv": [7.3, 0, 8.7, 9], "texture": "#0"}
			}
		},
		{
			"from": [7, 6, 0],
			"to": [9, 8, 9],
			"rotation": {"angle": 0, "axis": "y", "origin": [15, 14, 8]},
			"faces": {
				"north": {"uv": [7, 8, 9, 10], "texture": "#0"},
				"east": {"uv": [7, 8, 16, 10], "texture": "#0"},
				"west": {"uv": [0, 8, 9, 10], "texture": "#0"},
				"up": {"uv": [7, 0, 9, 9], "texture": "#0"},
				"down": {"uv": [7, 7, 9, 16], "texture": "#0"}
			}
		},
		{
			"from": [7, 13, 0],
			"to": [9, 15, 9],
			"rotation": {"angle": 0, "axis": "y", "origin": [15, 21, 8]},
			"faces": {
				"north": {"uv": [7, 1, 9, 3], "texture": "#0"},
				"east": {"uv": [7, 1, 16, 3], "texture": "#0"},
				"west": {"uv": [0, 1, 9, 3], "texture": "#0"},
				"up": {"uv": [7, 0, 9, 9], "texture": "#0"},
				"down": {"uv": [7, 7, 9, 16], "texture": "#0"}
			}
		}
	],
	"display": {
		"thirdperson_righthand": {
			"rotation": [75, 45, 0],
			"translation": [0, 2.5, 0],
			"scale": [0.375, 0.375, 0.375]
		},
		"thirdperson_lefthand": {
			"rotation": [75, 45, 0],
			"translation": [0, 2.5, 0],
			"scale": [0.375, 0.375, 0.375]
		},
		"firstperson_righthand": {
			"rotation": [0, 45, 0],
			"scale": [0.4, 0.4, 0.4]
		},
		"firstperson_lefthand": {
			"rotation": [0, 225, 0],
			"scale": [0.4, 0.4, 0.4]
		},
		"ground": {
			"translation": [0, 3, 0],
			"scale": [0.25, 0.25, 0.25]
		},
		"gui": {
			"rotation": [30, 225, 0],
			"scale": [0.625, 0.625, 0.625]
		},
		"fixed": {
			"scale": [0.5, 0.5, 0.5]
		}
	},
	"groups": [0, 1,
		{
			"name": "1",
			"origin": [8, 8, 8],
			"children": [2, 3]
		}
	]
}