{
	"credit": "Made with Blockbench",
	"ambientocclusion": false,
	"textures": {
		"0": "block/birch_door_bottom",
		"particle": "block/birch_door_bottom"
	},
	"elements": [
		{
			"from": [0, 0, 0],
			"to": [3, 12, 16],
			"faces": {
				"north": {"uv": [0, 4, 3, 16], "texture": "#0"},
				"east": {"uv": [0, 4, 16, 16], "texture": "#0"},
				"south": {"uv": [0, 4, 3, 16], "texture": "#0"},
				"west": {"uv": [16, 4, 0, 16], "texture": "#0"},
				"up": {"uv": [0, 4, 16, 7], "rotation": 90, "texture": "#0"}
			}
		},
		{
			"from": [0, 12, 13],
			"to": [3, 16, 16],
			"rotation": {"angle": 0, "axis": "y", "origin": [8, 12, 8]},
			"faces": {
				"north": {"uv": [13, 0, 16, 4], "texture": "#0"},
				"east": {"uv": [0, 0, 3, 4], "texture": "#0"},
				"south": {"uv": [0, 0, 3, 4], "texture": "#0"},
				"west": {"uv": [3, 0, 0, 4], "texture": "#0"},
				"down": {"uv": [0, 0, 3, 3], "texture": "#0"}
			}
		},
		{
			"from": [0.2, 12, 3],
			"to": [2.8, 16, 13],
			"rotation": {"angle": 0, "axis": "y", "origin": [8, 12, 5]},
			"faces": {
				"north": {"uv": [13.2, 0, 15.8, 4], "texture": "#0"},
				"east": {"uv": [3, 0, 13, 4], "texture": "#0"},
				"south": {"uv": [0.2, 0, 2.8, 4], "texture": "#0"},
				"west": {"uv": [13, 0, 3, 4], "texture": "#0"},
				"down": {"uv": [0.2, 3, 2.8, 13], "texture": "#0"}
			}
		},
		{
			"from": [0, 12, 0],
			"to": [3, 16, 3],
			"rotation": {"angle": 0, "axis": "y", "origin": [8, 12, -5]},
			"faces": {
				"north": {"uv": [0, 0, 3, 4], "texture": "#0"},
				"east": {"uv": [13, 0, 16, 4], "texture": "#0"},
				"south": {"uv": [0, 0, 3, 4], "texture": "#0"},
				"west": {"uv": [16, 0, 13, 4], "texture": "#0"},
				"down": {"uv": [0, 13, 3, 16], "texture": "#0"}
			}
		}
	],
	"display": {
		"thirdperson_righthand": {
			"rotation": [75, 45, 0],
			"translation": [0, 2.5, 0],
			"scale": [0.375, 0.375, 0.375]
		},
		"thirdperson_lefthand": {
			"rotation": [75, 45, 0],
			"translation": [0, 2.5, 0],
			"scale": [0.375, 0.375, 0.375]
		},
		"firstperson_righthand": {
			"rotation": [0, 45, 0],
			"scale": [0.4, 0.4, 0.4]
		},
		"firstperson_lefthand": {
			"rotation": [0, 225, 0],
			"scale": [0.4, 0.4, 0.4]
		},
		"ground": {
			"translation": [0, 3, 0],
			"scale": [0.25, 0.25, 0.25]
		},
		"gui": {
			"rotation": [30, 225, 0],
			"scale": [0.625, 0.625, 0.625]
		},
		"fixed": {
			"scale": [0.5, 0.5, 0.5]
		}
	},
	"groups": [
		{
			"name": "door_bottom_rh",
			"origin": [8, 8, 8],
			"children": [0, 1, 2, 3]
		}
	]
}