{
	"credit": "Made with Blockbench",
	"textures": {
		"0": "block/bookshelf",
		"1": "block/oak_planks",
		"particle": "block/bookshelf"
	},
	"elements": [
		{
			"from": [0, 9, 0],
			"to": [1, 15, 1],
			"rotation": {"angle": 0, "axis": "y", "origin": [8, 17, 23]},
			"faces": {
				"north": {"uv": [15, 1, 16, 7], "texture": "#1", "cullface": "north"},
				"east": {"uv": [15, 1, 16, 7], "texture": "#1"},
				"south": {"uv": [0, 1, 1, 7], "texture": "#1"},
				"west": {"uv": [0, 1, 1, 7], "texture": "#1", "cullface": "west"}
			}
		},
		{
			"from": [0, 1, 0],
			"to": [1, 7, 1],
			"rotation": {"angle": 0, "axis": "y", "origin": [8, 9, 23]},
			"faces": {
				"north": {"uv": [15, 9, 16, 15], "texture": "#1", "cullface": "north"},
				"east": {"uv": [15, 9, 16, 15], "texture": "#1"},
				"south": {"uv": [0, 9, 1, 15], "texture": "#1"},
				"west": {"uv": [0, 9, 1, 15], "texture": "#1", "cullface": "west"}
			}
		},
		{
			"from": [0, 9, 15],
			"to": [1, 15, 16],
			"rotation": {"angle": 0, "axis": "y", "origin": [8, 17, 38]},
			"faces": {
				"north": {"uv": [15, 1, 16, 7], "texture": "#1"},
				"east": {"uv": [0, 1, 1, 7], "texture": "#1"},
				"south": {"uv": [0, 1, 1, 7], "texture": "#1", "cullface": "south"},
				"west": {"uv": [15, 1, 16, 7], "texture": "#1", "cullface": "west"}
			}
		},
		{
			"from": [0, 1, 15],
			"to": [1, 7, 16],
			"rotation": {"angle": 0, "axis": "y", "origin": [8, 9, 38]},
			"faces": {
				"north": {"uv": [15, 9, 16, 15], "texture": "#1"},
				"east": {"uv": [0, 9, 1, 15], "texture": "#1"},
				"south": {"uv": [0, 9, 1, 15], "texture": "#1", "cullface": "south"},
				"west": {"uv": [15, 9, 16, 15], "texture": "#1", "cullface": "west"}
			}
		},
		{
			"from": [15, 9, 0],
			"to": [16, 15, 1],
			"rotation": {"angle": 0, "axis": "y", "origin": [23, 17, 8]},
			"faces": {
				"north": {"uv": [0, 1, 1, 7], "texture": "#1", "cullface": "north"},
				"east": {"uv": [15, 1, 16, 7], "texture": "#1", "cullface": "east"},
				"south": {"uv": [15, 1, 16, 7], "texture": "#1"},
				"west": {"uv": [0, 1, 1, 7], "texture": "#1"}
			}
		},
		{
			"from": [15, 1, 0],
			"to": [16, 7, 1],
			"rotation": {"angle": 0, "axis": "y", "origin": [23, 9, 8]},
			"faces": {
				"north": {"uv": [0, 9, 1, 15], "texture": "#1", "cullface": "north"},
				"east": {"uv": [15, 9, 16, 15], "texture": "#1", "cullface": "east"},
				"south": {"uv": [15, 9, 16, 15], "texture": "#1"},
				"west": {"uv": [0, 9, 1, 15], "texture": "#1"}
			}
		},
		{
			"from": [15, 9, 15],
			"to": [16, 15, 16],
			"rotation": {"angle": 0, "axis": "y", "origin": [23, 17, 23]},
			"faces": {
				"north": {"uv": [0, 1, 1, 7], "texture": "#1"},
				"east": {"uv": [0, 1, 1, 7], "texture": "#1", "cullface": "east"},
				"south": {"uv": [15, 1, 16, 7], "texture": "#1", "cullface": "south"},
				"west": {"uv": [15, 1, 16, 7], "texture": "#1"}
			}
		},
		{
			"from": [15, 1, 15],
			"to": [16, 7, 16],
			"rotation": {"angle": 0, "axis": "y", "origin": [23, 9, 23]},
			"faces": {
				"north": {"uv": [0, 9, 1, 15], "texture": "#1"},
				"east": {"uv": [0, 9, 1, 15], "texture": "#1", "cullface": "east"},
				"south": {"uv": [15, 9, 16, 15], "texture": "#1", "cullface": "south"},
				"west": {"uv": [15, 9, 16, 15], "texture": "#1"}
			}
		},
		{
			"from": [0, 0, 0],
			"to": [16, 1, 16],
			"faces": {
				"north": {"uv": [0, 15, 16, 16], "texture": "#0", "cullface": "north"},
				"east": {"uv": [0, 15, 16, 16], "texture": "#0", "cullface": "east"},
				"south": {"uv": [0, 15, 16, 16], "texture": "#0", "cullface": "south"},
				"west": {"uv": [0, 15, 16, 16], "texture": "#0", "cullface": "west"},
				"up": {"uv": [10, 1, 11, 2], "texture": "#0"},
				"down": {"uv": [0, 0, 16, 16], "texture": "#1", "cullface": "down"}
			}
		},
		{
			"from": [0, 7, 0],
			"to": [16, 8, 16],
			"rotation": {"angle": 0, "axis": "y", "origin": [8, 15, 8]},
			"faces": {
				"north": {"uv": [0, 8, 16, 9], "texture": "#0", "cullface": "north"},
				"east": {"uv": [0, 8, 16, 9], "texture": "#0", "cullface": "east"},
				"south": {"uv": [0, 8, 16, 9], "texture": "#0", "cullface": "south"},
				"west": {"uv": [0, 8, 16, 9], "texture": "#0", "cullface": "west"},
				"down": {"uv": [11, 1, 12, 2], "texture": "#0"}
			}
		},
		{
			"from": [0, 8, 0],
			"to": [16, 9, 16],
			"rotation": {"angle": 0, "axis": "y", "origin": [8, 16, 8]},
			"faces": {
				"north": {"uv": [0, 7, 16, 8], "texture": "#0", "cullface": "north"},
				"east": {"uv": [0, 7, 16, 8], "texture": "#0", "cullface": "east"},
				"south": {"uv": [0, 7, 16, 8], "texture": "#0", "cullface": "south"},
				"west": {"uv": [0, 7, 16, 8], "texture": "#0", "cullface": "west"},
				"up": {"uv": [10, 1, 11, 2], "texture": "#0"}
			}
		},
		{
			"from": [0, 15, 0],
			"to": [16, 16, 16],
			"rotation": {"angle": 0, "axis": "y", "origin": [8, 23, 8]},
			"faces": {
				"north": {"uv": [0, 0, 16, 1], "texture": "#0", "cullface": "north"},
				"east": {"uv": [0, 0, 16, 1], "texture": "#0", "cullface": "east"},
				"south": {"uv": [0, 0, 16, 1], "texture": "#0", "cullface": "south"},
				"west": {"uv": [0, 0, 16, 1], "texture": "#0", "cullface": "west"},
				"up": {"uv": [0, 0, 16, 16], "texture": "#1", "cullface": "up"},
				"down": {"uv": [11, 1, 12, 2], "texture": "#0"}
			}
		},
		{
			"from": [1, 1, 1],
			"to": [2, 5, 3],
			"rotation": {"angle": 0, "axis": "y", "origin": [9, 9, 8]},
			"faces": {
				"north": {"uv": [13, 11, 14, 15], "texture": "#0"},
				"east": {"uv": [13, 11, 14, 15], "texture": "#0"},
				"south": {"uv": [13, 11, 15, 15], "texture": "#0"},
				"west": {"uv": [13, 11, 15, 15], "texture": "#0"},
				"up": {"uv": [13, 13, 14, 15], "texture": "#0"}
			}
		},
		{
			"from": [12.99342, 1, 1.47368],
			"to": [14.99342, 5, 3.47368],
			"rotation": {"angle": 0, "axis": "y", "origin": [7.94737, 7.39474, 2.42105]},
			"faces": {
				"north": {"uv": [13, 11, 15, 15], "texture": "#0"},
				"east": {"uv": [13, 11, 15, 15], "texture": "#0"},
				"south": {"uv": [13, 11, 14, 15], "texture": "#0"},
				"west": {"uv": [13, 11, 15, 15], "texture": "#0"},
				"up": {"uv": [13, 11, 15, 12], "rotation": 90, "texture": "#0"}
			}
		},
		{
			"from": [3, 1, 2],
			"to": [5, 6, 4],
			"rotation": {"angle": 0, "axis": "y", "origin": [11, 9, 9]},
			"faces": {
				"north": {"uv": [11, 10, 13, 15], "texture": "#0"},
				"east": {"uv": [11, 10, 12, 15], "texture": "#0"},
				"south": {"uv": [11, 10, 13, 15], "texture": "#0"},
				"west": {"uv": [12, 10, 13, 15], "texture": "#0"},
				"up": {"uv": [11, 10, 13, 14], "texture": "#0"}
			}
		},
		{
			"from": [5, 1, 1],
			"to": [6, 4, 3],
			"rotation": {"angle": 0, "axis": "y", "origin": [13, 9, 8]},
			"faces": {
				"north": {"uv": [10, 12, 11, 15], "texture": "#0"},
				"south": {"uv": [10, 12, 11, 15], "texture": "#0"},
				"west": {"uv": [10, 12, 11, 15], "texture": "#0"},
				"up": {"uv": [10, 12, 11, 13], "texture": "#0"}
			}
		},
		{
			"from": [6, 1, 1],
			"to": [7, 5, 3],
			"rotation": {"angle": 0, "axis": "y", "origin": [14, 10, 8]},
			"faces": {
				"north": {"uv": [9, 11, 10, 15], "texture": "#0"},
				"south": {"uv": [9, 11, 10, 15], "texture": "#0"},
				"west": {"uv": [9, 11, 10, 15], "texture": "#0"},
				"up": {"uv": [9, 11, 10, 12], "texture": "#0"}
			}
		},
		{
			"from": [7, 1, 1],
			"to": [8, 6, 3],
			"rotation": {"angle": 0, "axis": "y", "origin": [15, 11, 8]},
			"faces": {
				"north": {"uv": [8, 10, 9, 15], "texture": "#0"},
				"east": {"uv": [8, 10, 9, 15], "texture": "#0"},
				"south": {"uv": [8, 10, 9, 15], "texture": "#0"},
				"west": {"uv": [8, 10, 9, 15], "texture": "#0"},
				"up": {"uv": [8, 10, 9, 12], "texture": "#0"}
			}
		},
		{
			"from": [8, 1, 2],
			"to": [10, 7, 4],
			"rotation": {"angle": 0, "axis": "y", "origin": [16, 9, 9]},
			"faces": {
				"north": {"uv": [6, 9, 8, 15], "texture": "#0"},
				"east": {"uv": [6, 9, 7, 15], "texture": "#0"},
				"south": {"uv": [6, 9, 8, 15], "texture": "#0"},
				"west": {"uv": [7, 9, 8, 15], "texture": "#0"}
			}
		},
		{
			"from": [10, 1, 1],
			"to": [12, 6, 3],
			"rotation": {"angle": 0, "axis": "y", "origin": [18, 9, 8]},
			"faces": {
				"north": {"uv": [4, 10, 6, 15], "texture": "#0"},
				"east": {"uv": [4, 10, 5, 15], "texture": "#0"},
				"south": {"uv": [4, 10, 6, 15], "texture": "#0"},
				"west": {"uv": [5, 10, 6, 15], "texture": "#0"},
				"up": {"uv": [4, 10, 6, 14], "texture": "#0"}
			}
		},
		{
			"from": [12, 1, 1],
			"to": [13, 5, 3],
			"rotation": {"angle": 0, "axis": "y", "origin": [20, 9, 8]},
			"faces": {
				"north": {"uv": [3, 11, 4, 15], "texture": "#0"},
				"east": {"uv": [3, 11, 4, 15], "texture": "#0"},
				"south": {"uv": [3, 11, 4, 15], "texture": "#0"},
				"up": {"uv": [3, 11, 4, 14], "texture": "#0"}
			}
		},
		{
			"from": [1, 9, 2],
			"to": [2, 13, 4],
			"rotation": {"angle": 0, "axis": "y", "origin": [9, 17, 9]},
			"faces": {
				"north": {"uv": [14, 3, 15, 7], "texture": "#0"},
				"west": {"uv": [14, 3, 15, 7], "texture": "#0"},
				"up": {"uv": [14, 3, 15, 6], "texture": "#0"}
			}
		},
		{
			"from": [2, 9, 1],
			"to": [4, 15, 3],
			"rotation": {"angle": 0, "axis": "y", "origin": [10, 17, 8]},
			"faces": {
				"north": {"uv": [12, 1, 14, 7], "texture": "#0"},
				"east": {"uv": [12, 1, 13, 7], "texture": "#0"},
				"south": {"uv": [12, 1, 14, 7], "texture": "#0"},
				"west": {"uv": [13, 1, 14, 7], "texture": "#0"}
			}
		},
		{
			"from": [11.99342, 1, 3.47368],
			"to": [13.99342, 6, 5.47368],
			"rotation": {"angle": 0, "axis": "y", "origin": [7.94737, 7.39474, 2.42105]},
			"faces": {
				"north": {"uv": [12, 10, 13, 15], "texture": "#0"},
				"east": {"uv": [11, 10, 13, 15], "texture": "#0"},
				"south": {"uv": [11, 10, 12, 15], "texture": "#0"},
				"west": {"uv": [11, 10, 13, 15], "texture": "#0"},
				"up": {"uv": [11, 10, 13, 14], "rotation": 90, "texture": "#0"}
			}
		},
		{
			"from": [12.99342, 1, 5.47368],
			"to": [14.99342, 4, 6.47368],
			"rotation": {"angle": 0, "axis": "y", "origin": [7.94737, 7.39474, 2.42105]},
			"faces": {
				"north": {"uv": [10, 12, 11, 15], "texture": "#0"},
				"east": {"uv": [10, 12, 11, 15], "texture": "#0"},
				"west": {"uv": [10, 12, 11, 15], "texture": "#0"},
				"up": {"uv": [10, 12, 11, 13], "rotation": 90, "texture": "#0"}
			}
		},
		{
			"from": [12.99342, 1, 6.47368],
			"to": [14.99342, 5, 7.47368],
			"rotation": {"angle": 0, "axis": "y", "origin": [7.94737, 7.39474, 2.42105]},
			"faces": {
				"north": {"uv": [9, 11, 10, 15], "texture": "#0"},
				"east": {"uv": [9, 11, 10, 15], "texture": "#0"},
				"west": {"uv": [9, 11, 10, 15], "texture": "#0"},
				"up": {"uv": [9, 11, 10, 12], "rotation": 90, "texture": "#0"}
			}
		},
		{
			"from": [12.99342, 1, 7.47368],
			"to": [14.99342, 6, 8.47368],
			"rotation": {"angle": 0, "axis": "y", "origin": [7.94737, 7.39474, 2.42105]},
			"faces": {
				"north": {"uv": [8, 10, 9, 15], "texture": "#0"},
				"east": {"uv": [8, 10, 9, 15], "texture": "#0"},
				"south": {"uv": [8, 10, 9, 15], "texture": "#0"},
				"west": {"uv": [8, 10, 9, 15], "texture": "#0"},
				"up": {"uv": [8, 10, 9, 12], "rotation": 90, "texture": "#0"}
			}
		},
		{
			"from": [11.99342, 1, 8.47368],
			"to": [13.99342, 7, 10.47368],
			"rotation": {"angle": 0, "axis": "y", "origin": [7.94737, 7.39474, 2.42105]},
			"faces": {
				"north": {"uv": [7, 9, 8, 15], "texture": "#0"},
				"east": {"uv": [6, 9, 8, 15], "texture": "#0"},
				"south": {"uv": [6, 9, 7, 15], "texture": "#0"},
				"west": {"uv": [6, 9, 8, 15], "texture": "#0"}
			}
		},
		{
			"from": [13.54342, 1, 10.47368],
			"to": [14.99342, 6, 12.47368],
			"rotation": {"angle": 0, "axis": "y", "origin": [7.94737, 7.39474, 2.42105]},
			"faces": {
				"north": {"uv": [5, 10, 6, 15], "texture": "#0"},
				"east": {"uv": [4, 10, 6, 15], "texture": "#0"},
				"south": {"uv": [4, 10, 5, 15], "texture": "#0"},
				"west": {"uv": [4, 10, 6, 15], "texture": "#0"},
				"up": {"uv": [4, 10, 6, 14], "rotation": 90, "texture": "#0"}
			}
		},
		{
			"from": [12.99342, 1, 12.47368],
			"to": [14.99342, 5, 13.47368],
			"rotation": {"angle": 0, "axis": "y", "origin": [7.94737, 7.39474, 2.42105]},
			"faces": {
				"east": {"uv": [3, 11, 4, 15], "texture": "#0"},
				"south": {"uv": [3, 11, 4, 15], "texture": "#0"},
				"up": {"uv": [3, 11, 4, 14], "rotation": 90, "texture": "#0"}
			}
		},
		{
			"from": [11.99342, 9, 10.47368],
			"to": [13.99342, 14, 12.47368],
			"rotation": {"angle": 0, "axis": "y", "origin": [7.94737, 7.39474, 2.42105]},
			"faces": {
				"north": {"uv": [5, 2, 6, 7], "texture": "#0"},
				"east": {"uv": [4, 2, 6, 7], "texture": "#0"},
				"south": {"uv": [4, 2, 5, 7], "texture": "#0"},
				"west": {"uv": [4, 2, 6, 7], "texture": "#0"},
				"up": {"uv": [4, 2, 6, 3], "rotation": 90, "texture": "#0"}
			}
		},
		{
			"from": [11.99342, 9, 9.47368],
			"to": [13.99342, 12, 10.47368],
			"rotation": {"angle": 0, "axis": "y", "origin": [7.94737, 7.39474, 2.42105]},
			"faces": {
				"north": {"uv": [6, 4, 7, 7], "texture": "#0"},
				"east": {"uv": [6, 4, 7, 7], "texture": "#0"},
				"west": {"uv": [6, 4, 7, 7], "texture": "#0"},
				"up": {"uv": [6, 4, 7, 7], "rotation": 90, "texture": "#0"}
			}
		},
		{
			"from": [12.99342, 9, 8.47368],
			"to": [14.99342, 11, 9.47368],
			"rotation": {"angle": 0, "axis": "y", "origin": [7.94737, 7.39474, 2.42105]},
			"faces": {
				"north": {"uv": [7, 5, 8, 7], "texture": "#0"},
				"east": {"uv": [7, 5, 8, 7], "texture": "#0"},
				"south": {"uv": [7, 5, 8, 7], "texture": "#0"},
				"west": {"uv": [7, 5, 8, 7], "texture": "#0"},
				"up": {"uv": [7, 5, 8, 7], "rotation": 90, "texture": "#0"}
			}
		},
		{
			"from": [12.99342, 10, 7.47368],
			"to": [14.99342, 13, 8.47368],
			"rotation": {"angle": 0, "axis": "y", "origin": [7.94737, 7.39474, 2.42105]},
			"faces": {
				"east": {"uv": [8, 3, 9, 6], "texture": "#0"},
				"south": {"uv": [8, 3, 9, 6], "texture": "#0"},
				"west": {"uv": [8, 3, 9, 6], "texture": "#0"},
				"up": {"uv": [8, 3, 9, 6], "rotation": 90, "texture": "#0"}
			}
		},
		{
			"from": [12.99342, 9, 5.47368],
			"to": [14.99342, 14, 7.47368],
			"rotation": {"angle": 0, "axis": "y", "origin": [7.94737, 7.39474, 2.42105]},
			"faces": {
				"north": {"uv": [10, 2, 11, 7], "texture": "#0"},
				"east": {"uv": [9, 2, 11, 7], "texture": "#0"},
				"south": {"uv": [9, 2, 10, 7], "texture": "#0"},
				"west": {"uv": [9, 2, 11, 7], "texture": "#0"},
				"up": {"uv": [9, 2, 11, 3], "rotation": 90, "texture": "#0"}
			}
		},
		{
			"from": [11.99342, 9, 4.47368],
			"to": [13.99342, 13, 5.47368],
			"rotation": {"angle": 0, "axis": "y", "origin": [7.94737, 7.39474, 2.42105]},
			"faces": {
				"north": {"uv": [11, 3, 12, 7], "texture": "#0"},
				"east": {"uv": [11, 3, 12, 7], "texture": "#0"},
				"south": {"uv": [11, 3, 12, 7], "texture": "#0"},
				"west": {"uv": [11, 3, 12, 7], "texture": "#0"},
				"up": {"uv": [11, 3, 12, 5], "rotation": 90, "texture": "#0"}
			}
		},
		{
			"from": [12.99342, 9, 2.47368],
			"to": [14.99342, 15, 4.47368],
			"rotation": {"angle": 0, "axis": "y", "origin": [7.94737, 7.39474, 2.42105]},
			"faces": {
				"north": {"uv": [13, 1, 14, 7], "texture": "#0"},
				"east": {"uv": [12, 1, 14, 7], "texture": "#0"},
				"south": {"uv": [12, 1, 13, 7], "texture": "#0"},
				"west": {"uv": [12, 1, 14, 7], "texture": "#0"}
			}
		},
		{
			"from": [11.25813, 1, 11.98692],
			"to": [13.25813, 6, 13.98692],
			"rotation": {"angle": 0, "axis": "y", "origin": [13.58166, 7.44118, 9.15015]},
			"faces": {
				"north": {"uv": [11, 10, 13, 15], "texture": "#0"},
				"east": {"uv": [12, 10, 13, 15], "texture": "#0"},
				"south": {"uv": [11, 10, 13, 15], "texture": "#0"},
				"west": {"uv": [11, 10, 12, 15], "texture": "#0"},
				"up": {"uv": [11, 10, 13, 14], "rotation": 180, "texture": "#0"}
			}
		},
		{
			"from": [10.25813, 1, 12.98692],
			"to": [11.25813, 4, 14.98692],
			"rotation": {"angle": 0, "axis": "y", "origin": [13.58166, 7.44118, 9.15015]},
			"faces": {
				"north": {"uv": [10, 12, 11, 15], "texture": "#0"},
				"east": {"uv": [10, 12, 11, 15], "texture": "#0"},
				"south": {"uv": [10, 12, 11, 15], "texture": "#0"},
				"up": {"uv": [10, 12, 11, 13], "rotation": 180, "texture": "#0"}
			}
		},
		{
			"from": [9.25813, 1, 12.98692],
			"to": [10.25813, 5, 14.98692],
			"rotation": {"angle": 0, "axis": "y", "origin": [13.58166, 7.44118, 9.15015]},
			"faces": {
				"north": {"uv": [9, 11, 10, 15], "texture": "#0"},
				"east": {"uv": [9, 11, 10, 15], "texture": "#0"},
				"south": {"uv": [9, 11, 10, 15], "texture": "#0"},
				"up": {"uv": [9, 11, 10, 12], "rotation": 180, "texture": "#0"}
			}
		},
		{
			"from": [8.25813, 1, 12.98692],
			"to": [9.25813, 6, 14.98692],
			"rotation": {"angle": 0, "axis": "y", "origin": [13.58166, 7.44118, 9.15015]},
			"faces": {
				"north": {"uv": [8, 10, 9, 15], "texture": "#0"},
				"east": {"uv": [8, 10, 9, 15], "texture": "#0"},
				"south": {"uv": [8, 10, 9, 15], "texture": "#0"},
				"west": {"uv": [8, 10, 9, 15], "texture": "#0"},
				"up": {"uv": [8, 10, 9, 12], "rotation": 180, "texture": "#0"}
			}
		},
		{
			"from": [6.25813, 1, 11.98692],
			"to": [8.25813, 7, 13.98692],
			"rotation": {"angle": 0, "axis": "y", "origin": [13.58166, 7.44118, 9.15015]},
			"faces": {
				"north": {"uv": [6, 9, 8, 15], "texture": "#0"},
				"east": {"uv": [7, 9, 8, 15], "texture": "#0"},
				"south": {"uv": [6, 9, 8, 15], "texture": "#0"},
				"west": {"uv": [6, 9, 7, 15], "texture": "#0"}
			}
		},
		{
			"from": [4.25813, 1, 12.98692],
			"to": [6.25813, 6, 14.98692],
			"rotation": {"angle": 0, "axis": "y", "origin": [13.58166, 7.44118, 9.15015]},
			"faces": {
				"north": {"uv": [4, 10, 6, 15], "texture": "#0"},
				"east": {"uv": [5, 10, 6, 15], "texture": "#0"},
				"south": {"uv": [4, 10, 6, 15], "texture": "#0"},
				"west": {"uv": [4, 10, 5, 15], "texture": "#0"},
				"up": {"uv": [4, 10, 6, 14], "rotation": 180, "texture": "#0"}
			}
		},
		{
			"from": [3.25813, 1, 12.98692],
			"to": [4.25813, 5, 14.98692],
			"rotation": {"angle": 0, "axis": "y", "origin": [13.58166, 7.44118, 9.15015]},
			"faces": {
				"north": {"uv": [3, 11, 4, 15], "texture": "#0"},
				"south": {"uv": [3, 11, 4, 15], "texture": "#0"},
				"west": {"uv": [3, 11, 4, 15], "texture": "#0"},
				"up": {"uv": [3, 11, 4, 14], "rotation": 180, "texture": "#0"}
			}
		},
		{
			"from": [1.25813, 1, 11.98692],
			"to": [3.25813, 6, 13.98692],
			"rotation": {"angle": 0, "axis": "y", "origin": [13.58166, 7.44118, 9.15015]},
			"faces": {
				"north": {"uv": [1, 10, 3, 15], "texture": "#0"},
				"east": {"uv": [2, 10, 3, 15], "texture": "#0"},
				"south": {"uv": [1, 10, 3, 15], "texture": "#0"},
				"west": {"uv": [1, 10, 3, 15], "texture": "#0"},
				"up": {"uv": [1, 10, 3, 11], "rotation": 180, "texture": "#0"}
			}
		},
		{
			"from": [1.25813, 9, 11.98692],
			"to": [2.25813, 13, 13.98692],
			"rotation": {"angle": 0, "axis": "y", "origin": [13.58166, 7.44118, 9.15015]},
			"faces": {
				"west": {"uv": [1, 3, 2, 7], "texture": "#0"},
				"up": {"uv": [1, 3, 2, 7], "rotation": 180, "texture": "#0"}
			}
		},
		{
			"from": [2.25813, 9, 12.98692],
			"to": [4.25813, 13, 14.98692],
			"rotation": {"angle": 0, "axis": "y", "origin": [13.58166, 7.44118, 9.15015]},
			"faces": {
				"north": {"uv": [2, 3, 4, 7], "texture": "#0"},
				"east": {"uv": [3, 3, 4, 7], "texture": "#0"},
				"south": {"uv": [2, 3, 4, 7], "texture": "#0"},
				"up": {"uv": [2, 3, 4, 5], "rotation": 180, "texture": "#0"}
			}
		},
		{
			"from": [4.25813, 9, 11.98692],
			"to": [6.25813, 14, 13.98692],
			"rotation": {"angle": 0, "axis": "y", "origin": [13.58166, 7.44118, 9.15015]},
			"faces": {
				"north": {"uv": [4, 2, 6, 7], "texture": "#0"},
				"east": {"uv": [5, 2, 6, 7], "texture": "#0"},
				"south": {"uv": [4, 2, 6, 7], "texture": "#0"},
				"west": {"uv": [4, 2, 5, 7], "texture": "#0"},
				"up": {"uv": [4, 2, 6, 3], "rotation": 180, "texture": "#0"}
			}
		},
		{
			"from": [6.25813, 9, 11.98692],
			"to": [7.25813, 12, 13.98692],
			"rotation": {"angle": 0, "axis": "y", "origin": [13.58166, 7.44118, 9.15015]},
			"faces": {
				"north": {"uv": [6, 4, 7, 7], "texture": "#0"},
				"east": {"uv": [6, 4, 7, 7], "texture": "#0"},
				"south": {"uv": [6, 4, 7, 7], "texture": "#0"},
				"up": {"uv": [6, 4, 7, 7], "rotation": 180, "texture": "#0"}
			}
		},
		{
			"from": [7.25813, 9, 12.98692],
			"to": [8.25813, 11, 14.98692],
			"rotation": {"angle": 0, "axis": "y", "origin": [13.58166, 7.44118, 9.15015]},
			"faces": {
				"north": {"uv": [7, 5, 8, 7], "texture": "#0"},
				"east": {"uv": [7, 5, 8, 7], "texture": "#0"},
				"south": {"uv": [7, 5, 8, 7], "texture": "#0"},
				"west": {"uv": [7, 5, 8, 7], "texture": "#0"},
				"up": {"uv": [7, 5, 8, 7], "rotation": 180, "texture": "#0"}
			}
		},
		{
			"from": [8.25813, 10, 12.98692],
			"to": [9.25813, 13, 14.98692],
			"rotation": {"angle": 0, "axis": "y", "origin": [13.58166, 7.44118, 9.15015]},
			"faces": {
				"north": {"uv": [8, 3, 9, 6], "texture": "#0"},
				"south": {"uv": [8, 3, 9, 6], "texture": "#0"},
				"west": {"uv": [8, 3, 9, 6], "texture": "#0"},
				"up": {"uv": [8, 3, 9, 6], "rotation": 180, "texture": "#0"}
			}
		},
		{
			"from": [9.25813, 9, 12.98692],
			"to": [11.25813, 14, 14.98692],
			"rotation": {"angle": 0, "axis": "y", "origin": [13.58166, 7.44118, 9.15015]},
			"faces": {
				"north": {"uv": [9, 2, 11, 7], "texture": "#0"},
				"east": {"uv": [10, 2, 11, 7], "texture": "#0"},
				"south": {"uv": [9, 2, 11, 7], "texture": "#0"},
				"west": {"uv": [9, 2, 10, 7], "texture": "#0"},
				"up": {"uv": [9, 2, 11, 3], "rotation": 180, "texture": "#0"}
			}
		},
		{
			"from": [11.25813, 9, 11.98692],
			"to": [12.25813, 13, 13.98692],
			"rotation": {"angle": 0, "axis": "y", "origin": [13.58166, 7.44118, 9.15015]},
			"faces": {
				"north": {"uv": [11, 3, 12, 7], "texture": "#0"},
				"east": {"uv": [11, 3, 12, 7], "texture": "#0"},
				"south": {"uv": [11, 3, 12, 7], "texture": "#0"},
				"west": {"uv": [11, 3, 12, 7], "texture": "#0"},
				"up": {"uv": [11, 3, 12, 5], "rotation": 180, "texture": "#0"}
			}
		},
		{
			"from": [12.25813, 9, 12.98692],
			"to": [14.25813, 15, 14.98692],
			"rotation": {"angle": 0, "axis": "y", "origin": [13.58166, 7.44118, 9.15015]},
			"faces": {
				"north": {"uv": [12, 1, 14, 7], "texture": "#0"},
				"east": {"uv": [13, 1, 14, 7], "texture": "#0"},
				"south": {"uv": [12, 1, 14, 7], "texture": "#0"},
				"west": {"uv": [12, 1, 13, 7], "texture": "#0"}
			}
		},
		{
			"from": [0.99489, 1, 11.25163],
			"to": [2.99489, 4, 12.25163],
			"rotation": {"angle": 0, "axis": "y", "origin": [7.58166, 7.44118, 13.57515]},
			"faces": {
				"east": {"uv": [10, 12, 11, 15], "texture": "#0"},
				"south": {"uv": [10, 12, 11, 15], "texture": "#0"},
				"west": {"uv": [10, 12, 11, 15], "texture": "#0"},
				"up": {"uv": [10, 12, 11, 13], "rotation": 270, "texture": "#0"}
			}
		},
		{
			"from": [0.99489, 1, 10.25163],
			"to": [2.99489, 5, 11.25163],
			"rotation": {"angle": 0, "axis": "y", "origin": [7.58166, 7.44118, 13.57515]},
			"faces": {
				"east": {"uv": [9, 11, 10, 15], "texture": "#0"},
				"south": {"uv": [9, 11, 10, 15], "texture": "#0"},
				"west": {"uv": [9, 11, 10, 15], "texture": "#0"},
				"up": {"uv": [9, 11, 10, 12], "rotation": 270, "texture": "#0"}
			}
		},
		{
			"from": [0.99489, 1, 9.25163],
			"to": [2.99489, 6, 10.25163],
			"rotation": {"angle": 0, "axis": "y", "origin": [7.58166, 7.44118, 13.57515]},
			"faces": {
				"north": {"uv": [8, 10, 9, 15], "texture": "#0"},
				"east": {"uv": [8, 10, 9, 15], "texture": "#0"},
				"south": {"uv": [8, 10, 9, 15], "texture": "#0"},
				"west": {"uv": [8, 10, 9, 15], "texture": "#0"},
				"up": {"uv": [8, 10, 9, 12], "rotation": 270, "texture": "#0"}
			}
		},
		{
			"from": [1.99489, 1, 7.25163],
			"to": [3.99489, 7, 9.25163],
			"rotation": {"angle": 0, "axis": "y", "origin": [7.58166, 7.44118, 13.57515]},
			"faces": {
				"north": {"uv": [6, 9, 7, 15], "texture": "#0"},
				"east": {"uv": [6, 9, 8, 15], "texture": "#0"},
				"south": {"uv": [7, 9, 8, 15], "texture": "#0"},
				"west": {"uv": [6, 9, 8, 15], "texture": "#0"}
			}
		},
		{
			"from": [0.99489, 1, 5.25163],
			"to": [2.99489, 6, 7.25163],
			"rotation": {"angle": 0, "axis": "y", "origin": [7.58166, 7.44118, 13.57515]},
			"faces": {
				"north": {"uv": [4, 10, 5, 15], "texture": "#0"},
				"east": {"uv": [4, 10, 6, 15], "texture": "#0"},
				"south": {"uv": [5, 10, 6, 15], "texture": "#0"},
				"west": {"uv": [4, 10, 6, 15], "texture": "#0"},
				"up": {"uv": [4, 10, 6, 14], "rotation": 270, "texture": "#0"}
			}
		},
		{
			"from": [0.99489, 1, 4.25163],
			"to": [2.99489, 5, 5.25163],
			"rotation": {"angle": 0, "axis": "y", "origin": [7.58166, 7.44118, 13.57515]},
			"faces": {
				"north": {"uv": [3, 11, 4, 15], "texture": "#0"},
				"east": {"uv": [3, 11, 4, 15], "texture": "#0"},
				"west": {"uv": [3, 11, 4, 15], "texture": "#0"},
				"up": {"uv": [3, 11, 4, 14], "rotation": 270, "texture": "#0"}
			}
		},
		{
			"from": [1.99489, 1, 2.25163],
			"to": [2.99489, 6, 4.25163],
			"rotation": {"angle": 0, "axis": "y", "origin": [7.58166, 7.44118, 13.57515]},
			"faces": {
				"north": {"uv": [1, 10, 3, 15], "texture": "#0"},
				"east": {"uv": [1, 10, 3, 15], "texture": "#0"},
				"south": {"uv": [2, 10, 3, 15], "texture": "#0"},
				"west": {"uv": [1, 10, 3, 15], "texture": "#0"},
				"up": {"uv": [1, 10, 3, 11], "rotation": 270, "texture": "#0"}
			}
		},
		{
			"from": [1.99489, 9, 2.25163],
			"to": [3.99489, 13, 3.25163],
			"rotation": {"angle": 0, "axis": "y", "origin": [7.58166, 7.44118, 13.57515]},
			"faces": {
				"east": {"uv": [1, 3, 2, 7], "texture": "#0"},
				"south": {"uv": [1, 3, 2, 7], "texture": "#0"},
				"up": {"uv": [1, 3, 2, 7], "rotation": 270, "texture": "#0"}
			}
		},
		{
			"from": [0.99489, 9, 4.25163],
			"to": [2.99489, 13, 5.25163],
			"rotation": {"angle": 0, "axis": "y", "origin": [7.58166, 7.44118, 13.57515]},
			"faces": {
				"north": {"uv": [2, 3, 3, 7], "texture": "#0"},
				"east": {"uv": [2, 3, 4, 7], "texture": "#0"},
				"south": {"uv": [3, 3, 4, 7], "texture": "#0"},
				"west": {"uv": [3, 3, 4, 7], "texture": "#0"},
				"up": {"uv": [2, 3, 4, 5], "rotation": 270, "texture": "#0"}
			}
		},
		{
			"from": [1.99489, 9, 5.25163],
			"to": [3.99489, 14, 7.25163],
			"rotation": {"angle": 0, "axis": "y", "origin": [7.58166, 7.44118, 13.57515]},
			"faces": {
				"north": {"uv": [4, 2, 5, 7], "texture": "#0"},
				"east": {"uv": [4, 2, 6, 7], "texture": "#0"},
				"south": {"uv": [5, 2, 6, 7], "texture": "#0"},
				"west": {"uv": [4, 2, 6, 7], "texture": "#0"},
				"up": {"uv": [4, 2, 6, 3], "rotation": 270, "texture": "#0"}
			}
		},
		{
			"from": [1.99489, 9, 7.25163],
			"to": [3.99489, 12, 8.25163],
			"rotation": {"angle": 0, "axis": "y", "origin": [7.58166, 7.44118, 13.57515]},
			"faces": {
				"east": {"uv": [6, 4, 7, 7], "texture": "#0"},
				"south": {"uv": [6, 4, 7, 7], "texture": "#0"},
				"west": {"uv": [6, 4, 7, 7], "texture": "#0"},
				"up": {"uv": [6, 4, 7, 7], "rotation": 270, "texture": "#0"}
			}
		},
		{
			"from": [0.99489, 9, 8.25163],
			"to": [2.99489, 11, 9.25163],
			"rotation": {"angle": 0, "axis": "y", "origin": [7.58166, 7.44118, 13.57515]},
			"faces": {
				"north": {"uv": [7, 5, 8, 7], "texture": "#0"},
				"east": {"uv": [7, 5, 8, 7], "texture": "#0"},
				"south": {"uv": [7, 5, 8, 7], "texture": "#0"},
				"west": {"uv": [7, 5, 8, 7], "texture": "#0"},
				"up": {"uv": [7, 5, 8, 7], "rotation": 270, "texture": "#0"}
			}
		},
		{
			"from": [0.99489, 10, 9.25163],
			"to": [2.99489, 13, 10.25163],
			"rotation": {"angle": 0, "axis": "y", "origin": [7.58166, 7.44118, 13.57515]},
			"faces": {
				"north": {"uv": [8, 3, 9, 6], "texture": "#0"},
				"east": {"uv": [8, 3, 9, 6], "texture": "#0"},
				"west": {"uv": [8, 3, 9, 6], "texture": "#0"},
				"up": {"uv": [8, 3, 9, 6], "rotation": 270, "texture": "#0"}
			}
		},
		{
			"from": [0.99489, 9, 10.25163],
			"to": [2.99489, 14, 12.25163],
			"rotation": {"angle": 0, "axis": "y", "origin": [7.58166, 7.44118, 13.57515]},
			"faces": {
				"north": {"uv": [9, 2, 10, 7], "texture": "#0"},
				"east": {"uv": [9, 2, 11, 7], "texture": "#0"},
				"south": {"uv": [10, 2, 11, 7], "texture": "#0"},
				"west": {"uv": [9, 2, 11, 7], "texture": "#0"},
				"up": {"uv": [9, 2, 11, 3], "rotation": 270, "texture": "#0"}
			}
		},
		{
			"from": [1.99489, 9, 12.25163],
			"to": [3.99489, 13, 13.25163],
			"rotation": {"angle": 0, "axis": "y", "origin": [7.58166, 7.44118, 13.57515]},
			"faces": {
				"north": {"uv": [11, 3, 12, 7], "texture": "#0"},
				"east": {"uv": [11, 3, 12, 7], "texture": "#0"},
				"up": {"uv": [11, 3, 12, 5], "rotation": 270, "texture": "#0"}
			}
		},
		{
			"from": [0.99489, 9, 13.25163],
			"to": [2.99489, 15, 15.25163],
			"rotation": {"angle": 0, "axis": "y", "origin": [7.58166, 7.44118, 13.57515]},
			"faces": {
				"north": {"uv": [12, 1, 13, 7], "texture": "#0"},
				"east": {"uv": [12, 1, 14, 7], "texture": "#0"},
				"south": {"uv": [13, 1, 14, 7], "texture": "#0"},
				"west": {"uv": [12, 1, 14, 7], "texture": "#0"}
			}
		},
		{
			"from": [4, 9, 2],
			"to": [5, 13, 4],
			"rotation": {"angle": 0, "axis": "y", "origin": [12, 17, 9]},
			"faces": {
				"north": {"uv": [11, 3, 12, 7], "texture": "#0"},
				"east": {"uv": [11, 3, 12, 7], "texture": "#0"},
				"south": {"uv": [11, 3, 12, 7], "texture": "#0"},
				"west": {"uv": [11, 3, 12, 7], "texture": "#0"},
				"up": {"uv": [11, 3, 12, 5], "texture": "#0"}
			}
		},
		{
			"from": [5, 9, 1],
			"to": [7, 14, 3],
			"rotation": {"angle": 0, "axis": "y", "origin": [13, 17, 8]},
			"faces": {
				"north": {"uv": [9, 2, 11, 7], "texture": "#0"},
				"east": {"uv": [9, 2, 10, 7], "texture": "#0"},
				"south": {"uv": [9, 2, 11, 7], "texture": "#0"},
				"west": {"uv": [10, 2, 11, 7], "texture": "#0"},
				"up": {"uv": [9, 2, 11, 3], "texture": "#0"}
			}
		},
		{
			"from": [8, 9, 1],
			"to": [9, 11, 3],
			"rotation": {"angle": 0, "axis": "y", "origin": [16, 17, 8]},
			"faces": {
				"north": {"uv": [7, 5, 8, 7], "texture": "#0"},
				"east": {"uv": [7, 5, 8, 7], "texture": "#0"},
				"south": {"uv": [7, 5, 8, 7], "texture": "#0"},
				"west": {"uv": [7, 5, 8, 7], "texture": "#0"},
				"up": {"uv": [7, 5, 8, 7], "texture": "#0"}
			}
		},
		{
			"from": [7, 10, 1],
			"to": [8, 13, 3],
			"rotation": {"angle": 0, "axis": "y", "origin": [15, 19, 8]},
			"faces": {
				"north": {"uv": [8, 3, 9, 6], "texture": "#0"},
				"east": {"uv": [8, 3, 9, 6], "texture": "#0"},
				"south": {"uv": [8, 3, 9, 6], "texture": "#0"},
				"up": {"uv": [8, 3, 9, 6], "texture": "#0"}
			}
		},
		{
			"from": [9, 9, 2],
			"to": [10, 12, 4],
			"rotation": {"angle": 0, "axis": "y", "origin": [17, 17, 9]},
			"faces": {
				"north": {"uv": [6, 4, 7, 7], "texture": "#0"},
				"south": {"uv": [6, 4, 7, 7], "texture": "#0"},
				"west": {"uv": [6, 4, 7, 7], "texture": "#0"},
				"up": {"uv": [6, 4, 7, 7], "texture": "#0"}
			}
		},
		{
			"from": [10, 9, 2],
			"to": [12, 14, 4],
			"rotation": {"angle": 0, "axis": "y", "origin": [18, 17, 9]},
			"faces": {
				"north": {"uv": [4, 2, 6, 7], "texture": "#0"},
				"east": {"uv": [4, 2, 5, 7], "texture": "#0"},
				"south": {"uv": [4, 2, 6, 7], "texture": "#0"},
				"west": {"uv": [5, 2, 6, 7], "texture": "#0"},
				"up": {"uv": [4, 2, 6, 3], "texture": "#0"}
			}
		},
		{
			"from": [12, 9, 1],
			"to": [14, 13, 3],
			"rotation": {"angle": 0, "axis": "y", "origin": [20, 17, 8]},
			"faces": {
				"north": {"uv": [2, 3, 4, 7], "texture": "#0"},
				"east": {"uv": [2, 3, 3, 7], "texture": "#0"},
				"south": {"uv": [2, 3, 4, 7], "texture": "#0"},
				"west": {"uv": [3, 3, 4, 7], "texture": "#0"},
				"up": {"uv": [2, 3, 4, 5], "texture": "#0"}
			}
		},
		{
			"from": [1, 1, 0],
			"to": [15, 15, 0],
			"rotation": {"angle": 0, "axis": "y", "origin": [9, 9, 8]},
			"faces": {
				"east": {"uv": [0, 0, 0, 14], "texture": "#missing"},
				"south": {"uv": [2, 1, 3, 2], "texture": "#0"},
				"west": {"uv": [0, 0, 0, 14], "texture": "#missing"},
				"up": {"uv": [0, 0, 14, 0], "texture": "#missing"},
				"down": {"uv": [0, 0, 14, 0], "texture": "#missing"}
			}
		},
		{
			"from": [0, 1, 1],
			"to": [0, 15, 15],
			"rotation": {"angle": 0, "axis": "y", "origin": [8, 9, 9]},
			"faces": {
				"east": {"uv": [2, 1, 3, 2], "texture": "#0"}
			}
		},
		{
			"from": [1, 1, 16],
			"to": [15, 15, 16],
			"rotation": {"angle": 0, "axis": "y", "origin": [9, 9, 24]},
			"faces": {
				"north": {"uv": [2, 1, 3, 2], "texture": "#0"},
				"east": {"uv": [0, 0, 0, 14], "texture": "#missing"},
				"west": {"uv": [0, 0, 0, 14], "texture": "#missing"},
				"up": {"uv": [0, 0, 14, 0], "texture": "#missing"},
				"down": {"uv": [0, 0, 14, 0], "texture": "#missing"}
			}
		},
		{
			"from": [16, 1, 1],
			"to": [16, 15, 15],
			"rotation": {"angle": 0, "axis": "y", "origin": [8, 9, 9]},
			"faces": {
				"north": {"uv": [0, 0, 0, 14], "texture": "#missing"},
				"south": {"uv": [0, 0, 0, 14], "texture": "#missing"},
				"west": {"uv": [2, 1, 3, 2], "texture": "#0"},
				"up": {"uv": [0, 0, 0, 14], "texture": "#missing"},
				"down": {"uv": [0, 0, 0, 14], "texture": "#missing"}
			}
		}
	],
	"display": {
		"thirdperson_righthand": {
			"rotation": [75, 45, 0],
			"translation": [0, 2.5, 0],
			"scale": [0.375, 0.375, 0.375]
		},
		"thirdperson_lefthand": {
			"rotation": [75, 45, 0],
			"translation": [0, 2.5, 0],
			"scale": [0.375, 0.375, 0.375]
		},
		"firstperson_righthand": {
			"rotation": [0, 45, 0],
			"scale": [0.4, 0.4, 0.4]
		},
		"firstperson_lefthand": {
			"rotation": [0, 225, 0],
			"scale": [0.4, 0.4, 0.4]
		},
		"ground": {
			"translation": [0, 3, 0],
			"scale": [0.25, 0.25, 0.25]
		},
		"gui": {
			"rotation": [30, 225, 0],
			"scale": [0.625, 0.625, 0.625]
		},
		"fixed": {
			"scale": [0.5, 0.5, 0.5]
		}
	},
	"groups": [
		{
			"name": "bordas",
			"origin": [8, 8, 23],
			"children": [0, 1, 2, 3, 4, 5, 6, 7]
		},
		{
			"name": "prateleiras",
			"origin": [8, 8, 8],
			"children": [8, 9, 10, 11]
		},
		{
			"name": "livros de baixo",
			"origin": [8, 8, 8],
			"children": [12, 13, 14, 15, 16, 17, 18, 19, 20]
		},
		{
			"name": "livros de cima",
			"origin": [8, 8, 8],
			"children": [21, 22,
				{
					"name": "2",
					"origin": [7.94737, 7.39474, 2.42105],
					"children": [23, 24, 25, 26, 27, 28, 29, 30, 31, 32, 33, 34, 35, 36]
				},
				{
					"name": "3",
					"origin": [7.94737, 7.39474, 2.42105],
					"children": [37, 38, 39, 40, 41, 42, 43, 44, 45, 46, 47, 48, 49, 50, 51, 52, 53]
				},
				{
					"name": "4",
					"origin": [7.94737, 7.39474, 2.42105],
					"children": [54, 55, 56, 57, 58, 59, 60, 61, 62, 63, 64, 65, 66, 67, 68, 69, 70, 71, 72, 73, 74, 75, 76]
				}
			]
		},
		{
			"name": "1",
			"origin": [8, 8, 8],
			"children": [77, 78, 79, 80]
		}
	]
}