{
	"credit": "Made with Blockbench",
	"textures": {
		"0": "block/bricks",
		"particle": "block/bricks"
	},
	"elements": [
		{
			"from": [0, 0, 0],
			"to": [16, 16, 16],
			"faces": {
				"north": {"uv": [0, 0, 16, 16], "texture": "#0", "cullface": "north"},
				"east": {"uv": [0, 0, 16, 16], "texture": "#0", "cullface": "east"},
				"south": {"uv": [0, 0, 16, 16], "texture": "#0", "cullface": "south"},
				"west": {"uv": [0, 0, 16, 16], "texture": "#0", "cullface": "west"},
				"up": {"uv": [0, 0, 16, 16], "texture": "#0", "cullface": "up"},
				"down": {"uv": [0, 0, 16, 16], "texture": "#0", "cullface": "down"}
			}
		},
		{
			"from": [1, 1, -0.2],
			"to": [8, 4, 0],
			"rotation": {"angle": 0, "axis": "y", "origin": [9, 9, 7]},
			"faces": {
				"north": {"uv": [8, 12, 15, 15], "texture": "#0", "cullface": "north"},
				"east": {"uv": [0, 0, 1, 3], "texture": "#0", "cullface": "north"},
				"west": {"uv": [0, 0, 1, 3], "texture": "#0", "cullface": "north"},
				"up": {"uv": [8, 12, 15, 13], "texture": "#0", "cullface": "north"},
				"down": {"uv": [4, 0, 8, 1], "texture": "#0", "cullface": "north"}
			}
		},
		{
			"from": [5, 5, -0.2],
			"to": [12, 8, 0],
			"rotation": {"angle": 0, "axis": "y", "origin": [13, 13, 7]},
			"faces": {
				"north": {"uv": [4, 8, 11, 11], "texture": "#0", "cullface": "north"},
				"east": {"uv": [0, 0, 1, 3], "texture": "#0", "cullface": "north"},
				"west": {"uv": [0, 0, 1, 3], "texture": "#0", "cullface": "north"},
				"up": {"uv": [4, 8, 11, 9], "texture": "#0", "cullface": "north"},
				"down": {"uv": [4, 0, 8, 1], "texture": "#0", "cullface": "north"}
			}
		},
		{
			"from": [9, 9, -0.2],
			"to": [16, 12, 0],
			"rotation": {"angle": 0, "axis": "y", "origin": [17, 17, 7]},
			"faces": {
				"north": {"uv": [0, 4, 7, 7], "texture": "#0", "cullface": "north"},
				"east": {"uv": [0, 0, 1, 3], "texture": "#0", "cullface": "north"},
				"west": {"uv": [0, 0, 1, 3], "texture": "#0", "cullface": "north"},
				"up": {"uv": [8, 4, 15, 5], "texture": "#0", "cullface": "north"},
				"down": {"uv": [4, 0, 8, 1], "texture": "#0", "cullface": "north"}
			}
		},
		{
			"from": [1, 9, -0.2],
			"to": [8, 12, 0],
			"rotation": {"angle": 0, "axis": "y", "origin": [9, 17, 7]},
			"faces": {
				"north": {"uv": [8, 4, 15, 7], "texture": "#0", "cullface": "north"},
				"east": {"uv": [0, 0, 1, 3], "texture": "#0", "cullface": "north"},
				"west": {"uv": [0, 0, 1, 3], "texture": "#0", "cullface": "north"},
				"up": {"uv": [0, 4, 7, 5], "texture": "#0", "cullface": "north"},
				"down": {"uv": [4, 0, 8, 1], "texture": "#0", "cullface": "north"}
			}
		},
		{
			"from": [5.1, 13, -0.2],
			"to": [12, 16, 0],
			"rotation": {"angle": 0, "axis": "y", "origin": [13, 21, 7]},
			"faces": {
				"north": {"uv": [4, 0, 11, 3], "texture": "#0", "cullface": "north"},
				"east": {"uv": [0, 0, 1, 3], "texture": "#0", "cullface": "north"},
				"west": {"uv": [0, 0, 1, 3], "texture": "#0", "cullface": "north"},
				"up": {"uv": [4, 0, 11, 1], "texture": "#0", "cullface": "north"},
				"down": {"uv": [4, 0, 8, 1], "texture": "#0", "cullface": "north"}
			}
		},
		{
			"from": [9, 1, -0.2],
			"to": [16, 4, 0],
			"rotation": {"angle": 0, "axis": "y", "origin": [17, 9, 7]},
			"faces": {
				"north": {"uv": [0, 12, 7, 15], "texture": "#0", "cullface": "north"},
				"east": {"uv": [0, 0, 1, 3], "texture": "#0", "cullface": "north"},
				"west": {"uv": [0, 0, 1, 3], "texture": "#0", "cullface": "north"},
				"up": {"uv": [0, 12, 7, 13], "texture": "#0", "cullface": "north"},
				"down": {"uv": [4, 0, 8, 1], "texture": "#0", "cullface": "north"}
			}
		},
		{
			"from": [0, 13, -0.2],
			"to": [4, 16, 0],
			"rotation": {"angle": 0, "axis": "y", "origin": [8, 21, 7]},
			"faces": {
				"north": {"uv": [12, 0, 16, 3], "texture": "#0", "cullface": "north"},
				"east": {"uv": [0, 0, 1, 3], "texture": "#0", "cullface": "north"},
				"west": {"uv": [0, 0, 1, 3], "texture": "#0", "cullface": "west"},
				"up": {"uv": [12, 0, 16, 1], "texture": "#0", "cullface": "north"},
				"down": {"uv": [4, 0, 8, 1], "texture": "#0", "cullface": "north"}
			}
		},
		{
			"from": [0, 5, -0.2],
			"to": [4, 8, 0],
			"rotation": {"angle": 0, "axis": "y", "origin": [8, 13, 7]},
			"faces": {
				"north": {"uv": [12, 8, 16, 11], "texture": "#0", "cullface": "north"},
				"east": {"uv": [0, 0, 1, 3], "texture": "#0", "cullface": "north"},
				"west": {"uv": [0, 0, 1, 3], "texture": "#0", "cullface": "west"},
				"up": {"uv": [12, 8, 16, 9], "texture": "#0", "cullface": "north"},
				"down": {"uv": [4, 0, 8, 1], "texture": "#0", "cullface": "north"}
			}
		},
		{
			"from": [13.1, 13, -0.2],
			"to": [16, 16, 0],
			"rotation": {"angle": 0, "axis": "y", "origin": [20, 21, 7]},
			"faces": {
				"north": {"uv": [0, 0, 3, 3], "texture": "#0", "cullface": "north"},
				"east": {"uv": [0, 0, 1, 3], "texture": "#0", "cullface": "north"},
				"west": {"uv": [0, 0, 1, 3], "texture": "#0", "cullface": "north"},
				"up": {"uv": [0, 0, 3, 1], "texture": "#0", "cullface": "north"},
				"down": {"uv": [4, 0, 8, 1], "texture": "#0", "cullface": "north"}
			}
		},
		{
			"from": [13, 5, -0.2],
			"to": [16, 8, 0],
			"rotation": {"angle": 0, "axis": "y", "origin": [20, 13, 7]},
			"faces": {
				"north": {"uv": [0, 8, 3, 11], "texture": "#0", "cullface": "north"},
				"east": {"uv": [0, 0, 1, 3], "texture": "#0", "cullface": "north"},
				"west": {"uv": [0, 0, 1, 3], "texture": "#0", "cullface": "north"},
				"up": {"uv": [0, 8, 3, 9], "texture": "#0", "cullface": "north"},
				"down": {"uv": [4, 0, 8, 1], "texture": "#0", "cullface": "north"}
			}
		},
		{
			"from": [15.9, 1, 1.025],
			"to": [16.1, 4, 8.025],
			"rotation": {"angle": 0, "axis": "y", "origin": [16.4, 8.9, 8.425]},
			"faces": {
				"north": {"uv": [0, 0, 1, 3], "texture": "#0", "cullface": "east"},
				"east": {"uv": [8, 12, 15, 15], "texture": "#0", "cullface": "east"},
				"south": {"uv": [0, 0, 1, 3], "texture": "#0", "cullface": "east"},
				"up": {"uv": [0, 0, 3, 1], "rotation": 90, "texture": "#0", "cullface": "east"},
				"down": {"uv": [4, 0, 11, 1], "rotation": 270, "texture": "#0", "cullface": "east"}
			}
		},
		{
			"from": [15.9, 5, 5.025],
			"to": [16.1, 8, 12.025],
			"rotation": {"angle": 0, "axis": "y", "origin": [16.4, 8.9, 8.425]},
			"faces": {
				"north": {"uv": [0, 0, 1, 3], "texture": "#0", "cullface": "east"},
				"east": {"uv": [4, 8, 11, 11], "texture": "#0", "cullface": "east"},
				"south": {"uv": [0, 0, 1, 3], "texture": "#0", "cullface": "east"},
				"up": {"uv": [0, 0, 3, 1], "rotation": 90, "texture": "#0", "cullface": "east"},
				"down": {"uv": [4, 0, 11, 1], "rotation": 270, "texture": "#0", "cullface": "east"}
			}
		},
		{
			"from": [15.9, 9, 9.025],
			"to": [16.1, 12, 16.025],
			"rotation": {"angle": 0, "axis": "y", "origin": [16.4, 8.9, 8.425]},
			"faces": {
				"north": {"uv": [0, 0, 1, 3], "texture": "#0", "cullface": "east"},
				"east": {"uv": [0, 4, 7, 7], "texture": "#0", "cullface": "east"},
				"south": {"uv": [0, 0, 1, 3], "texture": "#0", "cullface": "south"},
				"up": {"uv": [0, 0, 3, 1], "rotation": 90, "texture": "#0"},
				"down": {"uv": [4, 0, 11, 1], "rotation": 270, "texture": "#0"}
			}
		},
		{
			"from": [15.9, 9, 1.025],
			"to": [16.1, 12, 8.025],
			"rotation": {"angle": 0, "axis": "y", "origin": [16.4, 8.9, 8.425]},
			"faces": {
				"north": {"uv": [0, 0, 1, 3], "texture": "#0", "cullface": "east"},
				"east": {"uv": [8, 4, 15, 7], "texture": "#0", "cullface": "east"},
				"south": {"uv": [0, 0, 1, 3], "texture": "#0", "cullface": "east"},
				"up": {"uv": [0, 0, 3, 1], "rotation": 90, "texture": "#0", "cullface": "east"},
				"down": {"uv": [4, 0, 11, 1], "rotation": 270, "texture": "#0", "cullface": "east"}
			}
		},
		{
			"from": [15.9, 13, 5.025],
			"to": [16.1, 16, 12.025],
			"rotation": {"angle": 0, "axis": "y", "origin": [16.4, 8.9, 8.425]},
			"faces": {
				"north": {"uv": [0, 0, 1, 3], "texture": "#0", "cullface": "east"},
				"east": {"uv": [4, 0, 11, 3], "texture": "#0", "cullface": "east"},
				"south": {"uv": [0, 0, 1, 3], "texture": "#0", "cullface": "east"},
				"up": {"uv": [0, 0, 3, 1], "rotation": 90, "texture": "#0", "cullface": "east"},
				"down": {"uv": [4, 0, 11, 1], "rotation": 270, "texture": "#0", "cullface": "east"}
			}
		},
		{
			"from": [15.9, 1, 9.025],
			"to": [16.1, 4, 16.025],
			"rotation": {"angle": 0, "axis": "y", "origin": [16.4, 8.9, 8.425]},
			"faces": {
				"north": {"uv": [0, 0, 1, 3], "texture": "#0", "cullface": "east"},
				"east": {"uv": [0, 12, 7, 15], "texture": "#0", "cullface": "east"},
				"south": {"uv": [0, 0, 1, 3], "texture": "#0", "cullface": "south"},
				"up": {"uv": [0, 0, 3, 1], "rotation": 90, "texture": "#0"},
				"down": {"uv": [4, 0, 11, 1], "rotation": 270, "texture": "#0"}
			}
		},
		{
			"from": [15.9, 13, 0.025],
			"to": [16.1, 16, 4.025],
			"rotation": {"angle": 0, "axis": "y", "origin": [16.4, 8.9, 8.425]},
			"faces": {
				"north": {"uv": [0, 0, 1, 3], "texture": "#0", "cullface": "east"},
				"east": {"uv": [12, 0, 16, 3], "texture": "#0", "cullface": "east"},
				"south": {"uv": [0, 0, 1, 3], "texture": "#0", "cullface": "east"},
				"up": {"uv": [0, 0, 3, 1], "rotation": 90, "texture": "#0", "cullface": "east"},
				"down": {"uv": [4, 0, 11, 1], "rotation": 270, "texture": "#0", "cullface": "east"}
			}
		},
		{
			"from": [15.9, 5, 0.025],
			"to": [16.1, 8, 4.025],
			"rotation": {"angle": 0, "axis": "y", "origin": [16.4, 8.9, 8.425]},
			"faces": {
				"north": {"uv": [0, 0, 1, 3], "texture": "#0", "cullface": "east"},
				"east": {"uv": [12, 8, 16, 11], "texture": "#0", "cullface": "east"},
				"south": {"uv": [0, 0, 1, 3], "texture": "#0", "cullface": "east"},
				"up": {"uv": [0, 0, 3, 1], "rotation": 90, "texture": "#0", "cullface": "east"},
				"down": {"uv": [4, 0, 11, 1], "rotation": 270, "texture": "#0", "cullface": "east"}
			}
		},
		{
			"from": [15.9, 13, 13.025],
			"to": [16.1, 16, 16.025],
			"rotation": {"angle": 0, "axis": "y", "origin": [16.4, 8.9, 8.425]},
			"faces": {
				"north": {"uv": [0, 0, 1, 3], "texture": "#0", "cullface": "east"},
				"east": {"uv": [0, 0, 3, 3], "texture": "#0", "cullface": "east"},
				"south": {"uv": [0, 0, 1, 3], "texture": "#0", "cullface": "south"},
				"up": {"uv": [0, 0, 3, 1], "rotation": 90, "texture": "#0", "cullface": "up"},
				"down": {"uv": [4, 0, 11, 1], "rotation": 270, "texture": "#0"}
			}
		},
		{
			"from": [15.9, 5, 13.025],
			"to": [16.1, 8, 16.025],
			"rotation": {"angle": 0, "axis": "y", "origin": [16.4, 8.9, 8.425]},
			"faces": {
				"north": {"uv": [0, 0, 1, 3], "texture": "#0", "cullface": "east"},
				"east": {"uv": [0, 8, 3, 11], "texture": "#0", "cullface": "east"},
				"south": {"uv": [0, 0, 1, 3], "texture": "#0", "cullface": "south"},
				"up": {"uv": [0, 0, 3, 1], "rotation": 90, "texture": "#0"},
				"down": {"uv": [4, 0, 11, 1], "rotation": 270, "texture": "#0"}
			}
		},
		{
			"from": [7.975, 1, 16],
			"to": [14.975, 4, 16.2],
			"rotation": {"angle": 0, "axis": "y", "origin": [7.575, 8.9, 16.5]},
			"faces": {
				"east": {"uv": [0, 0, 1, 3], "texture": "#0", "cullface": "south"},
				"south": {"uv": [8, 12, 15, 15], "texture": "#0", "cullface": "south"},
				"west": {"uv": [0, 0, 1, 3], "texture": "#0", "cullface": "south"},
				"up": {"uv": [4, 0, 11, 1], "rotation": 180, "texture": "#0", "cullface": "south"},
				"down": {"uv": [4, 0, 11, 1], "rotation": 180, "texture": "#0", "cullface": "south"}
			}
		},
		{
			"from": [3.975, 5, 16],
			"to": [10.975, 8, 16.2],
			"rotation": {"angle": 0, "axis": "y", "origin": [7.575, 8.9, 16.5]},
			"faces": {
				"east": {"uv": [0, 0, 1, 3], "texture": "#0", "cullface": "south"},
				"south": {"uv": [4, 8, 11, 11], "texture": "#0", "cullface": "south"},
				"west": {"uv": [0, 0, 1, 3], "texture": "#0", "cullface": "south"},
				"up": {"uv": [4, 0, 11, 1], "rotation": 180, "texture": "#0", "cullface": "south"},
				"down": {"uv": [4, 0, 11, 1], "rotation": 180, "texture": "#0", "cullface": "south"}
			}
		},
		{
			"from": [-0.025, 9, 16],
			"to": [6.975, 12, 16.2],
			"rotation": {"angle": 0, "axis": "y", "origin": [7.575, 8.9, 16.5]},
			"faces": {
				"east": {"uv": [0, 0, 1, 3], "texture": "#0", "cullface": "south"},
				"south": {"uv": [0, 4, 7, 7], "texture": "#0", "cullface": "south"},
				"west": {"uv": [0, 0, 1, 3], "texture": "#0", "cullface": "west"},
				"up": {"uv": [4, 0, 11, 1], "rotation": 180, "texture": "#0", "cullface": "south"},
				"down": {"uv": [4, 0, 11, 1], "rotation": 180, "texture": "#0", "cullface": "south"}
			}
		},
		{
			"from": [7.975, 9, 16],
			"to": [14.975, 12, 16.2],
			"rotation": {"angle": 0, "axis": "y", "origin": [7.575, 8.9, 16.5]},
			"faces": {
				"east": {"uv": [0, 0, 1, 3], "texture": "#0", "cullface": "south"},
				"south": {"uv": [8, 4, 15, 7], "texture": "#0", "cullface": "south"},
				"west": {"uv": [0, 0, 1, 3], "texture": "#0", "cullface": "south"},
				"up": {"uv": [4, 0, 11, 1], "rotation": 180, "texture": "#0", "cullface": "south"},
				"down": {"uv": [4, 0, 11, 1], "rotation": 180, "texture": "#0", "cullface": "south"}
			}
		},
		{
			"from": [3.975, 13, 16],
			"to": [10.975, 16, 16.2],
			"rotation": {"angle": 0, "axis": "y", "origin": [7.575, 8.9, 16.5]},
			"faces": {
				"east": {"uv": [0, 0, 1, 3], "texture": "#0", "cullface": "south"},
				"south": {"uv": [4, 0, 11, 3], "texture": "#0", "cullface": "south"},
				"west": {"uv": [0, 0, 1, 3], "texture": "#0", "cullface": "south"},
				"up": {"uv": [4, 0, 11, 1], "rotation": 180, "texture": "#0", "cullface": "up"},
				"down": {"uv": [4, 0, 11, 1], "rotation": 180, "texture": "#0", "cullface": "south"}
			}
		},
		{
			"from": [-0.025, 1, 16],
			"to": [6.975, 4, 16.2],
			"rotation": {"angle": 0, "axis": "y", "origin": [7.575, 8.9, 16.5]},
			"faces": {
				"east": {"uv": [0, 0, 1, 3], "texture": "#0", "cullface": "south"},
				"south": {"uv": [0, 12, 7, 15], "texture": "#0", "cullface": "south"},
				"west": {"uv": [0, 0, 1, 3], "texture": "#0", "cullface": "west"},
				"up": {"uv": [4, 0, 11, 1], "rotation": 180, "texture": "#0", "cullface": "south"},
				"down": {"uv": [4, 0, 11, 1], "rotation": 180, "texture": "#0", "cullface": "south"}
			}
		},
		{
			"from": [11.975, 13, 16],
			"to": [15.975, 16, 16.2],
			"rotation": {"angle": 0, "axis": "y", "origin": [7.575, 8.9, 16.5]},
			"faces": {
				"east": {"uv": [0, 0, 1, 3], "texture": "#0", "cullface": "south"},
				"south": {"uv": [12, 0, 16, 3], "texture": "#0", "cullface": "south"},
				"west": {"uv": [0, 0, 1, 3], "texture": "#0", "cullface": "south"},
				"up": {"uv": [4, 0, 11, 1], "rotation": 180, "texture": "#0", "cullface": "up"},
				"down": {"uv": [4, 0, 11, 1], "rotation": 180, "texture": "#0", "cullface": "south"}
			}
		},
		{
			"from": [11.975, 5, 16],
			"to": [15.975, 8, 16.2],
			"rotation": {"angle": 0, "axis": "y", "origin": [7.575, 8.9, 16.5]},
			"faces": {
				"east": {"uv": [0, 0, 1, 3], "texture": "#0", "cullface": "south"},
				"south": {"uv": [12, 8, 16, 11], "texture": "#0", "cullface": "south"},
				"west": {"uv": [0, 0, 1, 3], "texture": "#0", "cullface": "south"},
				"up": {"uv": [4, 0, 11, 1], "rotation": 180, "texture": "#0", "cullface": "south"},
				"down": {"uv": [4, 0, 11, 1], "rotation": 180, "texture": "#0", "cullface": "south"}
			}
		},
		{
			"from": [-0.025, 13, 16],
			"to": [2.975, 16, 16.2],
			"rotation": {"angle": 0, "axis": "y", "origin": [7.575, 8.9, 16.5]},
			"faces": {
				"east": {"uv": [0, 0, 1, 3], "texture": "#0", "cullface": "south"},
				"south": {"uv": [0, 0, 3, 3], "texture": "#0", "cullface": "south"},
				"west": {"uv": [0, 0, 1, 3], "texture": "#0", "cullface": "west"},
				"up": {"uv": [4, 0, 11, 1], "rotation": 180, "texture": "#0", "cullface": "up"},
				"down": {"uv": [4, 0, 11, 1], "rotation": 180, "texture": "#0", "cullface": "south"}
			}
		},
		{
			"from": [-0.025, 5, 16],
			"to": [2.975, 8, 16.2],
			"rotation": {"angle": 0, "axis": "y", "origin": [7.575, 8.9, 16.5]},
			"faces": {
				"east": {"uv": [0, 0, 1, 3], "texture": "#0", "cullface": "south"},
				"south": {"uv": [0, 8, 3, 11], "texture": "#0", "cullface": "south"},
				"west": {"uv": [0, 0, 1, 3], "texture": "#0", "cullface": "west"},
				"up": {"uv": [4, 0, 11, 1], "rotation": 180, "texture": "#0", "cullface": "south"},
				"down": {"uv": [4, 0, 11, 1], "rotation": 180, "texture": "#0", "cullface": "south"}
			}
		},
		{
			"from": [-0.3, 1, 8.025],
			"to": [-0.1, 4, 15.025],
			"rotation": {"angle": 0, "axis": "y", "origin": [-0.6, 8.9, 7.625]},
			"faces": {
				"north": {"uv": [0, 0, 1, 3], "texture": "#0", "cullface": "west"},
				"south": {"uv": [0, 0, 1, 3], "texture": "#0", "cullface": "west"},
				"west": {"uv": [8, 12, 15, 15], "texture": "#0", "cullface": "west"},
				"up": {"uv": [0, 0, 3, 1], "rotation": 270, "texture": "#0", "cullface": "west"},
				"down": {"uv": [4, 0, 11, 1], "rotation": 90, "texture": "#0", "cullface": "west"}
			}
		},
		{
			"from": [-0.3, 5, 4.025],
			"to": [-0.1, 8, 11.025],
			"rotation": {"angle": 0, "axis": "y", "origin": [-0.6, 8.9, 7.625]},
			"faces": {
				"north": {"uv": [0, 0, 1, 3], "texture": "#0", "cullface": "west"},
				"south": {"uv": [0, 0, 1, 3], "texture": "#0", "cullface": "west"},
				"west": {"uv": [4, 8, 11, 11], "texture": "#0", "cullface": "west"},
				"up": {"uv": [0, 0, 3, 1], "rotation": 270, "texture": "#0", "cullface": "west"},
				"down": {"uv": [4, 0, 11, 1], "rotation": 90, "texture": "#0", "cullface": "west"}
			}
		},
		{
			"from": [-0.3, 9, 0.025],
			"to": [-0.1, 12, 7.025],
			"rotation": {"angle": 0, "axis": "y", "origin": [-0.6, 8.9, 7.625]},
			"faces": {
				"north": {"uv": [0, 0, 1, 3], "texture": "#0", "cullface": "west"},
				"south": {"uv": [0, 0, 1, 3], "texture": "#0", "cullface": "west"},
				"west": {"uv": [0, 4, 7, 7], "texture": "#0", "cullface": "west"},
				"up": {"uv": [0, 0, 3, 1], "rotation": 270, "texture": "#0", "cullface": "west"},
				"down": {"uv": [4, 0, 11, 1], "rotation": 90, "texture": "#0", "cullface": "west"}
			}
		},
		{
			"from": [-0.3, 9, 8.025],
			"to": [-0.1, 12, 15.025],
			"rotation": {"angle": 0, "axis": "y", "origin": [-0.6, 8.9, 7.625]},
			"faces": {
				"north": {"uv": [0, 0, 1, 3], "texture": "#0", "cullface": "west"},
				"south": {"uv": [0, 0, 1, 3], "texture": "#0", "cullface": "west"},
				"west": {"uv": [8, 4, 15, 7], "texture": "#0", "cullface": "west"},
				"up": {"uv": [0, 0, 3, 1], "rotation": 270, "texture": "#0", "cullface": "west"},
				"down": {"uv": [4, 0, 11, 1], "rotation": 90, "texture": "#0", "cullface": "west"}
			}
		},
		{
			"from": [-0.3, 13, 4.025],
			"to": [-0.1, 16, 11.025],
			"rotation": {"angle": 0, "axis": "y", "origin": [-0.6, 8.9, 7.625]},
			"faces": {
				"north": {"uv": [0, 0, 1, 3], "texture": "#0", "cullface": "west"},
				"south": {"uv": [0, 0, 1, 3], "texture": "#0", "cullface": "west"},
				"west": {"uv": [4, 0, 11, 3], "texture": "#0", "cullface": "west"},
				"up": {"uv": [0, 0, 3, 1], "rotation": 270, "texture": "#0", "cullface": "west"},
				"down": {"uv": [4, 0, 11, 1], "rotation": 90, "texture": "#0", "cullface": "west"}
			}
		},
		{
			"from": [-0.3, 1, 0.025],
			"to": [-0.1, 4, 7.025],
			"rotation": {"angle": 0, "axis": "y", "origin": [-0.6, 8.9, 7.625]},
			"faces": {
				"north": {"uv": [0, 0, 1, 3], "texture": "#0", "cullface": "west"},
				"south": {"uv": [0, 0, 1, 3], "texture": "#0", "cullface": "west"},
				"west": {"uv": [0, 12, 7, 15], "texture": "#0", "cullface": "west"},
				"up": {"uv": [0, 0, 3, 1], "rotation": 270, "texture": "#0", "cullface": "west"},
				"down": {"uv": [4, 0, 11, 1], "rotation": 90, "texture": "#0", "cullface": "west"}
			}
		},
		{
			"from": [-0.3, 13, 12.025],
			"to": [-0.1, 16, 16.025],
			"rotation": {"angle": 0, "axis": "y", "origin": [-0.6, 8.9, 7.625]},
			"faces": {
				"north": {"uv": [0, 0, 1, 3], "texture": "#0", "cullface": "west"},
				"south": {"uv": [0, 0, 1, 3], "texture": "#0", "cullface": "west"},
				"west": {"uv": [12, 0, 16, 3], "texture": "#0", "cullface": "west"},
				"up": {"uv": [0, 0, 3, 1], "rotation": 270, "texture": "#0", "cullface": "west"},
				"down": {"uv": [4, 0, 11, 1], "rotation": 90, "texture": "#0", "cullface": "west"}
			}
		},
		{
			"from": [-0.3, 5, 12.025],
			"to": [-0.1, 8, 16.025],
			"rotation": {"angle": 0, "axis": "y", "origin": [-0.6, 8.9, 7.625]},
			"faces": {
				"north": {"uv": [0, 0, 1, 3], "texture": "#0", "cullface": "west"},
				"south": {"uv": [0, 0, 1, 3], "texture": "#0", "cullface": "west"},
				"west": {"uv": [12, 8, 16, 11], "texture": "#0", "cullface": "west"},
				"up": {"uv": [0, 0, 3, 1], "rotation": 270, "texture": "#0", "cullface": "west"},
				"down": {"uv": [4, 0, 11, 1], "rotation": 90, "texture": "#0", "cullface": "west"}
			}
		},
		{
			"from": [-0.3, 13, 0.025],
			"to": [-0.1, 16, 3.025],
			"rotation": {"angle": 0, "axis": "y", "origin": [-0.6, 8.9, 7.625]},
			"faces": {
				"north": {"uv": [0, 0, 1, 3], "texture": "#0", "cullface": "west"},
				"south": {"uv": [0, 0, 1, 3], "texture": "#0", "cullface": "west"},
				"west": {"uv": [0, 0, 3, 3], "texture": "#0", "cullface": "west"},
				"up": {"uv": [0, 0, 3, 1], "rotation": 270, "texture": "#0", "cullface": "west"},
				"down": {"uv": [4, 0, 11, 1], "rotation": 90, "texture": "#0", "cullface": "west"}
			}
		},
		{
			"from": [-0.3, 5, 0.025],
			"to": [-0.1, 8, 3.025],
			"rotation": {"angle": 0, "axis": "y", "origin": [-0.6, 8.9, 7.625]},
			"faces": {
				"north": {"uv": [0, 0, 1, 3], "texture": "#0", "cullface": "west"},
				"south": {"uv": [0, 0, 1, 3], "texture": "#0", "cullface": "west"},
				"west": {"uv": [0, 8, 3, 11], "texture": "#0", "cullface": "west"},
				"up": {"uv": [0, 0, 3, 1], "rotation": 270, "texture": "#0", "cullface": "west"},
				"down": {"uv": [4, 0, 11, 1], "rotation": 90, "texture": "#0", "cullface": "west"}
			}
		},
		{
			"from": [8, 16.025, 12],
			"to": [15, 16.225, 15],
			"rotation": {"angle": 0, "axis": "y", "origin": [7.6, 16.525, 7.1]},
			"faces": {
				"north": {"uv": [4, 0, 8, 1], "texture": "#0", "cullface": "up"},
				"east": {"uv": [0, 0, 1, 3], "rotation": 90, "texture": "#0", "cullface": "up"},
				"south": {"uv": [4, 0, 11, 1], "rotation": 180, "texture": "#0", "cullface": "up"},
				"west": {"uv": [0, 0, 1, 3], "rotation": 270, "texture": "#0", "cullface": "up"},
				"up": {"uv": [8, 12, 15, 15], "texture": "#0", "cullface": "up"}
			}
		},
		{
			"from": [8, -0.2, 0.975],
			"to": [15, 0, 3.975],
			"rotation": {"angle": 0, "axis": "y", "origin": [7.6, -0.525, 8.875]},
			"faces": {
				"north": {"uv": [4, 0, 11, 1], "rotation": 180, "texture": "#0", "cullface": "down"},
				"east": {"uv": [0, 4, 1, 7], "rotation": 90, "texture": "#0", "cullface": "down"},
				"south": {"uv": [4, 0, 11, 1], "texture": "#0", "cullface": "down"},
				"west": {"uv": [0, 4, 1, 7], "rotation": 270, "texture": "#0", "cullface": "down"},
				"down": {"uv": [8, 12, 15, 15], "rotation": 180, "texture": "#0", "cullface": "down"}
			}
		},
		{
			"from": [4, 16.025, 8],
			"to": [11, 16.225, 11],
			"rotation": {"angle": 0, "axis": "y", "origin": [7.6, 16.525, 7.1]},
			"faces": {
				"north": {"uv": [4, 0, 8, 1], "texture": "#0", "cullface": "up"},
				"east": {"uv": [0, 0, 1, 3], "rotation": 90, "texture": "#0", "cullface": "up"},
				"south": {"uv": [4, 0, 11, 1], "rotation": 180, "texture": "#0", "cullface": "up"},
				"west": {"uv": [0, 0, 1, 3], "rotation": 270, "texture": "#0", "cullface": "up"},
				"up": {"uv": [4, 8, 11, 11], "texture": "#0", "cullface": "up"}
			}
		},
		{
			"from": [4, -0.2, 4.975],
			"to": [11, 0, 7.975],
			"rotation": {"angle": 0, "axis": "y", "origin": [7.6, -0.525, 8.875]},
			"faces": {
				"north": {"uv": [4, 0, 11, 1], "rotation": 180, "texture": "#0", "cullface": "down"},
				"east": {"uv": [0, 4, 1, 7], "rotation": 90, "texture": "#0", "cullface": "down"},
				"south": {"uv": [4, 0, 11, 1], "texture": "#0", "cullface": "down"},
				"west": {"uv": [0, 4, 1, 7], "rotation": 270, "texture": "#0", "cullface": "down"},
				"down": {"uv": [4, 8, 11, 11], "rotation": 180, "texture": "#0", "cullface": "down"}
			}
		},
		{
			"from": [0, 16.025, 4],
			"to": [7, 16.225, 7],
			"rotation": {"angle": 0, "axis": "y", "origin": [7.6, 16.525, 7.1]},
			"faces": {
				"north": {"uv": [4, 0, 8, 1], "texture": "#0", "cullface": "up"},
				"east": {"uv": [0, 0, 1, 3], "rotation": 90, "texture": "#0", "cullface": "up"},
				"south": {"uv": [4, 0, 11, 1], "rotation": 180, "texture": "#0", "cullface": "up"},
				"west": {"uv": [0, 0, 1, 3], "rotation": 270, "texture": "#0", "cullface": "west"},
				"up": {"uv": [0, 4, 7, 7], "texture": "#0", "cullface": "up"}
			}
		},
		{
			"from": [0, -0.2, 8.975],
			"to": [7, 0, 11.975],
			"rotation": {"angle": 0, "axis": "y", "origin": [7.6, -0.525, 8.875]},
			"faces": {
				"north": {"uv": [4, 0, 11, 1], "rotation": 180, "texture": "#0", "cullface": "down"},
				"east": {"uv": [0, 4, 1, 7], "rotation": 90, "texture": "#0", "cullface": "down"},
				"south": {"uv": [4, 0, 11, 1], "texture": "#0", "cullface": "down"},
				"west": {"uv": [0, 4, 1, 7], "rotation": 270, "texture": "#0", "cullface": "west"},
				"down": {"uv": [0, 4, 7, 7], "rotation": 180, "texture": "#0", "cullface": "down"}
			}
		},
		{
			"from": [8, 16.025, 4],
			"to": [15, 16.225, 7],
			"rotation": {"angle": 0, "axis": "y", "origin": [7.6, 16.525, 7.1]},
			"faces": {
				"north": {"uv": [4, 0, 8, 1], "texture": "#0", "cullface": "up"},
				"east": {"uv": [0, 0, 1, 3], "rotation": 90, "texture": "#0", "cullface": "up"},
				"south": {"uv": [4, 0, 11, 1], "rotation": 180, "texture": "#0", "cullface": "up"},
				"west": {"uv": [0, 0, 1, 3], "rotation": 270, "texture": "#0", "cullface": "up"},
				"up": {"uv": [8, 4, 15, 7], "texture": "#0", "cullface": "up"}
			}
		},
		{
			"from": [8, -0.2, 8.975],
			"to": [15, 0, 11.975],
			"rotation": {"angle": 0, "axis": "y", "origin": [7.6, -0.525, 8.875]},
			"faces": {
				"north": {"uv": [4, 0, 11, 1], "rotation": 180, "texture": "#0", "cullface": "down"},
				"east": {"uv": [0, 4, 1, 7], "rotation": 90, "texture": "#0", "cullface": "down"},
				"south": {"uv": [4, 0, 11, 1], "texture": "#0", "cullface": "down"},
				"west": {"uv": [0, 4, 1, 7], "rotation": 270, "texture": "#0", "cullface": "down"},
				"down": {"uv": [8, 4, 15, 7], "rotation": 180, "texture": "#0", "cullface": "down"}
			}
		},
		{
			"from": [4, 16.025, 0],
			"to": [11, 16.225, 3],
			"rotation": {"angle": 0, "axis": "y", "origin": [7.6, 16.525, 7.1]},
			"faces": {
				"north": {"uv": [4, 0, 8, 1], "texture": "#0", "cullface": "north"},
				"east": {"uv": [0, 0, 1, 3], "rotation": 90, "texture": "#0", "cullface": "up"},
				"south": {"uv": [4, 0, 11, 1], "rotation": 180, "texture": "#0", "cullface": "up"},
				"west": {"uv": [0, 0, 1, 3], "rotation": 270, "texture": "#0", "cullface": "up"},
				"up": {"uv": [4, 0, 11, 3], "texture": "#0", "cullface": "up"}
			}
		},
		{
			"from": [4, -0.2, 12.975],
			"to": [11, 0, 15.975],
			"rotation": {"angle": 0, "axis": "y", "origin": [7.6, -0.525, 8.875]},
			"faces": {
				"north": {"uv": [4, 0, 11, 1], "rotation": 180, "texture": "#0", "cullface": "down"},
				"east": {"uv": [0, 4, 1, 7], "rotation": 90, "texture": "#0", "cullface": "down"},
				"south": {"uv": [4, 0, 11, 1], "texture": "#0", "cullface": "down"},
				"west": {"uv": [0, 4, 1, 7], "rotation": 270, "texture": "#0", "cullface": "down"},
				"down": {"uv": [4, 0, 11, 3], "rotation": 180, "texture": "#0", "cullface": "down"}
			}
		},
		{
			"from": [0, 16.025, 12],
			"to": [7, 16.225, 15],
			"rotation": {"angle": 0, "axis": "y", "origin": [7.6, 16.525, 7.1]},
			"faces": {
				"north": {"uv": [4, 0, 8, 1], "texture": "#0", "cullface": "up"},
				"east": {"uv": [0, 0, 1, 3], "rotation": 90, "texture": "#0", "cullface": "up"},
				"south": {"uv": [4, 0, 11, 1], "rotation": 180, "texture": "#0", "cullface": "up"},
				"west": {"uv": [0, 0, 1, 3], "rotation": 270, "texture": "#0", "cullface": "west"},
				"up": {"uv": [0, 12, 7, 15], "texture": "#0", "cullface": "up"}
			}
		},
		{
			"from": [0, -0.2, 0.975],
			"to": [7, 0, 3.975],
			"rotation": {"angle": 0, "axis": "y", "origin": [7.6, -0.525, 8.875]},
			"faces": {
				"north": {"uv": [4, 0, 11, 1], "rotation": 180, "texture": "#0", "cullface": "down"},
				"east": {"uv": [0, 4, 1, 7], "rotation": 90, "texture": "#0", "cullface": "down"},
				"south": {"uv": [4, 0, 11, 1], "texture": "#0", "cullface": "down"},
				"west": {"uv": [0, 4, 1, 7], "rotation": 270, "texture": "#0", "cullface": "west"},
				"down": {"uv": [0, 12, 7, 15], "rotation": 180, "texture": "#0", "cullface": "down"}
			}
		},
		{
			"from": [12, 16.025, 0],
			"to": [16, 16.225, 3],
			"rotation": {"angle": 0, "axis": "y", "origin": [7.6, 16.525, 7.1]},
			"faces": {
				"north": {"uv": [4, 0, 8, 1], "texture": "#0", "cullface": "north"},
				"east": {"uv": [0, 0, 1, 3], "rotation": 90, "texture": "#0", "cullface": "east"},
				"south": {"uv": [4, 0, 11, 1], "rotation": 180, "texture": "#0", "cullface": "up"},
				"west": {"uv": [0, 0, 1, 3], "rotation": 270, "texture": "#0", "cullface": "up"},
				"up": {"uv": [12, 0, 16, 3], "texture": "#0", "cullface": "up"}
			}
		},
		{
			"from": [12, -0.2, 12.975],
			"to": [16, 0, 15.975],
			"rotation": {"angle": 0, "axis": "y", "origin": [7.6, -0.525, 8.875]},
			"faces": {
				"north": {"uv": [4, 0, 11, 1], "rotation": 180, "texture": "#0", "cullface": "down"},
				"east": {"uv": [0, 4, 1, 7], "rotation": 90, "texture": "#0", "cullface": "down"},
				"south": {"uv": [4, 0, 11, 1], "texture": "#0", "cullface": "down"},
				"west": {"uv": [0, 4, 1, 7], "rotation": 270, "texture": "#0", "cullface": "down"},
				"down": {"uv": [12, 0, 16, 3], "rotation": 180, "texture": "#0", "cullface": "down"}
			}
		},
		{
			"from": [12, 16.025, 8],
			"to": [16, 16.225, 11],
			"rotation": {"angle": 0, "axis": "y", "origin": [7.6, 16.525, 7.1]},
			"faces": {
				"north": {"uv": [4, 0, 8, 1], "texture": "#0", "cullface": "up"},
				"east": {"uv": [0, 0, 1, 3], "rotation": 90, "texture": "#0", "cullface": "east"},
				"south": {"uv": [4, 0, 11, 1], "rotation": 180, "texture": "#0", "cullface": "up"},
				"west": {"uv": [0, 0, 1, 3], "rotation": 270, "texture": "#0", "cullface": "up"},
				"up": {"uv": [12, 8, 16, 11], "texture": "#0", "cullface": "up"}
			}
		},
		{
			"from": [12, -0.2, 4.975],
			"to": [16, 0, 7.975],
			"rotation": {"angle": 0, "axis": "y", "origin": [7.6, -0.525, 8.875]},
			"faces": {
				"north": {"uv": [4, 0, 11, 1], "rotation": 180, "texture": "#0", "cullface": "down"},
				"east": {"uv": [0, 4, 1, 7], "rotation": 90, "texture": "#0", "cullface": "down"},
				"south": {"uv": [4, 0, 11, 1], "texture": "#0", "cullface": "down"},
				"west": {"uv": [0, 4, 1, 7], "rotation": 270, "texture": "#0", "cullface": "down"},
				"down": {"uv": [12, 8, 16, 11], "rotation": 180, "texture": "#0", "cullface": "down"}
			}
		},
		{
			"from": [0, 16.025, 0],
			"to": [3, 16.225, 3],
			"rotation": {"angle": 0, "axis": "y", "origin": [7.6, 16.525, 7.1]},
			"faces": {
				"north": {"uv": [4, 0, 8, 1], "texture": "#0", "cullface": "north"},
				"east": {"uv": [0, 0, 1, 3], "rotation": 90, "texture": "#0", "cullface": "up"},
				"south": {"uv": [4, 0, 11, 1], "rotation": 180, "texture": "#0", "cullface": "up"},
				"west": {"uv": [0, 0, 1, 3], "rotation": 270, "texture": "#0", "cullface": "west"},
				"up": {"uv": [0, 0, 3, 3], "texture": "#0", "cullface": "up"}
			}
		},
		{
			"from": [0, -0.2, 12.975],
			"to": [3, 0, 15.975],
			"rotation": {"angle": 0, "axis": "y", "origin": [7.6, -0.525, 8.875]},
			"faces": {
				"north": {"uv": [4, 0, 11, 1], "rotation": 180, "texture": "#0", "cullface": "down"},
				"east": {"uv": [0, 4, 1, 7], "rotation": 90, "texture": "#0", "cullface": "down"},
				"south": {"uv": [4, 0, 11, 1], "texture": "#0", "cullface": "down"},
				"west": {"uv": [0, 4, 1, 7], "rotation": 270, "texture": "#0", "cullface": "west"},
				"down": {"uv": [0, 0, 3, 3], "rotation": 180, "texture": "#0", "cullface": "down"}
			}
		},
		{
			"from": [0, 16.025, 8],
			"to": [3, 16.225, 11],
			"rotation": {"angle": 0, "axis": "y", "origin": [7.6, 16.525, 7.1]},
			"faces": {
				"north": {"uv": [4, 0, 8, 1], "texture": "#0", "cullface": "up"},
				"east": {"uv": [0, 0, 1, 3], "rotation": 90, "texture": "#0", "cullface": "up"},
				"south": {"uv": [4, 0, 11, 1], "rotation": 180, "texture": "#0", "cullface": "up"},
				"west": {"uv": [0, 0, 1, 3], "rotation": 270, "texture": "#0", "cullface": "west"},
				"up": {"uv": [0, 8, 3, 11], "texture": "#0", "cullface": "up"}
			}
		},
		{
			"from": [0, -0.2, 4.975],
			"to": [3, 0, 7.975],
			"rotation": {"angle": 0, "axis": "y", "origin": [7.6, -0.525, 8.875]},
			"faces": {
				"north": {"uv": [4, 0, 11, 1], "rotation": 180, "texture": "#0", "cullface": "down"},
				"east": {"uv": [0, 4, 1, 7], "rotation": 90, "texture": "#0", "cullface": "down"},
				"south": {"uv": [4, 0, 11, 1], "texture": "#0", "cullface": "down"},
				"west": {"uv": [0, 4, 1, 7], "rotation": 270, "texture": "#0", "cullface": "west"},
				"down": {"uv": [0, 8, 3, 11], "rotation": 180, "texture": "#0", "cullface": "down"}
			}
		}
	],
	"display": {
		"thirdperson_righthand": {
			"rotation": [75, 45, 0],
			"translation": [0, 2.5, 0],
			"scale": [0.375, 0.375, 0.375]
		},
		"thirdperson_lefthand": {
			"rotation": [75, 45, 0],
			"translation": [0, 2.5, 0],
			"scale": [0.375, 0.375, 0.375]
		},
		"firstperson_righthand": {
			"rotation": [0, 45, 0],
			"scale": [0.4, 0.4, 0.4]
		},
		"firstperson_lefthand": {
			"rotation": [0, 225, 0],
			"scale": [0.4, 0.4, 0.4]
		},
		"ground": {
			"translation": [0, 3, 0],
			"scale": [0.25, 0.25, 0.25]
		},
		"gui": {
			"rotation": [30, 225, 0],
			"scale": [0.625, 0.625, 0.625]
		},
		"fixed": {
			"scale": [0.5, 0.5, 0.5]
		}
	},
	"groups": [0,
		{
			"name": "tijolos",
			"origin": [8, 8, 8],
			"children": [1, 2, 3, 4, 5, 6, 7, 8, 9, 10]
		},
		{
			"name": "tijolos",
			"origin": [8, 8, 8],
			"children": [11, 12, 13, 14, 15, 16, 17, 18, 19, 20]
		},
		{
			"name": "tijolos",
			"origin": [8, 8, 8],
			"children": [21, 22, 23, 24, 25, 26, 27, 28, 29, 30]
		},
		{
			"name": "tijolos",
			"origin": [8, 8, 8],
			"children": [31, 32, 33, 34, 35, 36, 37, 38, 39, 40]
		},
		{
			"name": "tijolos",
			"origin": [8, 8, 8],
			"children": [41, 42, 43, 44, 45, 46, 47, 48, 49, 50, 51, 52, 53, 54, 55, 56, 57, 58, 59, 60]
		}
	]
}