{
	"credit": "Made with Blockbench",
	"parent": "block/block",
	"ambientocclusion": false,
	"textures": {
		"bottom": "block/cactus_bottom",
		"top": "block/cactus_top",
		"particle": "block/cactus_side",
		"side": "block/cactus_side"
	},
	"elements": [
		{
			"from": [1, 1, 1],
			"to": [15, 16, 15],
			"rotation": {"angle": 0, "axis": "y", "origin": [9, 8, 9]},
			"faces": {
				"north": {"uv": [1, 0, 15, 15], "texture": "#side"},
				"east": {"uv": [1, 0, 15, 15], "texture": "#side"},
				"south": {"uv": [1, 0, 15, 15], "texture": "#side"},
				"west": {"uv": [1, 0, 15, 15], "texture": "#side"},
				"up": {"uv": [1, 1, 15, 15], "texture": "#top", "cullface": "up"},
				"down": {"uv": [1, 1, 15, 15], "texture": "#bottom"}
			}
		},
		{
			"from": [5, 1, 0],
			"to": [6, 2, 1],
			"rotation": {"angle": 0, "axis": "y", "origin": [13, 9, 8]},
			"faces": {
				"north": {"uv": [10, 14, 11, 15], "texture": "#side", "cullface": "north"},
				"east": {"uv": [10, 14, 11, 15], "texture": "#side"},
				"west": {"uv": [10, 14, 11, 15], "texture": "#side"},
				"up": {"uv": [10, 14, 11, 15], "texture": "#side"},
				"down": {"uv": [10, 14, 11, 15], "texture": "#side"}
			}
		},
		{
			"from": [10, 5, 0],
			"to": [11, 6, 1],
			"rotation": {"angle": 0, "axis": "y", "origin": [18, 13, 8]},
			"faces": {
				"north": {"uv": [5, 10, 6, 11], "texture": "#side", "cullface": "north"},
				"east": {"uv": [5, 10, 6, 11], "texture": "#side"},
				"west": {"uv": [5, 10, 6, 11], "texture": "#side"},
				"up": {"uv": [5, 10, 6, 11], "texture": "#side"},
				"down": {"uv": [5, 10, 6, 11], "texture": "#side"}
			}
		},
		{
			"from": [8, 9, 0],
			"to": [9, 10, 1],
			"rotation": {"angle": 0, "axis": "y", "origin": [16, 17, 8]},
			"faces": {
				"north": {"uv": [7, 6, 8, 7], "texture": "#side", "cullface": "north"},
				"east": {"uv": [7, 6, 8, 7], "texture": "#side"},
				"west": {"uv": [7, 6, 8, 7], "texture": "#side"},
				"up": {"uv": [7, 6, 8, 7], "texture": "#side"},
				"down": {"uv": [7, 6, 8, 7], "texture": "#side"}
			}
		},
		{
			"from": [5, 12, 0],
			"to": [6, 13, 1],
			"rotation": {"angle": 0, "axis": "y", "origin": [13, 20, 8]},
			"faces": {
				"north": {"uv": [10, 3, 11, 4], "texture": "#side", "cullface": "north"},
				"east": {"uv": [10, 3, 11, 4], "texture": "#side"},
				"west": {"uv": [10, 3, 11, 4], "texture": "#side"},
				"up": {"uv": [10, 3, 11, 4], "texture": "#side"},
				"down": {"uv": [10, 3, 11, 4], "texture": "#side"}
			}
		},
		{
			"from": [10, 14, 0],
			"to": [11, 15, 1],
			"rotation": {"angle": 0, "axis": "y", "origin": [18, 22, 8]},
			"faces": {
				"north": {"uv": [5, 1, 6, 2], "texture": "#side", "cullface": "north"},
				"east": {"uv": [5, 1, 6, 2], "texture": "#side"},
				"west": {"uv": [5, 1, 6, 2], "texture": "#side"},
				"up": {"uv": [5, 1, 6, 2], "texture": "#side"},
				"down": {"uv": [5, 1, 6, 2], "texture": "#side"}
			}
		},
		{
			"from": [1, 14, 0],
			"to": [2, 15, 1],
			"rotation": {"angle": 0, "axis": "y", "origin": [9, 22, 8]},
			"faces": {
				"north": {"uv": [14, 1, 15, 2], "texture": "#side", "cullface": "north"},
				"east": {"uv": [14, 1, 15, 2], "texture": "#side"},
				"west": {"uv": [14, 1, 15, 2], "texture": "#side"},
				"up": {"uv": [14, 1, 15, 2], "texture": "#side"},
				"down": {"uv": [14, 1, 15, 2], "texture": "#side"}
			}
		},
		{
			"from": [1, 10, 0],
			"to": [2, 11, 1],
			"rotation": {"angle": 0, "axis": "y", "origin": [9, 18, 8]},
			"faces": {
				"north": {"uv": [14, 5, 15, 6], "texture": "#side", "cullface": "north"},
				"east": {"uv": [14, 5, 15, 6], "texture": "#side"},
				"west": {"uv": [14, 5, 15, 6], "texture": "#side"},
				"up": {"uv": [14, 5, 15, 6], "texture": "#side"},
				"down": {"uv": [14, 5, 15, 6], "texture": "#side"}
			}
		},
		{
			"from": [0, 9, 0],
			"to": [1, 10, 1],
			"rotation": {"angle": 0, "axis": "y", "origin": [8, 17, 8]},
			"faces": {
				"north": {"uv": [7, 6, 8, 7], "texture": "#side", "cullface": "north"},
				"east": {"uv": [7, 6, 8, 7], "texture": "#side"},
				"south": {"uv": [7, 6, 8, 7], "texture": "#side"},
				"west": {"uv": [7, 6, 8, 7], "texture": "#side", "cullface": "west"},
				"up": {"uv": [7, 6, 8, 7], "texture": "#side"},
				"down": {"uv": [7, 6, 8, 7], "texture": "#side"}
			}
		},
		{
			"from": [0, 3, 0],
			"to": [1, 4, 2],
			"rotation": {"angle": 0, "axis": "y", "origin": [8, 11, 8]},
			"faces": {
				"north": {"uv": [0, 12, 1, 13], "texture": "#side", "cullface": "north"},
				"east": {"uv": [0, 12, 2, 13], "texture": "#side"},
				"south": {"uv": [0, 12, 1, 13], "texture": "#side"},
				"west": {"uv": [0, 12, 2, 13], "texture": "#side", "cullface": "west"},
				"up": {"uv": [0, 12, 2, 13], "rotation": 90, "texture": "#side"},
				"down": {"uv": [0, 12, 2, 13], "rotation": 90, "texture": "#side"}
			}
		},
		{
			"from": [14, 3, 0],
			"to": [16, 4, 1],
			"rotation": {"angle": 0, "axis": "y", "origin": [22, 11, 8]},
			"faces": {
				"north": {"uv": [0, 12, 2, 13], "texture": "#side", "cullface": "north"},
				"east": {"uv": [0, 12, 1, 13], "texture": "#side", "cullface": "east"},
				"south": {"uv": [0, 12, 2, 13], "texture": "#side"},
				"west": {"uv": [0, 12, 1, 13], "texture": "#side"},
				"up": {"uv": [0, 12, 2, 13], "texture": "#side"},
				"down": {"uv": [0, 12, 2, 13], "texture": "#side"}
			}
		},
		{
			"from": [15, 9, 0],
			"to": [16, 10, 1],
			"rotation": {"angle": 0, "axis": "y", "origin": [22, 17, 8]},
			"faces": {
				"north": {"uv": [0, 6, 1, 7], "texture": "#side", "cullface": "north"},
				"east": {"uv": [0, 6, 1, 7], "texture": "#side", "cullface": "east"},
				"south": {"uv": [0, 6, 1, 7], "texture": "#side"},
				"west": {"uv": [0, 6, 1, 7], "texture": "#side"},
				"up": {"uv": [0, 6, 1, 7], "texture": "#side"},
				"down": {"uv": [0, 6, 1, 7], "texture": "#side"}
			}
		},
		{
			"from": [14, 13, 0],
			"to": [16, 14, 1],
			"rotation": {"angle": 0, "axis": "y", "origin": [22, 21, 8]},
			"faces": {
				"north": {"uv": [0, 2, 2, 3], "texture": "#side", "cullface": "north"},
				"east": {"uv": [0, 2, 1, 3], "texture": "#side", "cullface": "east"},
				"south": {"uv": [0, 2, 2, 3], "texture": "#side"},
				"west": {"uv": [0, 2, 1, 3], "texture": "#side"},
				"up": {"uv": [0, 2, 2, 3], "texture": "#side"},
				"down": {"uv": [0, 2, 2, 3], "texture": "#side"}
			}
		},
		{
			"from": [0, 5, 0],
			"to": [2, 6, 1],
			"rotation": {"angle": 0, "axis": "y", "origin": [9, 13, 8]},
			"faces": {
				"north": {"uv": [14, 10, 16, 11], "texture": "#side", "cullface": "north"},
				"east": {"uv": [14, 10, 15, 11], "texture": "#side"},
				"south": {"uv": [14, 10, 16, 11], "texture": "#side"},
				"west": {"uv": [14, 10, 15, 11], "texture": "#side", "cullface": "west"},
				"up": {"uv": [14, 10, 16, 11], "texture": "#side"},
				"down": {"uv": [14, 10, 16, 11], "texture": "#side"}
			}
		},
		{
			"from": [0, 13, 0],
			"to": [1, 14, 2],
			"rotation": {"angle": 0, "axis": "y", "origin": [9, 21, 8]},
			"faces": {
				"north": {"uv": [0, 2, 1, 3], "texture": "#side", "cullface": "north"},
				"east": {"uv": [0, 2, 2, 3], "texture": "#side"},
				"south": {"uv": [0, 2, 1, 3], "texture": "#side"},
				"west": {"uv": [0, 2, 2, 3], "texture": "#side", "cullface": "west"},
				"up": {"uv": [0, 2, 2, 3], "rotation": 90, "texture": "#side"},
				"down": {"uv": [0, 2, 2, 3], "rotation": 90, "texture": "#side"}
			}
		},
		{
			"from": [0, 1, 10],
			"to": [1, 2, 11],
			"rotation": {"angle": 0, "axis": "y", "origin": [8, 9, 18]},
			"faces": {
				"north": {"uv": [10, 14, 11, 15], "texture": "#side"},
				"south": {"uv": [10, 14, 11, 15], "texture": "#side"},
				"west": {"uv": [10, 14, 11, 15], "texture": "#side", "cullface": "west"},
				"up": {"uv": [10, 14, 11, 15], "texture": "#side"},
				"down": {"uv": [10, 14, 11, 15], "texture": "#side"}
			}
		},
		{
			"from": [0, 5, 5],
			"to": [1, 6, 6],
			"rotation": {"angle": 0, "axis": "y", "origin": [8, 13, 13]},
			"faces": {
				"north": {"uv": [5, 10, 6, 11], "texture": "#side"},
				"south": {"uv": [5, 10, 6, 11], "texture": "#side"},
				"west": {"uv": [5, 10, 6, 11], "texture": "#side", "cullface": "west"},
				"up": {"uv": [5, 10, 6, 11], "texture": "#side"},
				"down": {"uv": [5, 10, 6, 11], "texture": "#side"}
			}
		},
		{
			"from": [0, 9, 7],
			"to": [1, 10, 8],
			"rotation": {"angle": 0, "axis": "y", "origin": [8, 17, 15]},
			"faces": {
				"north": {"uv": [7, 6, 8, 7], "texture": "#side"},
				"south": {"uv": [7, 6, 8, 7], "texture": "#side"},
				"west": {"uv": [7, 6, 8, 7], "texture": "#side", "cullface": "west"},
				"up": {"uv": [7, 6, 8, 7], "texture": "#side"},
				"down": {"uv": [7, 6, 8, 7], "texture": "#side"}
			}
		},
		{
			"from": [0, 12, 10],
			"to": [1, 13, 11],
			"rotation": {"angle": 0, "axis": "y", "origin": [8, 20, 18]},
			"faces": {
				"north": {"uv": [10, 3, 11, 4], "texture": "#side"},
				"south": {"uv": [10, 3, 11, 4], "texture": "#side"},
				"west": {"uv": [10, 3, 11, 4], "texture": "#side", "cullface": "west"},
				"up": {"uv": [10, 3, 11, 4], "texture": "#side"},
				"down": {"uv": [10, 3, 11, 4], "texture": "#side"}
			}
		},
		{
			"from": [0, 14, 5],
			"to": [1, 15, 6],
			"rotation": {"angle": 0, "axis": "y", "origin": [8, 22, 13]},
			"faces": {
				"north": {"uv": [5, 1, 6, 2], "texture": "#side"},
				"south": {"uv": [5, 1, 6, 2], "texture": "#side"},
				"west": {"uv": [5, 1, 6, 2], "texture": "#side", "cullface": "west"},
				"up": {"uv": [5, 1, 6, 2], "texture": "#side"},
				"down": {"uv": [5, 1, 6, 2], "texture": "#side"}
			}
		},
		{
			"from": [0, 14, 14],
			"to": [1, 15, 15],
			"rotation": {"angle": 0, "axis": "y", "origin": [8, 22, 22]},
			"faces": {
				"north": {"uv": [14, 1, 15, 2], "texture": "#side"},
				"south": {"uv": [14, 1, 15, 2], "texture": "#side"},
				"west": {"uv": [14, 1, 15, 2], "texture": "#side", "cullface": "west"},
				"up": {"uv": [14, 1, 15, 2], "texture": "#side"},
				"down": {"uv": [14, 1, 15, 2], "texture": "#side"}
			}
		},
		{
			"from": [0, 10, 14],
			"to": [1, 11, 15],
			"rotation": {"angle": 0, "axis": "y", "origin": [8, 18, 22]},
			"faces": {
				"north": {"uv": [14, 5, 15, 6], "texture": "#side"},
				"south": {"uv": [14, 5, 15, 6], "texture": "#side"},
				"west": {"uv": [14, 5, 15, 6], "texture": "#side", "cullface": "west"},
				"up": {"uv": [14, 5, 15, 6], "texture": "#side"},
				"down": {"uv": [14, 5, 15, 6], "texture": "#side"}
			}
		},
		{
			"from": [0, 5, 14],
			"to": [1, 6, 16],
			"rotation": {"angle": 0, "axis": "y", "origin": [8, 13, 22]},
			"faces": {
				"north": {"uv": [14, 10, 15, 11], "texture": "#side"},
				"east": {"uv": [14, 10, 16, 11], "texture": "#side"},
				"south": {"uv": [14, 10, 15, 11], "texture": "#side", "cullface": "south"},
				"west": {"uv": [14, 10, 16, 11], "texture": "#side", "cullface": "west"},
				"up": {"uv": [14, 10, 16, 11], "rotation": 90, "texture": "#side"},
				"down": {"uv": [14, 10, 16, 11], "rotation": 90, "texture": "#side"}
			}
		},
		{
			"from": [1, 3, 15],
			"to": [2, 4, 16],
			"rotation": {"angle": 0, "axis": "y", "origin": [8, 11, 23]},
			"faces": {
				"east": {"uv": [1, 12, 2, 13], "texture": "#side"},
				"south": {"uv": [1, 12, 2, 13], "texture": "#side", "cullface": "south"},
				"west": {"uv": [1, 12, 2, 13], "texture": "#side"},
				"up": {"uv": [1, 12, 2, 13], "texture": "#side"},
				"down": {"uv": [1, 12, 2, 13], "texture": "#side"}
			}
		},
		{
			"from": [0, 9, 15],
			"to": [1, 10, 16],
			"rotation": {"angle": 0, "axis": "y", "origin": [8, 17, 23]},
			"faces": {
				"north": {"uv": [0, 6, 1, 7], "texture": "#side"},
				"east": {"uv": [0, 6, 1, 7], "texture": "#side"},
				"south": {"uv": [0, 6, 1, 7], "texture": "#side", "cullface": "south"},
				"west": {"uv": [0, 6, 1, 7], "texture": "#side", "cullface": "west"},
				"up": {"uv": [0, 6, 1, 7], "texture": "#side"},
				"down": {"uv": [0, 6, 1, 7], "texture": "#side"}
			}
		},
		{
			"from": [0, 13, 15],
			"to": [2, 14, 16],
			"rotation": {"angle": 0, "axis": "y", "origin": [8, 21, 23]},
			"faces": {
				"north": {"uv": [0, 2, 2, 3], "texture": "#side"},
				"east": {"uv": [1, 2, 2, 3], "texture": "#side"},
				"south": {"uv": [0, 2, 2, 3], "texture": "#side", "cullface": "south"},
				"west": {"uv": [0, 2, 1, 3], "texture": "#side", "cullface": "west"},
				"up": {"uv": [0, 2, 2, 3], "texture": "#side"},
				"down": {"uv": [0, 2, 2, 3], "texture": "#side"}
			}
		},
		{
			"from": [14, 5, 15],
			"to": [16, 6, 16],
			"rotation": {"angle": 0, "axis": "y", "origin": [22, 13, 23]},
			"faces": {
				"north": {"uv": [14, 10, 16, 11], "texture": "#side"},
				"east": {"uv": [15, 10, 16, 11], "texture": "#side", "cullface": "east"},
				"south": {"uv": [14, 10, 16, 11], "texture": "#side", "cullface": "south"},
				"west": {"uv": [14, 10, 15, 11], "texture": "#side"},
				"up": {"uv": [14, 10, 16, 11], "texture": "#side"},
				"down": {"uv": [14, 10, 16, 11], "texture": "#side"}
			}
		},
		{
			"from": [14, 10, 15],
			"to": [15, 11, 16],
			"rotation": {"angle": 0, "axis": "y", "origin": [22, 18, 23]},
			"faces": {
				"east": {"uv": [14, 5, 15, 6], "texture": "#side"},
				"south": {"uv": [14, 5, 15, 6], "texture": "#side", "cullface": "south"},
				"west": {"uv": [14, 5, 15, 6], "texture": "#side"},
				"up": {"uv": [14, 5, 15, 6], "texture": "#side"},
				"down": {"uv": [14, 5, 15, 6], "texture": "#side"}
			}
		},
		{
			"from": [10, 12, 15],
			"to": [11, 13, 16],
			"rotation": {"angle": 0, "axis": "y", "origin": [18, 20, 23]},
			"faces": {
				"east": {"uv": [10, 3, 11, 4], "texture": "#side"},
				"south": {"uv": [10, 3, 11, 4], "texture": "#side", "cullface": "south"},
				"west": {"uv": [10, 3, 11, 4], "texture": "#side"},
				"up": {"uv": [10, 3, 11, 4], "texture": "#side"},
				"down": {"uv": [10, 3, 11, 4], "texture": "#side"}
			}
		},
		{
			"from": [5, 14, 15],
			"to": [6, 15, 16],
			"rotation": {"angle": 0, "axis": "y", "origin": [13, 22, 23]},
			"faces": {
				"east": {"uv": [5, 1, 6, 2], "texture": "#side"},
				"south": {"uv": [5, 1, 6, 2], "texture": "#side", "cullface": "south"},
				"west": {"uv": [5, 1, 6, 2], "texture": "#side"},
				"up": {"uv": [5, 1, 6, 2], "texture": "#side"},
				"down": {"uv": [5, 1, 6, 2], "texture": "#side"}
			}
		},
		{
			"from": [7, 9, 15],
			"to": [8, 10, 16],
			"rotation": {"angle": 0, "axis": "y", "origin": [15, 17, 23]},
			"faces": {
				"east": {"uv": [7, 6, 8, 7], "texture": "#side"},
				"south": {"uv": [7, 6, 8, 7], "texture": "#side", "cullface": "south"},
				"west": {"uv": [7, 6, 8, 7], "texture": "#side"},
				"up": {"uv": [7, 6, 8, 7], "texture": "#side"},
				"down": {"uv": [7, 6, 8, 7], "texture": "#side"}
			}
		},
		{
			"from": [5, 5, 15],
			"to": [6, 6, 16],
			"rotation": {"angle": 0, "axis": "y", "origin": [13, 13, 23]},
			"faces": {
				"east": {"uv": [5, 10, 6, 11], "texture": "#side"},
				"south": {"uv": [5, 10, 6, 11], "texture": "#side", "cullface": "south"},
				"west": {"uv": [5, 10, 6, 11], "texture": "#side"},
				"up": {"uv": [5, 10, 6, 11], "texture": "#side"},
				"down": {"uv": [5, 10, 6, 11], "texture": "#side"}
			}
		},
		{
			"from": [10, 1, 15],
			"to": [11, 2, 16],
			"rotation": {"angle": 0, "axis": "y", "origin": [18, 9, 23]},
			"faces": {
				"east": {"uv": [10, 14, 11, 15], "texture": "#side"},
				"south": {"uv": [10, 14, 11, 15], "texture": "#side", "cullface": "south"},
				"west": {"uv": [10, 14, 11, 15], "texture": "#side"},
				"up": {"uv": [10, 14, 11, 15], "texture": "#side"},
				"down": {"uv": [10, 14, 11, 15], "texture": "#side"}
			}
		},
		{
			"from": [14, 14, 15],
			"to": [15, 15, 16],
			"rotation": {"angle": 0, "axis": "y", "origin": [22, 22, 23]},
			"faces": {
				"east": {"uv": [14, 1, 15, 2], "texture": "#side"},
				"south": {"uv": [14, 1, 15, 2], "texture": "#side", "cullface": "south"},
				"west": {"uv": [14, 1, 15, 2], "texture": "#side"},
				"up": {"uv": [14, 1, 15, 2], "texture": "#side"},
				"down": {"uv": [14, 1, 15, 2], "texture": "#side"}
			}
		},
		{
			"from": [15, 3, 14],
			"to": [16, 4, 16],
			"rotation": {"angle": 0, "axis": "y", "origin": [23, 11, 23]},
			"faces": {
				"north": {"uv": [0, 12, 1, 13], "texture": "#side"},
				"east": {"uv": [0, 12, 2, 13], "texture": "#side", "cullface": "east"},
				"south": {"uv": [0, 12, 1, 13], "texture": "#side", "cullface": "south"},
				"west": {"uv": [0, 12, 2, 13], "texture": "#side"},
				"up": {"uv": [0, 12, 2, 13], "rotation": 90, "texture": "#side"},
				"down": {"uv": [0, 12, 2, 13], "rotation": 90, "texture": "#side"}
			}
		},
		{
			"from": [15, 9, 15],
			"to": [16, 10, 16],
			"rotation": {"angle": 0, "axis": "y", "origin": [23, 17, 23]},
			"faces": {
				"north": {"uv": [0, 6, 1, 7], "texture": "#side"},
				"east": {"uv": [0, 6, 1, 7], "texture": "#side", "cullface": "east"},
				"south": {"uv": [0, 6, 1, 7], "texture": "#side", "cullface": "south"},
				"west": {"uv": [0, 6, 1, 7], "texture": "#side"},
				"up": {"uv": [0, 6, 1, 7], "rotation": 90, "texture": "#side"},
				"down": {"uv": [0, 6, 1, 7], "rotation": 90, "texture": "#side"}
			}
		},
		{
			"from": [15, 13, 14],
			"to": [16, 14, 16],
			"rotation": {"angle": 0, "axis": "y", "origin": [23, 21, 23]},
			"faces": {
				"north": {"uv": [0, 2, 1, 3], "texture": "#side"},
				"east": {"uv": [0, 2, 2, 3], "texture": "#side", "cullface": "east"},
				"south": {"uv": [0, 2, 1, 3], "texture": "#side", "cullface": "south"},
				"west": {"uv": [0, 2, 2, 3], "texture": "#side"},
				"up": {"uv": [0, 2, 2, 3], "rotation": 90, "texture": "#side"},
				"down": {"uv": [0, 2, 2, 3], "rotation": 90, "texture": "#side"}
			}
		},
		{
			"from": [15, 5, 0],
			"to": [16, 6, 2],
			"rotation": {"angle": 0, "axis": "y", "origin": [23, 13, 9]},
			"faces": {
				"north": {"uv": [14, 10, 15, 11], "texture": "#side", "cullface": "north"},
				"east": {"uv": [14, 10, 16, 11], "texture": "#side", "cullface": "east"},
				"south": {"uv": [14, 10, 15, 11], "texture": "#side"},
				"west": {"uv": [14, 10, 16, 11], "texture": "#side"},
				"up": {"uv": [14, 10, 16, 11], "rotation": 90, "texture": "#side"},
				"down": {"uv": [14, 10, 16, 11], "rotation": 90, "texture": "#side"}
			}
		},
		{
			"from": [15, 10, 1],
			"to": [16, 11, 2],
			"rotation": {"angle": 0, "axis": "y", "origin": [23, 18, 9]},
			"faces": {
				"north": {"uv": [14, 5, 15, 6], "texture": "#side"},
				"east": {"uv": [14, 5, 15, 6], "texture": "#side", "cullface": "east"},
				"south": {"uv": [14, 5, 15, 6], "texture": "#side"},
				"up": {"uv": [14, 5, 15, 6], "rotation": 90, "texture": "#side"},
				"down": {"uv": [14, 5, 15, 6], "rotation": 90, "texture": "#side"}
			}
		},
		{
			"from": [15, 14, 1],
			"to": [16, 15, 2],
			"rotation": {"angle": 0, "axis": "y", "origin": [23, 22, 9]},
			"faces": {
				"north": {"uv": [14, 1, 15, 2], "texture": "#side"},
				"east": {"uv": [14, 1, 15, 2], "texture": "#side", "cullface": "east"},
				"south": {"uv": [14, 1, 15, 2], "texture": "#side"},
				"up": {"uv": [14, 1, 15, 2], "rotation": 90, "texture": "#side"},
				"down": {"uv": [14, 1, 15, 2], "rotation": 90, "texture": "#side"}
			}
		},
		{
			"from": [15, 12, 5],
			"to": [16, 13, 6],
			"rotation": {"angle": 0, "axis": "y", "origin": [23, 20, 13]},
			"faces": {
				"north": {"uv": [10, 3, 11, 4], "texture": "#side"},
				"east": {"uv": [10, 3, 11, 4], "texture": "#side", "cullface": "east"},
				"south": {"uv": [10, 3, 11, 4], "texture": "#side"},
				"up": {"uv": [10, 3, 11, 4], "rotation": 90, "texture": "#side"},
				"down": {"uv": [10, 3, 11, 4], "rotation": 90, "texture": "#side"}
			}
		},
		{
			"from": [15, 14, 10],
			"to": [16, 15, 11],
			"rotation": {"angle": 0, "axis": "y", "origin": [23, 22, 18]},
			"faces": {
				"north": {"uv": [5, 1, 6, 2], "texture": "#side"},
				"east": {"uv": [5, 1, 6, 2], "texture": "#side", "cullface": "east"},
				"south": {"uv": [5, 1, 6, 2], "texture": "#side"},
				"up": {"uv": [5, 1, 6, 2], "rotation": 90, "texture": "#side"},
				"down": {"uv": [5, 1, 6, 2], "rotation": 90, "texture": "#side"}
			}
		},
		{
			"from": [15, 9, 8],
			"to": [16, 10, 9],
			"rotation": {"angle": 0, "axis": "y", "origin": [23, 17, 16]},
			"faces": {
				"north": {"uv": [7, 6, 8, 7], "texture": "#side"},
				"east": {"uv": [7, 6, 8, 7], "texture": "#side", "cullface": "east"},
				"south": {"uv": [7, 6, 8, 7], "texture": "#side"},
				"up": {"uv": [7, 6, 8, 7], "rotation": 90, "texture": "#side"},
				"down": {"uv": [7, 6, 8, 7], "rotation": 90, "texture": "#side"}
			}
		},
		{
			"from": [15, 5, 10],
			"to": [16, 6, 11],
			"rotation": {"angle": 0, "axis": "y", "origin": [23, 13, 18]},
			"faces": {
				"north": {"uv": [5, 10, 6, 11], "texture": "#side"},
				"east": {"uv": [5, 10, 6, 11], "texture": "#side", "cullface": "east"},
				"south": {"uv": [5, 10, 6, 11], "texture": "#side"},
				"up": {"uv": [5, 10, 6, 11], "rotation": 90, "texture": "#side"},
				"down": {"uv": [5, 10, 6, 11], "rotation": 90, "texture": "#side"}
			}
		},
		{
			"from": [15, 1, 5],
			"to": [16, 2, 6],
			"rotation": {"angle": 0, "axis": "y", "origin": [23, 9, 13]},
			"faces": {
				"north": {"uv": [10, 14, 11, 15], "texture": "#side"},
				"east": {"uv": [10, 14, 11, 15], "texture": "#side", "cullface": "east"},
				"south": {"uv": [10, 14, 11, 15], "texture": "#side"},
				"up": {"uv": [10, 14, 11, 15], "rotation": 90, "texture": "#side"},
				"down": {"uv": [10, 14, 11, 15], "rotation": 90, "texture": "#side"}
			}
		},
		{
			"from": [8, 16, 1],
			"to": [9, 17, 2],
			"rotation": {"angle": 0, "axis": "y", "origin": [16, 24, 9]},
			"faces": {
				"north": {"uv": [8, 1, 9, 2], "texture": "#top", "cullface": "up"},
				"east": {"uv": [8, 1, 9, 2], "texture": "#top", "cullface": "up"},
				"south": {"uv": [8, 1, 9, 2], "texture": "#top", "cullface": "up"},
				"west": {"uv": [8, 1, 9, 2], "texture": "#top", "cullface": "up"},
				"up": {"uv": [8, 1, 9, 2], "texture": "#top", "cullface": "up"}
			}
		},
		{
			"from": [7, 16, 4],
			"to": [8, 17, 5],
			"rotation": {"angle": 0, "axis": "y", "origin": [15, 24, 12]},
			"faces": {
				"north": {"uv": [7, 4, 8, 5], "texture": "#top", "cullface": "up"},
				"east": {"uv": [7, 4, 8, 5], "texture": "#top", "cullface": "up"},
				"south": {"uv": [7, 4, 8, 5], "texture": "#top", "cullface": "up"},
				"west": {"uv": [7, 4, 8, 5], "texture": "#top", "cullface": "up"},
				"up": {"uv": [7, 4, 8, 5], "texture": "#top", "cullface": "up"}
			}
		},
		{
			"from": [4, 16, 3],
			"to": [5, 17, 4],
			"rotation": {"angle": 0, "axis": "y", "origin": [12, 24, 11]},
			"faces": {
				"north": {"uv": [4, 3, 5, 4], "texture": "#top", "cullface": "up"},
				"east": {"uv": [4, 3, 5, 4], "texture": "#top", "cullface": "up"},
				"south": {"uv": [4, 3, 5, 4], "texture": "#top", "cullface": "up"},
				"west": {"uv": [4, 3, 5, 4], "texture": "#top", "cullface": "up"},
				"up": {"uv": [4, 3, 5, 4], "texture": "#top", "cullface": "up"}
			}
		},
		{
			"from": [2, 16, 6],
			"to": [3, 17, 7],
			"rotation": {"angle": 0, "axis": "y", "origin": [10, 24, 14]},
			"faces": {
				"north": {"uv": [2, 6, 3, 7], "texture": "#top", "cullface": "up"},
				"east": {"uv": [2, 6, 3, 7], "texture": "#top", "cullface": "up"},
				"south": {"uv": [2, 6, 3, 7], "texture": "#top", "cullface": "up"},
				"west": {"uv": [2, 6, 3, 7], "texture": "#top", "cullface": "up"},
				"up": {"uv": [2, 6, 3, 7], "texture": "#top", "cullface": "up"}
			}
		},
		{
			"from": [5, 16, 8],
			"to": [6, 17, 9],
			"rotation": {"angle": 0, "axis": "y", "origin": [13, 24, 16]},
			"faces": {
				"north": {"uv": [5, 8, 6, 9], "texture": "#top", "cullface": "up"},
				"east": {"uv": [5, 8, 6, 9], "texture": "#top", "cullface": "up"},
				"south": {"uv": [5, 8, 6, 9], "texture": "#top", "cullface": "up"},
				"west": {"uv": [5, 8, 6, 9], "texture": "#top", "cullface": "up"},
				"up": {"uv": [5, 8, 6, 9], "texture": "#top", "cullface": "up"}
			}
		},
		{
			"from": [6, 16, 12],
			"to": [7, 17, 13],
			"rotation": {"angle": 0, "axis": "y", "origin": [14, 24, 20]},
			"faces": {
				"north": {"uv": [6, 12, 7, 13], "texture": "#top", "cullface": "up"},
				"east": {"uv": [6, 12, 7, 13], "texture": "#top", "cullface": "up"},
				"south": {"uv": [6, 12, 7, 13], "texture": "#top", "cullface": "up"},
				"west": {"uv": [6, 12, 7, 13], "texture": "#top", "cullface": "up"},
				"up": {"uv": [6, 12, 7, 13], "texture": "#top", "cullface": "up"}
			}
		},
		{
			"from": [9, 16, 9],
			"to": [10, 17, 10],
			"rotation": {"angle": 0, "axis": "y", "origin": [17, 24, 17]},
			"faces": {
				"north": {"uv": [9, 9, 10, 10], "texture": "#top", "cullface": "up"},
				"east": {"uv": [9, 9, 10, 10], "texture": "#top", "cullface": "up"},
				"south": {"uv": [9, 9, 10, 10], "texture": "#top", "cullface": "up"},
				"west": {"uv": [9, 9, 10, 10], "texture": "#top", "cullface": "up"},
				"up": {"uv": [9, 9, 10, 10], "texture": "#top", "cullface": "up"}
			}
		},
		{
			"from": [10, 16, 5],
			"to": [11, 17, 6],
			"rotation": {"angle": 0, "axis": "y", "origin": [18, 24, 13]},
			"faces": {
				"north": {"uv": [10, 5, 11, 6], "texture": "#top", "cullface": "up"},
				"east": {"uv": [10, 5, 11, 6], "texture": "#top", "cullface": "up"},
				"south": {"uv": [10, 5, 11, 6], "texture": "#top", "cullface": "up"},
				"west": {"uv": [10, 5, 11, 6], "texture": "#top", "cullface": "up"},
				"up": {"uv": [10, 5, 11, 6], "texture": "#top", "cullface": "up"}
			}
		},
		{
			"from": [12, 16, 9],
			"to": [13, 17, 10],
			"rotation": {"angle": 0, "axis": "y", "origin": [20, 24, 17]},
			"faces": {
				"north": {"uv": [12, 9, 13, 10], "texture": "#top", "cullface": "up"},
				"east": {"uv": [12, 9, 13, 10], "texture": "#top", "cullface": "up"},
				"south": {"uv": [12, 9, 13, 10], "texture": "#top", "cullface": "up"},
				"west": {"uv": [12, 9, 13, 10], "texture": "#top", "cullface": "up"},
				"up": {"uv": [12, 9, 13, 10], "texture": "#top", "cullface": "up"}
			}
		},
		{
			"from": [12, 16, 12],
			"to": [13, 17, 13],
			"rotation": {"angle": 0, "axis": "y", "origin": [20, 24, 20]},
			"faces": {
				"north": {"uv": [12, 12, 13, 13], "texture": "#top", "cullface": "up"},
				"east": {"uv": [12, 12, 13, 13], "texture": "#top", "cullface": "up"},
				"south": {"uv": [12, 12, 13, 13], "texture": "#top", "cullface": "up"},
				"west": {"uv": [12, 12, 13, 13], "texture": "#top", "cullface": "up"},
				"up": {"uv": [12, 12, 13, 13], "texture": "#top", "cullface": "up"}
			}
		},
		{
			"from": [1, 0, 1],
			"to": [15, 1, 2],
			"rotation": {"angle": 0, "axis": "y", "origin": [9, 8, 9]},
			"faces": {
				"north": {"uv": [1, 15, 15, 16], "texture": "#side"},
				"east": {"uv": [14, 15, 15, 16], "texture": "#side"},
				"south": {"uv": [1, 14, 15, 15], "texture": "#bottom"},
				"west": {"uv": [1, 15, 2, 16], "texture": "#side"},
				"down": {"uv": [1, 14, 15, 15], "texture": "#bottom", "cullface": "down"}
			}
		},
		{
			"from": [1, 0, 14],
			"to": [15, 1, 15],
			"rotation": {"angle": 0, "axis": "y", "origin": [9, 8, 22]},
			"faces": {
				"north": {"uv": [1, 1, 15, 2], "rotation": 180, "texture": "#bottom"},
				"east": {"uv": [1, 15, 2, 16], "texture": "#side"},
				"south": {"uv": [1, 15, 15, 16], "texture": "#side"},
				"west": {"uv": [14, 15, 15, 16], "texture": "#side"},
				"down": {"uv": [1, 1, 15, 2], "texture": "#bottom", "cullface": "down"}
			}
		},
		{
			"from": [1, 0, 2],
			"to": [2, 1, 14],
			"rotation": {"angle": 0, "axis": "y", "origin": [9, 8, 21]},
			"faces": {
				"east": {"uv": [1, 2, 2, 14], "rotation": 270, "texture": "#bottom"},
				"west": {"uv": [2, 15, 14, 16], "texture": "#side"},
				"down": {"uv": [1, 2, 2, 14], "texture": "#bottom", "cullface": "down"}
			}
		},
		{
			"from": [14, 0, 2],
			"to": [15, 1, 14],
			"rotation": {"angle": 0, "axis": "y", "origin": [22, 8, 21]},
			"faces": {
				"east": {"uv": [2, 15, 14, 16], "texture": "#side"},
				"west": {"uv": [14, 2, 15, 14], "rotation": 90, "texture": "#bottom"},
				"down": {"uv": [14, 2, 15, 14], "texture": "#bottom", "cullface": "down"}
			}
		}
	],
	"display": {
		"thirdperson_righthand": {
			"rotation": [75, 45, 0],
			"translation": [0, 2.5, 0],
			"scale": [0.375, 0.375, 0.375]
		},
		"thirdperson_lefthand": {
			"rotation": [75, 45, 0],
			"translation": [0, 2.5, 0],
			"scale": [0.375, 0.375, 0.375]
		},
		"firstperson_righthand": {
			"rotation": [0, 45, 0],
			"scale": [0.4, 0.4, 0.4]
		},
		"firstperson_lefthand": {
			"rotation": [0, 225, 0],
			"scale": [0.4, 0.4, 0.4]
		},
		"ground": {
			"translation": [0, 3, 0],
			"scale": [0.25, 0.25, 0.25]
		},
		"gui": {
			"rotation": [30, 225, 0],
			"scale": [0.625, 0.625, 0.625]
		},
		"fixed": {
			"scale": [0.5, 0.5, 0.5]
		}
	},
	"groups": [
		{
			"name": "1",
			"origin": [8, 8, 8],
			"children": [0, 1, 2, 3, 4, 5, 6, 7, 8, 9, 10, 11, 12, 13, 14]
		},
		{
			"name": "2",
			"origin": [8, 8, 8],
			"children": [15, 16, 17, 18, 19, 20, 21, 22]
		},
		{
			"name": "3",
			"origin": [8, 8, 8],
			"children": [23, 24, 25, 26, 27, 28, 29, 30, 31, 32, 33]
		},
		{
			"name": "4",
			"origin": [8, 8, 8],
			"children": [34, 35, 36, 37, 38, 39, 40, 41, 42, 43, 44]
		},
		{
			"name": "5",
			"origin": [8, 8, 8],
			"children": [45, 46, 47, 48, 49, 50, 51, 52, 53, 54, 55, 56, 57, 58]
		}
	]
}