{
	"credit": "Made with Blockbench",
	"textures": {
		"0": "block/chiseled_red_sandstone",
		"1": "block/red_sandstone_top",
		"particle": "block/chiseled_red_sandstone"
	},
	"elements": [
		{
			"from": [1, 0, 1],
			"to": [15, 16, 15],
			"faces": {
				"north": {"uv": [1, 0, 15, 16], "texture": "#0"},
				"east": {"uv": [1, 0, 15, 16], "texture": "#0"},
				"south": {"uv": [1, 0, 15, 16], "texture": "#0"},
				"west": {"uv": [1, 0, 15, 16], "texture": "#0"},
				"up": {"uv": [1, 1, 15, 15], "texture": "#1", "cullface": "up"},
				"down": {"uv": [1, 1, 15, 15], "texture": "#1", "cullface": "down"}
			}
		},
		{
			"from": [0, 12, 0],
			"to": [1, 16, 16],
			"rotation": {"angle": 0, "axis": "y", "origin": [8, 20, 8]},
			"faces": {
				"north": {"uv": [15, 0, 16, 4], "texture": "#0", "cullface": "north"},
				"south": {"uv": [0, 0, 1, 4], "texture": "#0", "cullface": "south"},
				"west": {"uv": [0, 0, 16, 4], "texture": "#0", "cullface": "west"},
				"up": {"uv": [0, 0, 1, 16], "texture": "#1", "cullface": "up"},
				"down": {"uv": [0, 0, 1, 16], "texture": "#0"}
			}
		},
		{
			"from": [0, 0, 0],
			"to": [1, 2, 16],
			"faces": {
				"north": {"uv": [15, 14, 16, 16], "texture": "#0", "cullface": "north"},
				"south": {"uv": [0, 14, 1, 16], "texture": "#0", "cullface": "south"},
				"west": {"uv": [0, 14, 16, 16], "texture": "#0", "cullface": "west"},
				"up": {"uv": [0, 0, 1, 16], "texture": "#0"},
				"down": {"uv": [0, 0, 1, 16], "texture": "#1", "cullface": "down"}
			}
		},
		{
			"from": [0, 2, 0],
			"to": [1, 3, 7],
			"rotation": {"angle": 0, "axis": "y", "origin": [8, 10, 8]},
			"faces": {
				"north": {"uv": [15, 13, 16, 14], "texture": "#0", "cullface": "north"},
				"south": {"uv": [0, 13, 1, 14], "texture": "#0"},
				"west": {"uv": [0, 13, 7, 14], "texture": "#0", "cullface": "west"},
				"up": {"uv": [0, 0, 1, 7], "texture": "#0"}
			}
		},
		{
			"from": [0, 2, 8],
			"to": [1, 3, 16],
			"rotation": {"angle": 0, "axis": "y", "origin": [8, 10, 16]},
			"faces": {
				"north": {"uv": [15, 13, 16, 14], "texture": "#0"},
				"south": {"uv": [0, 13, 1, 14], "texture": "#0", "cullface": "south"},
				"west": {"uv": [8, 13, 16, 14], "texture": "#0", "cullface": "west"},
				"up": {"uv": [0, 8, 1, 16], "texture": "#0"}
			}
		},
		{
			"from": [0, 4, 8],
			"to": [1, 5, 9],
			"rotation": {"angle": 0, "axis": "y", "origin": [8, 12, 16]},
			"faces": {
				"north": {"uv": [15, 11, 16, 12], "texture": "#0"},
				"west": {"uv": [8, 11, 9, 12], "texture": "#0", "cullface": "west"},
				"up": {"uv": [0, 8, 1, 9], "texture": "#0"},
				"down": {"uv": [0, 7, 1, 8], "texture": "#0"}
			}
		},
		{
			"from": [0, 3, 9],
			"to": [1, 6, 16],
			"rotation": {"angle": 0, "axis": "y", "origin": [8, 11, 17]},
			"faces": {
				"north": {"uv": [15, 10, 16, 13], "texture": "#0"},
				"south": {"uv": [0, 10, 1, 13], "texture": "#0", "cullface": "south"},
				"west": {"uv": [9, 10, 16, 13], "texture": "#0", "cullface": "west"}
			}
		},
		{
			"from": [0, 3, 0],
			"to": [1, 6, 6],
			"rotation": {"angle": 0, "axis": "y", "origin": [8, 11, 8]},
			"faces": {
				"north": {"uv": [15, 10, 16, 13], "texture": "#0", "cullface": "north"},
				"south": {"uv": [0, 10, 1, 13], "texture": "#0"},
				"west": {"uv": [0, 10, 6, 13], "texture": "#0", "cullface": "west"}
			}
		},
		{
			"from": [0, 4, 6],
			"to": [1, 5, 7],
			"rotation": {"angle": 0, "axis": "y", "origin": [8, 12, 8]},
			"faces": {
				"south": {"uv": [0, 11, 1, 12], "texture": "#0"},
				"west": {"uv": [6, 11, 7, 12], "texture": "#0", "cullface": "west"},
				"up": {"uv": [0, 6, 1, 7], "texture": "#0"},
				"down": {"uv": [0, 9, 1, 10], "texture": "#0"}
			}
		},
		{
			"from": [0, 6, 0],
			"to": [1, 7, 7],
			"rotation": {"angle": 0, "axis": "y", "origin": [8, 14, 8]},
			"faces": {
				"north": {"uv": [15, 9, 16, 10], "texture": "#0", "cullface": "north"},
				"south": {"uv": [0, 9, 1, 10], "texture": "#0"},
				"west": {"uv": [0, 9, 7, 10], "texture": "#0", "cullface": "west"},
				"up": {"uv": [0, 0, 1, 7], "texture": "#0"},
				"down": {"uv": [0, 9, 1, 16], "texture": "#0"}
			}
		},
		{
			"from": [0, 6, 8],
			"to": [1, 7, 16],
			"rotation": {"angle": 0, "axis": "y", "origin": [8, 14, 16]},
			"faces": {
				"north": {"uv": [15, 9, 16, 10], "texture": "#0"},
				"south": {"uv": [0, 9, 1, 10], "texture": "#0", "cullface": "south"},
				"west": {"uv": [8, 9, 16, 10], "texture": "#0", "cullface": "west"},
				"up": {"uv": [0, 8, 1, 16], "texture": "#0"},
				"down": {"uv": [0, 0, 1, 8], "texture": "#0"}
			}
		},
		{
			"from": [0, 7, 10],
			"to": [1, 8, 16],
			"rotation": {"angle": 0, "axis": "y", "origin": [8, 15, 16]},
			"faces": {
				"north": {"uv": [15, 8, 16, 9], "texture": "#0"},
				"south": {"uv": [0, 8, 1, 9], "texture": "#0", "cullface": "south"},
				"west": {"uv": [10, 8, 16, 9], "texture": "#0", "cullface": "west"},
				"up": {"uv": [0, 10, 1, 16], "texture": "#0"}
			}
		},
		{
			"from": [0, 7, 0],
			"to": [1, 8, 5],
			"rotation": {"angle": 0, "axis": "y", "origin": [8, 15, 6]},
			"faces": {
				"north": {"uv": [15, 8, 16, 9], "texture": "#0", "cullface": "north"},
				"south": {"uv": [0, 8, 1, 9], "texture": "#0"},
				"west": {"uv": [0, 8, 5, 9], "texture": "#0", "cullface": "west"},
				"up": {"uv": [0, 0, 1, 5], "texture": "#0"}
			}
		},
		{
			"from": [0, 9, 2],
			"to": [1, 10, 3],
			"rotation": {"angle": 0, "axis": "y", "origin": [8, 17, 6]},
			"faces": {
				"north": {"uv": [15, 6, 16, 7], "texture": "#0"},
				"south": {"uv": [0, 6, 1, 7], "texture": "#0"},
				"west": {"uv": [2, 6, 3, 7], "texture": "#0", "cullface": "west"},
				"up": {"uv": [0, 2, 1, 3], "texture": "#0"},
				"down": {"uv": [0, 13, 1, 14], "texture": "#0"}
			}
		},
		{
			"from": [0, 9, 12],
			"to": [1, 10, 13],
			"rotation": {"angle": 0, "axis": "y", "origin": [8, 17, 16]},
			"faces": {
				"north": {"uv": [15, 6, 16, 7], "texture": "#0"},
				"south": {"uv": [0, 6, 1, 7], "texture": "#0"},
				"west": {"uv": [12, 6, 13, 7], "texture": "#0", "cullface": "west"},
				"up": {"uv": [0, 12, 1, 13], "texture": "#0"},
				"down": {"uv": [0, 3, 1, 4], "texture": "#0"}
			}
		},
		{
			"from": [0, 9, 7],
			"to": [1, 10, 8],
			"rotation": {"angle": 0, "axis": "y", "origin": [8, 17, 11]},
			"faces": {
				"north": {"uv": [15, 6, 16, 7], "texture": "#0"},
				"south": {"uv": [0, 6, 1, 7], "texture": "#0"},
				"west": {"uv": [7, 6, 8, 7], "texture": "#0", "cullface": "west"}
			}
		},
		{
			"from": [0, 9, 10],
			"to": [1, 11, 11],
			"rotation": {"angle": 0, "axis": "y", "origin": [8, 17, 14]},
			"faces": {
				"north": {"uv": [15, 5, 16, 7], "texture": "#0"},
				"south": {"uv": [0, 5, 1, 7], "texture": "#0"},
				"west": {"uv": [10, 5, 11, 7], "texture": "#0", "cullface": "west"},
				"down": {"uv": [0, 5, 1, 6], "texture": "#0"}
			}
		},
		{
			"from": [0, 10, 6],
			"to": [1, 11, 9],
			"rotation": {"angle": 0, "axis": "y", "origin": [8, 17, 11]},
			"faces": {
				"north": {"uv": [15, 5, 16, 6], "texture": "#0"},
				"south": {"uv": [0, 5, 1, 6], "texture": "#0"},
				"west": {"uv": [6, 5, 9, 6], "texture": "#0", "cullface": "west"},
				"up": {"uv": [0, 6, 1, 9], "texture": "#0"},
				"down": {"uv": [0, 7, 1, 10], "texture": "#0"}
			}
		},
		{
			"from": [0, 8, 6],
			"to": [1, 9, 9],
			"rotation": {"angle": 0, "axis": "y", "origin": [8, 15, 11]},
			"faces": {
				"north": {"uv": [15, 7, 16, 8], "texture": "#0"},
				"south": {"uv": [0, 7, 1, 8], "texture": "#0"},
				"west": {"uv": [6, 7, 9, 8], "texture": "#0", "cullface": "west"},
				"up": {"uv": [0, 6, 1, 9], "texture": "#0"},
				"down": {"uv": [0, 7, 1, 10], "texture": "#0"}
			}
		},
		{
			"from": [0, 8, 14],
			"to": [1, 11, 16],
			"rotation": {"angle": 0, "axis": "y", "origin": [8, 17, 18]},
			"faces": {
				"north": {"uv": [15, 5, 16, 8], "texture": "#0"},
				"east": {"uv": [0, 5, 2, 8], "texture": "#0"},
				"south": {"uv": [0, 5, 1, 8], "texture": "#0", "cullface": "south"},
				"west": {"uv": [14, 5, 16, 8], "texture": "#0", "cullface": "west"}
			}
		},
		{
			"from": [0, 9, 4],
			"to": [1, 11, 5],
			"rotation": {"angle": 0, "axis": "y", "origin": [8, 17, 8]},
			"faces": {
				"north": {"uv": [15, 5, 16, 7], "texture": "#0"},
				"south": {"uv": [0, 5, 1, 7], "texture": "#0"},
				"west": {"uv": [4, 5, 5, 7], "texture": "#0", "cullface": "west"},
				"down": {"uv": [0, 11, 1, 12], "texture": "#0"}
			}
		},
		{
			"from": [0, 8, 0],
			"to": [1, 11, 1],
			"rotation": {"angle": 0, "axis": "y", "origin": [8, 17, 4]},
			"faces": {
				"north": {"uv": [15, 5, 16, 8], "texture": "#0", "cullface": "north"},
				"south": {"uv": [0, 5, 1, 8], "texture": "#0"},
				"west": {"uv": [0, 5, 1, 8], "texture": "#0", "cullface": "west"}
			}
		},
		{
			"from": [0, 11, 10],
			"to": [1, 12, 16],
			"rotation": {"angle": 0, "axis": "y", "origin": [8, 19, 14]},
			"faces": {
				"north": {"uv": [15, 4, 16, 5], "texture": "#0"},
				"south": {"uv": [0, 4, 1, 5], "texture": "#0", "cullface": "south"},
				"west": {"uv": [10, 4, 16, 5], "texture": "#0", "cullface": "west"},
				"down": {"uv": [0, 0, 1, 6], "texture": "#0"}
			}
		},
		{
			"from": [0, 11, 0],
			"to": [1, 12, 5],
			"rotation": {"angle": 0, "axis": "y", "origin": [8, 19, 4]},
			"faces": {
				"north": {"uv": [15, 4, 16, 5], "texture": "#0", "cullface": "north"},
				"south": {"uv": [0, 4, 1, 5], "texture": "#0"},
				"west": {"uv": [0, 4, 5, 5], "texture": "#0", "cullface": "west"},
				"down": {"uv": [0, 11, 1, 16], "texture": "#0"}
			}
		},
		{
			"from": [0.99891, 12, 0],
			"to": [15.99891, 16, 1],
			"rotation": {"angle": 0, "axis": "y", "origin": [8.325, 7.63043, 0.5]},
			"faces": {
				"north": {"uv": [0.00109, 0, 15.00109, 4], "texture": "#0", "cullface": "north"},
				"east": {"uv": [15, 0, 16, 4], "texture": "#0"},
				"up": {"uv": [0.99891, 0, 15.99891, 1], "texture": "#1", "cullface": "up"},
				"down": {"uv": [0, 0, 1, 16], "rotation": 270, "texture": "#0"}
			}
		},
		{
			"from": [0.99891, 0, 0],
			"to": [15.99891, 2, 1],
			"rotation": {"angle": 0, "axis": "y", "origin": [8.325, 7.63043, 0.5]},
			"faces": {
				"north": {"uv": [0.00109, 14, 15.00109, 16], "texture": "#0", "cullface": "north"},
				"east": {"uv": [15, 14, 16, 16], "texture": "#0"},
				"up": {"uv": [0, 0, 1, 16], "rotation": 90, "texture": "#0"},
				"down": {"uv": [0.99891, 15, 15.99891, 16], "rotation": 180, "texture": "#1", "cullface": "down"}
			}
		},
		{
			"from": [8.99891, 2, 0],
			"to": [15.99891, 3, 1],
			"rotation": {"angle": 0, "axis": "y", "origin": [8.325, 7.63043, 0.5]},
			"faces": {
				"north": {"uv": [0, 13, 7, 14], "texture": "#0", "cullface": "north"},
				"east": {"uv": [15, 13, 16, 14], "texture": "#0"},
				"west": {"uv": [0, 13, 1, 14], "texture": "#0"},
				"up": {"uv": [0, 0, 1, 7], "rotation": 90, "texture": "#0"}
			}
		},
		{
			"from": [0.99891, 2, 0],
			"to": [7.99891, 3, 1],
			"rotation": {"angle": 0, "axis": "y", "origin": [8.325, 7.63043, 0.5]},
			"faces": {
				"north": {"uv": [8.00109, 13, 15.00109, 14], "texture": "#0", "cullface": "north"},
				"east": {"uv": [15, 13, 16, 14], "texture": "#0"},
				"up": {"uv": [0, 8, 1, 16], "rotation": 90, "texture": "#0"}
			}
		},
		{
			"from": [6.99891, 4, 0],
			"to": [7.99891, 5, 1],
			"rotation": {"angle": 0, "axis": "y", "origin": [8.325, 7.63043, 0.5]},
			"faces": {
				"north": {"uv": [8, 11, 9, 12], "texture": "#0", "cullface": "north"},
				"east": {"uv": [15, 11, 16, 12], "texture": "#0"},
				"up": {"uv": [0, 8, 1, 9], "rotation": 90, "texture": "#0"},
				"down": {"uv": [0, 7, 1, 8], "rotation": 270, "texture": "#0"}
			}
		},
		{
			"from": [0.99891, 3, 0],
			"to": [6.99891, 6, 1],
			"rotation": {"angle": 0, "axis": "y", "origin": [8.325, 7.63043, 0.5]},
			"faces": {
				"north": {"uv": [9.00109, 10, 15.00109, 13], "texture": "#0", "cullface": "north"},
				"east": {"uv": [15, 10, 16, 13], "texture": "#0"}
			}
		},
		{
			"from": [9.99891, 3, 0],
			"to": [15.99891, 6, 1],
			"rotation": {"angle": 0, "axis": "y", "origin": [8.325, 7.63043, 0.5]},
			"faces": {
				"north": {"uv": [0, 10, 6, 13], "texture": "#0", "cullface": "north"},
				"east": {"uv": [15, 10, 16, 13], "texture": "#0"},
				"west": {"uv": [0, 10, 1, 13], "texture": "#0"}
			}
		},
		{
			"from": [8.99891, 4, 0],
			"to": [9.99891, 5, 1],
			"rotation": {"angle": 0, "axis": "y", "origin": [8.325, 7.63043, 0.5]},
			"faces": {
				"north": {"uv": [6, 11, 7, 12], "texture": "#0", "cullface": "north"},
				"west": {"uv": [0, 11, 1, 12], "texture": "#0"},
				"up": {"uv": [0, 6, 1, 7], "rotation": 90, "texture": "#0"},
				"down": {"uv": [0, 9, 1, 10], "rotation": 270, "texture": "#0"}
			}
		},
		{
			"from": [8.99891, 6, 0],
			"to": [15.99891, 7, 1],
			"rotation": {"angle": 0, "axis": "y", "origin": [8.325, 7.63043, 0.5]},
			"faces": {
				"north": {"uv": [0, 9, 7, 10], "texture": "#0", "cullface": "north"},
				"east": {"uv": [15, 9, 16, 10], "texture": "#0"},
				"west": {"uv": [0, 9, 1, 10], "texture": "#0"},
				"up": {"uv": [0, 0, 1, 7], "rotation": 90, "texture": "#0"},
				"down": {"uv": [0, 9, 1, 16], "rotation": 270, "texture": "#0"}
			}
		},
		{
			"from": [0.99891, 6, 0],
			"to": [7.99891, 7, 1],
			"rotation": {"angle": 0, "axis": "y", "origin": [8.325, 7.63043, 0.5]},
			"faces": {
				"north": {"uv": [8.00109, 9, 15.00109, 10], "texture": "#0", "cullface": "north"},
				"east": {"uv": [15, 9, 16, 10], "texture": "#0"},
				"up": {"uv": [0, 8, 1, 16], "rotation": 90, "texture": "#0"},
				"down": {"uv": [0, 0, 1, 8], "rotation": 270, "texture": "#0"}
			}
		},
		{
			"from": [0.99891, 7, 0],
			"to": [5.99891, 8, 1],
			"rotation": {"angle": 0, "axis": "y", "origin": [8.325, 7.63043, 0.5]},
			"faces": {
				"north": {"uv": [10.00109, 8, 15.00109, 9], "texture": "#0", "cullface": "north"},
				"east": {"uv": [15, 8, 16, 9], "texture": "#0"},
				"up": {"uv": [0, 10, 1, 16], "rotation": 90, "texture": "#0"}
			}
		},
		{
			"from": [10.99891, 7, 0],
			"to": [15.99891, 8, 1],
			"rotation": {"angle": 0, "axis": "y", "origin": [8.325, 7.63043, 0.5]},
			"faces": {
				"north": {"uv": [0, 8, 5, 9], "texture": "#0", "cullface": "north"},
				"east": {"uv": [15, 8, 16, 9], "texture": "#0"},
				"west": {"uv": [0, 8, 1, 9], "texture": "#0"},
				"up": {"uv": [0, 0, 1, 5], "rotation": 90, "texture": "#0"}
			}
		},
		{
			"from": [12.99891, 9, 0],
			"to": [13.99891, 10, 1],
			"rotation": {"angle": 0, "axis": "y", "origin": [8.325, 7.63043, 0.5]},
			"faces": {
				"north": {"uv": [2, 6, 3, 7], "texture": "#0", "cullface": "north"},
				"east": {"uv": [15, 6, 16, 7], "texture": "#0"},
				"west": {"uv": [0, 6, 1, 7], "texture": "#0"},
				"up": {"uv": [0, 2, 1, 3], "rotation": 90, "texture": "#0"},
				"down": {"uv": [0, 13, 1, 14], "rotation": 270, "texture": "#0"}
			}
		},
		{
			"from": [2.99891, 9, 0],
			"to": [3.99891, 10, 1],
			"rotation": {"angle": 0, "axis": "y", "origin": [8.325, 7.63043, 0.5]},
			"faces": {
				"north": {"uv": [12, 6, 13, 7], "texture": "#0", "cullface": "north"},
				"east": {"uv": [15, 6, 16, 7], "texture": "#0"},
				"west": {"uv": [0, 6, 1, 7], "texture": "#0"},
				"up": {"uv": [0, 12, 1, 13], "rotation": 90, "texture": "#0"},
				"down": {"uv": [0, 3, 1, 4], "rotation": 270, "texture": "#0"}
			}
		},
		{
			"from": [7.99891, 9, 0],
			"to": [8.99891, 10, 1],
			"rotation": {"angle": 0, "axis": "y", "origin": [8.325, 7.63043, 0.5]},
			"faces": {
				"north": {"uv": [7, 6, 8, 7], "texture": "#0", "cullface": "north"},
				"east": {"uv": [15, 6, 16, 7], "texture": "#0"},
				"west": {"uv": [0, 6, 1, 7], "texture": "#0"}
			}
		},
		{
			"from": [4.99891, 9, 0],
			"to": [5.99891, 11, 1],
			"rotation": {"angle": 0, "axis": "y", "origin": [8.325, 7.63043, 0.5]},
			"faces": {
				"north": {"uv": [10, 5, 11, 7], "texture": "#0", "cullface": "north"},
				"east": {"uv": [15, 5, 16, 7], "texture": "#0"},
				"west": {"uv": [0, 5, 1, 7], "texture": "#0"},
				"down": {"uv": [0, 5, 1, 6], "rotation": 270, "texture": "#0"}
			}
		},
		{
			"from": [6.99891, 10, 0],
			"to": [9.99891, 11, 1],
			"rotation": {"angle": 0, "axis": "y", "origin": [8.325, 7.63043, 0.5]},
			"faces": {
				"north": {"uv": [6, 5, 9, 6], "texture": "#0", "cullface": "north"},
				"east": {"uv": [15, 5, 16, 6], "texture": "#0"},
				"west": {"uv": [0, 5, 1, 6], "texture": "#0"},
				"up": {"uv": [0, 6, 1, 9], "rotation": 90, "texture": "#0"},
				"down": {"uv": [0, 7, 1, 10], "rotation": 270, "texture": "#0"}
			}
		},
		{
			"from": [6.99891, 8, 0],
			"to": [9.99891, 9, 1],
			"rotation": {"angle": 0, "axis": "y", "origin": [8.325, 7.63043, 0.5]},
			"faces": {
				"north": {"uv": [6, 7, 9, 8], "texture": "#0", "cullface": "north"},
				"east": {"uv": [15, 7, 16, 8], "texture": "#0"},
				"west": {"uv": [0, 7, 1, 8], "texture": "#0"},
				"up": {"uv": [0, 6, 1, 9], "rotation": 90, "texture": "#0"},
				"down": {"uv": [0, 7, 1, 10], "rotation": 270, "texture": "#0"}
			}
		},
		{
			"from": [0.99891, 8, 0],
			"to": [1.99891, 11, 1],
			"rotation": {"angle": 0, "axis": "y", "origin": [8.325, 7.63043, 0.5]},
			"faces": {
				"north": {"uv": [14.00109, 5, 15.00109, 8], "texture": "#0", "cullface": "north"},
				"east": {"uv": [15, 5, 16, 8], "texture": "#0"}
			}
		},
		{
			"from": [10.99891, 9, 0],
			"to": [11.99891, 11, 1],
			"rotation": {"angle": 0, "axis": "y", "origin": [8.325, 7.63043, 0.5]},
			"faces": {
				"north": {"uv": [4, 5, 5, 7], "texture": "#0", "cullface": "north"},
				"east": {"uv": [15, 5, 16, 7], "texture": "#0"},
				"west": {"uv": [0, 5, 1, 7], "texture": "#0"},
				"down": {"uv": [0, 11, 1, 12], "rotation": 270, "texture": "#0"}
			}
		},
		{
			"from": [14.99891, 8, 0],
			"to": [15.99891, 11, 1],
			"rotation": {"angle": 0, "axis": "y", "origin": [8.325, 7.63043, 0.5]},
			"faces": {
				"north": {"uv": [0, 5, 1, 8], "texture": "#0", "cullface": "north"},
				"east": {"uv": [15, 5, 16, 8], "texture": "#0"},
				"west": {"uv": [0, 5, 1, 8], "texture": "#0"}
			}
		},
		{
			"from": [0.99891, 11, 0],
			"to": [5.99891, 12, 1],
			"rotation": {"angle": 0, "axis": "y", "origin": [8.325, 7.63043, 0.5]},
			"faces": {
				"north": {"uv": [10.00109, 4, 15.00109, 5], "texture": "#0", "cullface": "north"},
				"east": {"uv": [15, 4, 16, 5], "texture": "#0"},
				"down": {"uv": [0, 0, 1, 6], "rotation": 270, "texture": "#0"}
			}
		},
		{
			"from": [10.99891, 11, 0],
			"to": [15.99891, 12, 1],
			"rotation": {"angle": 0, "axis": "y", "origin": [8.325, 7.63043, 0.5]},
			"faces": {
				"north": {"uv": [0, 4, 5, 5], "texture": "#0", "cullface": "north"},
				"east": {"uv": [15, 4, 16, 5], "texture": "#0"},
				"west": {"uv": [0, 4, 1, 5], "texture": "#0"},
				"down": {"uv": [0, 11, 1, 16], "rotation": 270, "texture": "#0"}
			}
		},
		{
			"from": [14.99891, 12, 1],
			"to": [15.99891, 16, 16],
			"rotation": {"angle": 0, "axis": "y", "origin": [8.49891, 7.63043, 0.5]},
			"faces": {
				"east": {"uv": [0.00109, 0, 15.00109, 4], "texture": "#0"},
				"south": {"uv": [15, 0, 16, 4], "texture": "#0", "cullface": "south"},
				"up": {"uv": [14.99891, 1, 15.99891, 16], "texture": "#1", "cullface": "up"},
				"down": {"uv": [0, 0, 1, 16], "rotation": 180, "texture": "#0"}
			}
		},
		{
			"from": [14.99891, 0, 1],
			"to": [15.99891, 2, 16],
			"rotation": {"angle": 0, "axis": "y", "origin": [8.49891, 7.63043, 0.5]},
			"faces": {
				"east": {"uv": [0.00109, 14, 15.00109, 16], "texture": "#0"},
				"south": {"uv": [15, 14, 16, 16], "texture": "#0", "cullface": "south"},
				"up": {"uv": [0, 0, 1, 16], "rotation": 180, "texture": "#0"},
				"down": {"uv": [14.99891, 0, 15.99891, 15], "rotation": 180, "texture": "#1", "cullface": "down"}
			}
		},
		{
			"from": [14.99891, 2, 9],
			"to": [15.99891, 3, 16],
			"rotation": {"angle": 0, "axis": "y", "origin": [8.49891, 7.63043, 0.5]},
			"faces": {
				"north": {"uv": [0, 13, 1, 14], "texture": "#0"},
				"east": {"uv": [0, 13, 7, 14], "texture": "#0"},
				"south": {"uv": [15, 13, 16, 14], "texture": "#0", "cullface": "south"},
				"up": {"uv": [0, 0, 1, 7], "rotation": 180, "texture": "#0"}
			}
		},
		{
			"from": [14.99891, 2, 1],
			"to": [15.99891, 3, 8],
			"rotation": {"angle": 0, "axis": "y", "origin": [8.49891, 7.63043, 0.5]},
			"faces": {
				"east": {"uv": [8.00109, 13, 15.00109, 14], "texture": "#0"},
				"south": {"uv": [15, 13, 16, 14], "texture": "#0"},
				"up": {"uv": [0, 8, 1, 16], "rotation": 180, "texture": "#0"}
			}
		},
		{
			"from": [14.99891, 4, 7],
			"to": [15.99891, 5, 8],
			"rotation": {"angle": 0, "axis": "y", "origin": [8.49891, 7.63043, 0.5]},
			"faces": {
				"east": {"uv": [8, 11, 9, 12], "texture": "#0"},
				"south": {"uv": [15, 11, 16, 12], "texture": "#0"},
				"up": {"uv": [0, 8, 1, 9], "rotation": 180, "texture": "#0"},
				"down": {"uv": [0, 7, 1, 8], "rotation": 180, "texture": "#0"}
			}
		},
		{
			"from": [14.99891, 3, 1],
			"to": [15.99891, 6, 7],
			"rotation": {"angle": 0, "axis": "y", "origin": [8.49891, 7.63043, 0.5]},
			"faces": {
				"east": {"uv": [9.00109, 10, 15.00109, 13], "texture": "#0"},
				"south": {"uv": [15, 10, 16, 13], "texture": "#0"}
			}
		},
		{
			"from": [14.99891, 3, 10],
			"to": [15.99891, 6, 16],
			"rotation": {"angle": 0, "axis": "y", "origin": [8.49891, 7.63043, 0.5]},
			"faces": {
				"north": {"uv": [0, 10, 1, 13], "texture": "#0"},
				"east": {"uv": [0, 10, 6, 13], "texture": "#0"},
				"south": {"uv": [15, 10, 16, 13], "texture": "#0", "cullface": "south"}
			}
		},
		{
			"from": [14.99891, 4, 9],
			"to": [15.99891, 5, 10],
			"rotation": {"angle": 0, "axis": "y", "origin": [8.49891, 7.63043, 0.5]},
			"faces": {
				"north": {"uv": [0, 11, 1, 12], "texture": "#0"},
				"east": {"uv": [6, 11, 7, 12], "texture": "#0"},
				"up": {"uv": [0, 6, 1, 7], "rotation": 180, "texture": "#0"},
				"down": {"uv": [0, 9, 1, 10], "rotation": 180, "texture": "#0"}
			}
		},
		{
			"from": [14.99891, 6, 9],
			"to": [15.99891, 7, 16],
			"rotation": {"angle": 0, "axis": "y", "origin": [8.49891, 7.63043, 0.5]},
			"faces": {
				"north": {"uv": [0, 9, 1, 10], "texture": "#0"},
				"east": {"uv": [0, 9, 7, 10], "texture": "#0"},
				"south": {"uv": [15, 9, 16, 10], "texture": "#0", "cullface": "south"},
				"up": {"uv": [0, 0, 1, 7], "rotation": 180, "texture": "#0"},
				"down": {"uv": [0, 9, 1, 16], "rotation": 180, "texture": "#0"}
			}
		},
		{
			"from": [14.99891, 6, 1],
			"to": [15.99891, 7, 8],
			"rotation": {"angle": 0, "axis": "y", "origin": [8.49891, 7.63043, 0.5]},
			"faces": {
				"east": {"uv": [8.00109, 9, 15.00109, 10], "texture": "#0"},
				"south": {"uv": [15, 9, 16, 10], "texture": "#0"},
				"up": {"uv": [0, 8, 1, 16], "rotation": 180, "texture": "#0"},
				"down": {"uv": [0, 0, 1, 8], "rotation": 180, "texture": "#0"}
			}
		},
		{
			"from": [14.99891, 7, 1],
			"to": [15.99891, 8, 6],
			"rotation": {"angle": 0, "axis": "y", "origin": [8.49891, 7.63043, 0.5]},
			"faces": {
				"east": {"uv": [10.00109, 8, 15.00109, 9], "texture": "#0"},
				"south": {"uv": [15, 8, 16, 9], "texture": "#0"},
				"up": {"uv": [0, 10, 1, 16], "rotation": 180, "texture": "#0"}
			}
		},
		{
			"from": [14.99891, 7, 11],
			"to": [15.99891, 8, 16],
			"rotation": {"angle": 0, "axis": "y", "origin": [8.49891, 7.63043, 0.5]},
			"faces": {
				"north": {"uv": [0, 8, 1, 9], "texture": "#0"},
				"east": {"uv": [0, 8, 5, 9], "texture": "#0"},
				"south": {"uv": [15, 8, 16, 9], "texture": "#0", "cullface": "south"},
				"up": {"uv": [0, 0, 1, 5], "rotation": 180, "texture": "#0"}
			}
		},
		{
			"from": [14.99891, 9, 13],
			"to": [15.99891, 10, 14],
			"rotation": {"angle": 0, "axis": "y", "origin": [8.49891, 7.63043, 0.5]},
			"faces": {
				"north": {"uv": [0, 6, 1, 7], "texture": "#0"},
				"east": {"uv": [2, 6, 3, 7], "texture": "#0"},
				"south": {"uv": [15, 6, 16, 7], "texture": "#0"},
				"up": {"uv": [0, 2, 1, 3], "rotation": 180, "texture": "#0"},
				"down": {"uv": [0, 13, 1, 14], "rotation": 180, "texture": "#0"}
			}
		},
		{
			"from": [14.99891, 9, 3],
			"to": [15.99891, 10, 4],
			"rotation": {"angle": 0, "axis": "y", "origin": [8.49891, 7.63043, 0.5]},
			"faces": {
				"north": {"uv": [0, 6, 1, 7], "texture": "#0"},
				"east": {"uv": [12, 6, 13, 7], "texture": "#0"},
				"south": {"uv": [15, 6, 16, 7], "texture": "#0"},
				"up": {"uv": [0, 12, 1, 13], "rotation": 180, "texture": "#0"},
				"down": {"uv": [0, 3, 1, 4], "rotation": 180, "texture": "#0"}
			}
		},
		{
			"from": [14.99891, 9, 8],
			"to": [15.99891, 10, 9],
			"rotation": {"angle": 0, "axis": "y", "origin": [8.49891, 7.63043, 0.5]},
			"faces": {
				"north": {"uv": [0, 6, 1, 7], "texture": "#0"},
				"east": {"uv": [7, 6, 8, 7], "texture": "#0"},
				"south": {"uv": [15, 6, 16, 7], "texture": "#0"}
			}
		},
		{
			"from": [14.99891, 9, 5],
			"to": [15.99891, 11, 6],
			"rotation": {"angle": 0, "axis": "y", "origin": [8.49891, 7.63043, 0.5]},
			"faces": {
				"north": {"uv": [0, 5, 1, 7], "texture": "#0"},
				"east": {"uv": [10, 5, 11, 7], "texture": "#0"},
				"south": {"uv": [15, 5, 16, 7], "texture": "#0"},
				"down": {"uv": [0, 5, 1, 6], "rotation": 180, "texture": "#0"}
			}
		},
		{
			"from": [14.99891, 10, 7],
			"to": [15.99891, 11, 10],
			"rotation": {"angle": 0, "axis": "y", "origin": [8.49891, 7.63043, 0.5]},
			"faces": {
				"north": {"uv": [0, 5, 1, 6], "texture": "#0"},
				"east": {"uv": [6, 5, 9, 6], "texture": "#0"},
				"south": {"uv": [15, 5, 16, 6], "texture": "#0"},
				"up": {"uv": [0, 6, 1, 9], "rotation": 180, "texture": "#0"},
				"down": {"uv": [0, 7, 1, 10], "rotation": 180, "texture": "#0"}
			}
		},
		{
			"from": [14.99891, 8, 7],
			"to": [15.99891, 9, 10],
			"rotation": {"angle": 0, "axis": "y", "origin": [8.49891, 7.63043, 0.5]},
			"faces": {
				"north": {"uv": [0, 7, 1, 8], "texture": "#0"},
				"east": {"uv": [6, 7, 9, 8], "texture": "#0"},
				"south": {"uv": [15, 7, 16, 8], "texture": "#0"},
				"up": {"uv": [0, 6, 1, 9], "rotation": 180, "texture": "#0"},
				"down": {"uv": [0, 7, 1, 10], "rotation": 180, "texture": "#0"}
			}
		},
		{
			"from": [14.99891, 8, 1],
			"to": [15.99891, 11, 2],
			"rotation": {"angle": 0, "axis": "y", "origin": [8.49891, 7.63043, 0.5]},
			"faces": {
				"east": {"uv": [14.00109, 5, 15.00109, 8], "texture": "#0"},
				"south": {"uv": [15, 5, 16, 8], "texture": "#0"}
			}
		},
		{
			"from": [14.99891, 9, 11],
			"to": [15.99891, 11, 12],
			"rotation": {"angle": 0, "axis": "y", "origin": [8.49891, 7.63043, 0.5]},
			"faces": {
				"north": {"uv": [0, 5, 1, 7], "texture": "#0"},
				"east": {"uv": [4, 5, 5, 7], "texture": "#0"},
				"south": {"uv": [15, 5, 16, 7], "texture": "#0"},
				"down": {"uv": [0, 11, 1, 12], "rotation": 180, "texture": "#0"}
			}
		},
		{
			"from": [14.99891, 8, 15],
			"to": [15.99891, 11, 16],
			"rotation": {"angle": 0, "axis": "y", "origin": [8.49891, 7.63043, 0.5]},
			"faces": {
				"north": {"uv": [0, 5, 1, 8], "texture": "#0"},
				"east": {"uv": [0, 5, 1, 8], "texture": "#0"},
				"south": {"uv": [15, 5, 16, 8], "texture": "#0", "cullface": "south"}
			}
		},
		{
			"from": [14.99891, 11, 1],
			"to": [15.99891, 12, 6],
			"rotation": {"angle": 0, "axis": "y", "origin": [8.49891, 7.63043, 0.5]},
			"faces": {
				"east": {"uv": [10.00109, 4, 15.00109, 5], "texture": "#0"},
				"south": {"uv": [15, 4, 16, 5], "texture": "#0"},
				"down": {"uv": [0, 0, 1, 6], "rotation": 180, "texture": "#0"}
			}
		},
		{
			"from": [14.99891, 11, 11],
			"to": [15.99891, 12, 16],
			"rotation": {"angle": 0, "axis": "y", "origin": [8.49891, 7.63043, 0.5]},
			"faces": {
				"north": {"uv": [0, 4, 1, 5], "texture": "#0"},
				"east": {"uv": [0, 4, 5, 5], "texture": "#0"},
				"south": {"uv": [15, 4, 16, 5], "texture": "#0", "cullface": "south"},
				"down": {"uv": [0, 11, 1, 16], "rotation": 180, "texture": "#0"}
			}
		},
		{
			"from": [0.99891, 12, 15],
			"to": [14.99891, 16, 16],
			"rotation": {"angle": 0, "axis": "y", "origin": [15.49891, 7.63043, 8.5]},
			"faces": {
				"south": {"uv": [0.99891, 0, 14.99891, 4], "texture": "#0", "cullface": "south"},
				"up": {"uv": [0.99891, 15, 14.99891, 16], "texture": "#1", "cullface": "up"},
				"down": {"uv": [0, 0, 1, 16], "rotation": 90, "texture": "#0"}
			}
		},
		{
			"from": [0.99891, 0, 15],
			"to": [14.99891, 2, 16],
			"rotation": {"angle": 0, "axis": "y", "origin": [15.49891, 7.63043, 8.5]},
			"faces": {
				"south": {"uv": [0.99891, 14, 14.99891, 16], "texture": "#0", "cullface": "south"},
				"up": {"uv": [0, 0, 1, 16], "rotation": 270, "texture": "#0"},
				"down": {"uv": [0.99891, 0, 14.99891, 1], "texture": "#1", "cullface": "down"}
			}
		},
		{
			"from": [0.99891, 2, 15],
			"to": [6.99891, 3, 16],
			"rotation": {"angle": 0, "axis": "y", "origin": [15.49891, 7.63043, 8.5]},
			"faces": {
				"east": {"uv": [0, 13, 1, 14], "texture": "#0"},
				"south": {"uv": [0.99891, 13, 6.99891, 14], "texture": "#0", "cullface": "south"},
				"up": {"uv": [0, 0, 1, 7], "rotation": 270, "texture": "#0"}
			}
		},
		{
			"from": [7.99891, 2, 15],
			"to": [14.99891, 3, 16],
			"rotation": {"angle": 0, "axis": "y", "origin": [15.49891, 7.63043, 8.5]},
			"faces": {
				"south": {"uv": [7.99891, 13, 14.99891, 14], "texture": "#0", "cullface": "south"},
				"west": {"uv": [15, 13, 16, 14], "texture": "#0"},
				"up": {"uv": [0, 8, 1, 16], "rotation": 270, "texture": "#0"}
			}
		},
		{
			"from": [7.99891, 4, 15],
			"to": [8.99891, 5, 16],
			"rotation": {"angle": 0, "axis": "y", "origin": [15.49891, 7.63043, 8.5]},
			"faces": {
				"south": {"uv": [7.99891, 11, 8.99891, 12], "texture": "#0", "cullface": "south"},
				"west": {"uv": [15, 11, 16, 12], "texture": "#0"},
				"up": {"uv": [0, 8, 1, 9], "rotation": 270, "texture": "#0"},
				"down": {"uv": [0, 7, 1, 8], "rotation": 90, "texture": "#0"}
			}
		},
		{
			"from": [8.99891, 3, 15],
			"to": [14.99891, 6, 16],
			"rotation": {"angle": 0, "axis": "y", "origin": [15.49891, 7.63043, 8.5]},
			"faces": {
				"south": {"uv": [8.99891, 10, 14.99891, 13], "texture": "#0", "cullface": "south"},
				"west": {"uv": [15, 10, 16, 13], "texture": "#0"}
			}
		},
		{
			"from": [0.99891, 3, 15],
			"to": [5.99891, 6, 16],
			"rotation": {"angle": 0, "axis": "y", "origin": [15.49891, 7.63043, 8.5]},
			"faces": {
				"east": {"uv": [0, 10, 1, 13], "texture": "#0"},
				"south": {"uv": [0.99891, 10, 5.99891, 13], "texture": "#0", "cullface": "south"}
			}
		},
		{
			"from": [5.99891, 4, 15],
			"to": [6.99891, 5, 16],
			"rotation": {"angle": 0, "axis": "y", "origin": [15.49891, 7.63043, 8.5]},
			"faces": {
				"east": {"uv": [0, 11, 1, 12], "texture": "#0"},
				"south": {"uv": [5.99891, 11, 6.99891, 12], "texture": "#0", "cullface": "south"},
				"up": {"uv": [0, 6, 1, 7], "rotation": 270, "texture": "#0"},
				"down": {"uv": [0, 9, 1, 10], "rotation": 90, "texture": "#0"}
			}
		},
		{
			"from": [0.99891, 6, 15],
			"to": [6.99891, 7, 16],
			"rotation": {"angle": 0, "axis": "y", "origin": [15.49891, 7.63043, 8.5]},
			"faces": {
				"east": {"uv": [0, 9, 1, 10], "texture": "#0"},
				"south": {"uv": [0.99891, 9, 6.99891, 10], "texture": "#0", "cullface": "south"},
				"up": {"uv": [0, 0, 1, 7], "rotation": 270, "texture": "#0"},
				"down": {"uv": [0, 9, 1, 16], "rotation": 90, "texture": "#0"}
			}
		},
		{
			"from": [7.99891, 6, 15],
			"to": [14.99891, 7, 16],
			"rotation": {"angle": 0, "axis": "y", "origin": [15.49891, 7.63043, 8.5]},
			"faces": {
				"south": {"uv": [7.99891, 9, 14.99891, 10], "texture": "#0", "cullface": "south"},
				"west": {"uv": [15, 9, 16, 10], "texture": "#0"},
				"up": {"uv": [0, 8, 1, 16], "rotation": 270, "texture": "#0"},
				"down": {"uv": [0, 0, 1, 8], "rotation": 90, "texture": "#0"}
			}
		},
		{
			"from": [9.99891, 7, 15],
			"to": [14.99891, 8, 16],
			"rotation": {"angle": 0, "axis": "y", "origin": [15.49891, 7.63043, 8.5]},
			"faces": {
				"south": {"uv": [9.99891, 8, 14.99891, 9], "texture": "#0", "cullface": "south"},
				"west": {"uv": [15, 8, 16, 9], "texture": "#0"},
				"up": {"uv": [0, 10, 1, 16], "rotation": 270, "texture": "#0"}
			}
		},
		{
			"from": [0.99891, 7, 15],
			"to": [4.99891, 8, 16],
			"rotation": {"angle": 0, "axis": "y", "origin": [15.49891, 7.63043, 8.5]},
			"faces": {
				"east": {"uv": [0, 8, 1, 9], "texture": "#0"},
				"south": {"uv": [0.99891, 8, 4.99891, 9], "texture": "#0", "cullface": "south"},
				"up": {"uv": [0, 0, 1, 5], "rotation": 270, "texture": "#0"}
			}
		},
		{
			"from": [1.99891, 9, 15],
			"to": [2.99891, 10, 16],
			"rotation": {"angle": 0, "axis": "y", "origin": [15.49891, 7.63043, 8.5]},
			"faces": {
				"east": {"uv": [0, 6, 1, 7], "texture": "#0"},
				"south": {"uv": [1.99891, 6, 2.99891, 7], "texture": "#0", "cullface": "south"},
				"west": {"uv": [15, 6, 16, 7], "texture": "#0"},
				"up": {"uv": [0, 2, 1, 3], "rotation": 270, "texture": "#0"},
				"down": {"uv": [0, 13, 1, 14], "rotation": 90, "texture": "#0"}
			}
		},
		{
			"from": [11.99891, 9, 15],
			"to": [12.99891, 10, 16],
			"rotation": {"angle": 0, "axis": "y", "origin": [15.49891, 7.63043, 8.5]},
			"faces": {
				"east": {"uv": [0, 6, 1, 7], "texture": "#0"},
				"south": {"uv": [11.99891, 6, 12.99891, 7], "texture": "#0", "cullface": "south"},
				"west": {"uv": [15, 6, 16, 7], "texture": "#0"},
				"up": {"uv": [0, 12, 1, 13], "rotation": 270, "texture": "#0"},
				"down": {"uv": [0, 3, 1, 4], "rotation": 90, "texture": "#0"}
			}
		},
		{
			"from": [6.99891, 9, 15],
			"to": [7.99891, 10, 16],
			"rotation": {"angle": 0, "axis": "y", "origin": [15.49891, 7.63043, 8.5]},
			"faces": {
				"east": {"uv": [0, 6, 1, 7], "texture": "#0"},
				"south": {"uv": [6.99891, 6, 7.99891, 7], "texture": "#0", "cullface": "south"},
				"west": {"uv": [15, 6, 16, 7], "texture": "#0"}
			}
		},
		{
			"from": [9.99891, 9, 15],
			"to": [10.99891, 11, 16],
			"rotation": {"angle": 0, "axis": "y", "origin": [15.49891, 7.63043, 8.5]},
			"faces": {
				"east": {"uv": [0, 5, 1, 7], "texture": "#0"},
				"south": {"uv": [9.99891, 5, 10.99891, 7], "texture": "#0", "cullface": "south"},
				"west": {"uv": [15, 5, 16, 7], "texture": "#0"},
				"down": {"uv": [0, 5, 1, 6], "rotation": 90, "texture": "#0"}
			}
		},
		{
			"from": [5.99891, 10, 15],
			"to": [8.99891, 11, 16],
			"rotation": {"angle": 0, "axis": "y", "origin": [15.49891, 7.63043, 8.5]},
			"faces": {
				"east": {"uv": [0, 5, 1, 6], "texture": "#0"},
				"south": {"uv": [5.99891, 5, 8.99891, 6], "texture": "#0", "cullface": "south"},
				"west": {"uv": [15, 5, 16, 6], "texture": "#0"},
				"up": {"uv": [0, 6, 1, 9], "rotation": 270, "texture": "#0"},
				"down": {"uv": [0, 7, 1, 10], "rotation": 90, "texture": "#0"}
			}
		},
		{
			"from": [5.99891, 8, 15],
			"to": [8.99891, 9, 16],
			"rotation": {"angle": 0, "axis": "y", "origin": [15.49891, 7.63043, 8.5]},
			"faces": {
				"east": {"uv": [0, 7, 1, 8], "texture": "#0"},
				"south": {"uv": [5.99891, 7, 8.99891, 8], "texture": "#0", "cullface": "south"},
				"west": {"uv": [15, 7, 16, 8], "texture": "#0"},
				"up": {"uv": [0, 6, 1, 9], "rotation": 270, "texture": "#0"},
				"down": {"uv": [0, 7, 1, 10], "rotation": 90, "texture": "#0"}
			}
		},
		{
			"from": [13.99891, 8, 15],
			"to": [14.99891, 11, 16],
			"rotation": {"angle": 0, "axis": "y", "origin": [15.49891, 7.63043, 8.5]},
			"faces": {
				"south": {"uv": [13.99891, 5, 14.99891, 8], "texture": "#0", "cullface": "south"},
				"west": {"uv": [15, 5, 16, 8], "texture": "#0"}
			}
		},
		{
			"from": [3.99891, 9, 15],
			"to": [4.99891, 11, 16],
			"rotation": {"angle": 0, "axis": "y", "origin": [15.49891, 7.63043, 8.5]},
			"faces": {
				"east": {"uv": [0, 5, 1, 7], "texture": "#0"},
				"south": {"uv": [3.99891, 5, 4.99891, 7], "texture": "#0", "cullface": "south"},
				"west": {"uv": [15, 5, 16, 7], "texture": "#0"},
				"down": {"uv": [0, 11, 1, 12], "rotation": 90, "texture": "#0"}
			}
		},
		{
			"from": [9.99891, 11, 15],
			"to": [14.99891, 12, 16],
			"rotation": {"angle": 0, "axis": "y", "origin": [15.49891, 7.63043, 8.5]},
			"faces": {
				"south": {"uv": [9.99891, 4, 14.99891, 5], "texture": "#0", "cullface": "south"},
				"west": {"uv": [15, 4, 16, 5], "texture": "#0"},
				"down": {"uv": [0, 0, 1, 6], "rotation": 90, "texture": "#0"}
			}
		},
		{
			"from": [0.99891, 11, 15],
			"to": [4.99891, 12, 16],
			"rotation": {"angle": 0, "axis": "y", "origin": [15.49891, 7.63043, 8.5]},
			"faces": {
				"east": {"uv": [0, 4, 1, 5], "texture": "#0"},
				"south": {"uv": [0.99891, 4, 4.99891, 5], "texture": "#0", "cullface": "south"},
				"down": {"uv": [0, 11, 1, 16], "rotation": 90, "texture": "#0"}
			}
		}
	],
	"display": {
		"thirdperson_righthand": {
			"rotation": [75, 45, 0],
			"translation": [0, 2.5, 0],
			"scale": [0.375, 0.375, 0.375]
		},
		"thirdperson_lefthand": {
			"rotation": [75, 45, 0],
			"translation": [0, 2.5, 0],
			"scale": [0.375, 0.375, 0.375]
		},
		"firstperson_righthand": {
			"rotation": [0, 45, 0],
			"scale": [0.4, 0.4, 0.4]
		},
		"firstperson_lefthand": {
			"rotation": [0, 225, 0],
			"scale": [0.4, 0.4, 0.4]
		},
		"ground": {
			"translation": [0, 3, 0],
			"scale": [0.25, 0.25, 0.25]
		},
		"gui": {
			"rotation": [30, 225, 0],
			"scale": [0.625, 0.625, 0.625]
		},
		"fixed": {
			"scale": [0.5, 0.5, 0.5]
		}
	},
	"groups": [0,
		{
			"name": "cacetada",
			"origin": [8, 8, 8],
			"children": [1, 2, 3, 4, 5, 6, 7, 8, 9, 10, 11, 12, 13, 14, 15, 16, 17, 18, 19, 20, 21, 22, 23]
		},
		{
			"name": "cacetada2",
			"origin": [8, 8, 8],
			"children": [24, 25, 26, 27, 28, 29, 30, 31, 32, 33, 34, 35, 36, 37, 38, 39, 40, 41, 42, 43, 44, 45, 46]
		},
		{
			"name": "cacetada3",
			"origin": [8, 8, 8],
			"children": [47, 48, 49, 50, 51, 52, 53, 54, 55, 56, 57, 58, 59, 60, 61, 62, 63, 64, 65, 66, 67, 68, 69]
		},
		{
			"name": "cacetada4",
			"origin": [8, 8, 8],
			"children": [70, 71, 72, 73, 74, 75, 76, 77, 78, 79, 80, 81, 82, 83, 84, 85, 86, 87, 88, 89, 90, 91]
		}
	]
}