{
	"credit": "Made with Blockbench",
	"textures": {
		"0": "block/chiseled_sandstone",
		"2": "block/sandstone_top",
		"particle": "block/chiseled_sandstone"
	},
	"elements": [
		{
			"name": "base",
			"from": [1, 0, 1],
			"to": [15, 16, 15],
			"faces": {
				"north": {"uv": [1, 0, 15, 16], "texture": "#0"},
				"east": {"uv": [1, 0, 15, 16], "texture": "#0"},
				"south": {"uv": [1, 0, 15, 16], "texture": "#0"},
				"west": {"uv": [1, 0, 15, 16], "texture": "#0"},
				"up": {"uv": [1, 1, 15, 15], "texture": "#2", "cullface": "up"},
				"down": {"uv": [1, 1, 15, 15], "texture": "#2", "cullface": "down"}
			}
		},
		{
			"from": [0, 7, 10],
			"to": [1, 10, 16],
			"rotation": {"angle": 0, "axis": "y", "origin": [8, 15, 17]},
			"faces": {
				"north": {"uv": [15, 6, 16, 9], "texture": "#0"},
				"south": {"uv": [0, 6, 1, 9], "texture": "#0", "cullface": "south"},
				"west": {"uv": [10, 6, 16, 9], "texture": "#0", "cullface": "west"},
				"up": {"uv": [0, 10, 1, 16], "texture": "#0"}
			}
		},
		{
			"from": [0, 7, 7],
			"to": [1, 8, 9],
			"rotation": {"angle": 0, "axis": "y", "origin": [8, 15, 14]},
			"faces": {
				"north": {"uv": [15, 8, 16, 9], "texture": "#0"},
				"south": {"uv": [0, 8, 1, 9], "texture": "#0"},
				"west": {"uv": [7, 8, 9, 9], "texture": "#0", "cullface": "west"},
				"up": {"uv": [0, 7, 1, 9], "texture": "#0"}
			}
		},
		{
			"from": [0, 10, 7],
			"to": [1, 12, 9],
			"rotation": {"angle": 0, "axis": "y", "origin": [8, 18, 14]},
			"faces": {
				"north": {"uv": [15, 4, 16, 6], "texture": "#0"},
				"south": {"uv": [0, 4, 1, 6], "texture": "#0"},
				"west": {"uv": [7, 4, 9, 6], "texture": "#0", "cullface": "west"},
				"down": {"uv": [0, 7, 1, 9], "texture": "#0"}
			}
		},
		{
			"from": [0, 9, 9],
			"to": [1, 10, 10],
			"rotation": {"angle": 0, "axis": "y", "origin": [8, 17, 15]},
			"faces": {
				"north": {"uv": [15, 6, 16, 7], "texture": "#0"},
				"west": {"uv": [9, 6, 10, 7], "texture": "#0", "cullface": "west"},
				"up": {"uv": [0, 9, 1, 10], "texture": "#0"},
				"down": {"uv": [0, 6, 1, 7], "texture": "#0"}
			}
		},
		{
			"from": [0, 9, 6],
			"to": [1, 10, 7],
			"rotation": {"angle": 0, "axis": "y", "origin": [8, 17, 12]},
			"faces": {
				"south": {"uv": [0, 6, 1, 7], "texture": "#0"},
				"west": {"uv": [6, 6, 7, 7], "texture": "#0", "cullface": "west"},
				"up": {"uv": [0, 6, 1, 7], "texture": "#0"},
				"down": {"uv": [0, 9, 1, 10], "texture": "#0"}
			}
		},
		{
			"from": [0, 7, 0],
			"to": [1, 10, 6],
			"rotation": {"angle": 0, "axis": "y", "origin": [8, 15, 7]},
			"faces": {
				"north": {"uv": [15, 6, 16, 9], "texture": "#0", "cullface": "north"},
				"south": {"uv": [0, 6, 1, 9], "texture": "#0"},
				"west": {"uv": [0, 6, 6, 9], "texture": "#0", "cullface": "west"},
				"up": {"uv": [0, 0, 1, 6], "texture": "#0"}
			}
		},
		{
			"from": [0, 12, 5],
			"to": [1, 16, 11],
			"rotation": {"angle": 0, "axis": "y", "origin": [8, 20, 12]},
			"faces": {
				"west": {"uv": [5, 0, 11, 4], "texture": "#0", "cullface": "west"},
				"up": {"uv": [0, 5, 1, 11], "texture": "#2", "cullface": "up"},
				"down": {"uv": [0, 5, 1, 11], "texture": "#0"}
			}
		},
		{
			"from": [0, 10, 11],
			"to": [1, 16, 16],
			"rotation": {"angle": 0, "axis": "y", "origin": [8, 18, 18]},
			"faces": {
				"north": {"uv": [15, 0, 16, 6], "texture": "#0"},
				"south": {"uv": [0, 0, 1, 6], "texture": "#0", "cullface": "south"},
				"west": {"uv": [11, 0, 16, 6], "texture": "#0", "cullface": "west"},
				"up": {"uv": [0, 11, 1, 16], "texture": "#2", "cullface": "up"}
			}
		},
		{
			"from": [0, 10, 0],
			"to": [1, 16, 5],
			"rotation": {"angle": 0, "axis": "y", "origin": [8, 18, 7]},
			"faces": {
				"north": {"uv": [15, 0, 16, 6], "texture": "#0", "cullface": "north"},
				"south": {"uv": [0, 0, 1, 6], "texture": "#0"},
				"west": {"uv": [0, 0, 5, 6], "texture": "#0", "cullface": "west"},
				"up": {"uv": [0, 0, 1, 5], "texture": "#2", "cullface": "up"}
			}
		},
		{
			"from": [1, 7, 0],
			"to": [6, 10, 1],
			"rotation": {"angle": 0, "axis": "y", "origin": [0.5, 9.8, 8]},
			"faces": {
				"north": {"uv": [10, 6, 15, 9], "texture": "#0", "cullface": "north"},
				"east": {"uv": [15, 6, 16, 9], "texture": "#0"},
				"up": {"uv": [1, 0, 6, 1], "texture": "#0"}
			}
		},
		{
			"from": [7, 7, 0],
			"to": [9, 8, 1],
			"rotation": {"angle": 0, "axis": "y", "origin": [0.5, 9.8, 8]},
			"faces": {
				"north": {"uv": [7, 8, 9, 9], "texture": "#0", "cullface": "north"},
				"east": {"uv": [15, 8, 16, 9], "texture": "#0"},
				"west": {"uv": [0, 8, 1, 9], "texture": "#0"},
				"up": {"uv": [7, 0, 9, 1], "texture": "#0"}
			}
		},
		{
			"from": [7, 10, 0],
			"to": [9, 12, 1],
			"rotation": {"angle": 0, "axis": "y", "origin": [0.5, 9.8, 8]},
			"faces": {
				"north": {"uv": [7, 4, 9, 6], "texture": "#0", "cullface": "north"},
				"east": {"uv": [15, 4, 16, 6], "texture": "#0"},
				"west": {"uv": [0, 4, 1, 6], "texture": "#0"},
				"down": {"uv": [7, 15, 9, 16], "texture": "#0"}
			}
		},
		{
			"from": [6, 9, 0],
			"to": [7, 10, 1],
			"rotation": {"angle": 0, "axis": "y", "origin": [0.5, 9.8, 8]},
			"faces": {
				"north": {"uv": [9, 6, 10, 7], "texture": "#0", "cullface": "north"},
				"east": {"uv": [15, 6, 16, 7], "texture": "#0"},
				"up": {"uv": [6, 0, 7, 1], "texture": "#0"},
				"down": {"uv": [6, 15, 7, 16], "texture": "#0"}
			}
		},
		{
			"from": [9, 9, 0],
			"to": [10, 10, 1],
			"rotation": {"angle": 0, "axis": "y", "origin": [0.5, 9.8, 8]},
			"faces": {
				"north": {"uv": [6, 6, 7, 7], "texture": "#0", "cullface": "north"},
				"west": {"uv": [0, 6, 1, 7], "texture": "#0"},
				"up": {"uv": [9, 0, 10, 1], "texture": "#0"},
				"down": {"uv": [9, 15, 10, 16], "texture": "#0"}
			}
		},
		{
			"from": [10, 7, 0],
			"to": [16, 10, 1],
			"rotation": {"angle": 0, "axis": "y", "origin": [0.5, 9.8, 8]},
			"faces": {
				"north": {"uv": [0, 6, 6, 9], "texture": "#0", "cullface": "north"},
				"east": {"uv": [15, 6, 16, 9], "texture": "#0", "cullface": "east"},
				"west": {"uv": [0, 6, 1, 9], "texture": "#0"},
				"up": {"uv": [10, 0, 16, 1], "texture": "#0"}
			}
		},
		{
			"from": [5, 12, 0],
			"to": [11, 16, 1],
			"rotation": {"angle": 0, "axis": "y", "origin": [0.5, 9.8, 8]},
			"faces": {
				"north": {"uv": [5, 0, 11, 4], "texture": "#0", "cullface": "north"},
				"up": {"uv": [5, 0, 11, 1], "texture": "#2", "cullface": "up"},
				"down": {"uv": [5, 15, 11, 16], "texture": "#0"}
			}
		},
		{
			"from": [1, 10, 0],
			"to": [5, 16, 1],
			"rotation": {"angle": 0, "axis": "y", "origin": [0.5, 9.8, 8]},
			"faces": {
				"north": {"uv": [11, 0, 15, 6], "texture": "#0", "cullface": "north"},
				"east": {"uv": [15, 0, 16, 6], "texture": "#0"},
				"up": {"uv": [1, 0, 5, 1], "texture": "#2", "cullface": "up"}
			}
		},
		{
			"from": [11, 10, 0],
			"to": [16, 16, 1],
			"rotation": {"angle": 0, "axis": "y", "origin": [0.5, 9.8, 8]},
			"faces": {
				"north": {"uv": [0, 0, 5, 6], "texture": "#0", "cullface": "north"},
				"east": {"uv": [15, 0, 16, 6], "texture": "#0", "cullface": "east"},
				"west": {"uv": [0, 0, 1, 6], "texture": "#0"},
				"up": {"uv": [11, 0, 16, 1], "texture": "#2", "cullface": "up"}
			}
		},
		{
			"from": [15, 7, 1],
			"to": [16, 10, 6],
			"rotation": {"angle": 0, "axis": "y", "origin": [8.15, 9.8, 0.5]},
			"faces": {
				"east": {"uv": [10, 6, 15, 9], "texture": "#0", "cullface": "east"},
				"south": {"uv": [15, 6, 16, 9], "texture": "#0"},
				"up": {"uv": [15, 1, 16, 6], "texture": "#0"}
			}
		},
		{
			"from": [15, 7, 7],
			"to": [16, 8, 9],
			"rotation": {"angle": 0, "axis": "y", "origin": [8.15, 9.8, 0.5]},
			"faces": {
				"north": {"uv": [0, 8, 1, 9], "texture": "#0"},
				"east": {"uv": [7, 8, 9, 9], "texture": "#0", "cullface": "east"},
				"south": {"uv": [15, 8, 16, 9], "texture": "#0"},
				"up": {"uv": [15, 7, 16, 9], "texture": "#0"}
			}
		},
		{
			"from": [15, 10, 7],
			"to": [16, 12, 9],
			"rotation": {"angle": 0, "axis": "y", "origin": [8.15, 9.8, 0.5]},
			"faces": {
				"north": {"uv": [0, 4, 1, 6], "texture": "#0"},
				"east": {"uv": [7, 4, 9, 6], "texture": "#0", "cullface": "east"},
				"south": {"uv": [15, 4, 16, 6], "texture": "#0"},
				"down": {"uv": [15, 7, 16, 9], "texture": "#0"}
			}
		},
		{
			"from": [15, 9, 6],
			"to": [16, 10, 7],
			"rotation": {"angle": 0, "axis": "y", "origin": [8.15, 9.8, 0.5]},
			"faces": {
				"east": {"uv": [9, 6, 10, 7], "texture": "#0", "cullface": "east"},
				"south": {"uv": [15, 6, 16, 7], "texture": "#0"},
				"up": {"uv": [15, 6, 16, 7], "texture": "#0"},
				"down": {"uv": [15, 9, 16, 10], "texture": "#0"}
			}
		},
		{
			"from": [15, 9, 9],
			"to": [16, 10, 10],
			"rotation": {"angle": 0, "axis": "y", "origin": [8.15, 9.8, 0.5]},
			"faces": {
				"north": {"uv": [0, 6, 1, 7], "texture": "#0"},
				"east": {"uv": [6, 6, 7, 7], "texture": "#0", "cullface": "east"},
				"up": {"uv": [15, 9, 16, 10], "texture": "#0"},
				"down": {"uv": [15, 6, 16, 7], "texture": "#0"}
			}
		},
		{
			"from": [15, 7, 10],
			"to": [16, 10, 16],
			"rotation": {"angle": 0, "axis": "y", "origin": [8.15, 9.8, 0.5]},
			"faces": {
				"north": {"uv": [0, 6, 1, 9], "texture": "#0"},
				"east": {"uv": [0, 6, 6, 9], "texture": "#0", "cullface": "east"},
				"south": {"uv": [15, 6, 16, 9], "texture": "#0", "cullface": "south"},
				"up": {"uv": [15, 10, 16, 16], "texture": "#0"}
			}
		},
		{
			"from": [15, 12, 5],
			"to": [16, 16, 11],
			"rotation": {"angle": 0, "axis": "y", "origin": [8.15, 9.8, 0.5]},
			"faces": {
				"east": {"uv": [5, 0, 11, 4], "texture": "#0", "cullface": "east"},
				"up": {"uv": [15, 5, 16, 11], "texture": "#2", "cullface": "up"},
				"down": {"uv": [15, 5, 16, 11], "texture": "#0"}
			}
		},
		{
			"from": [15, 10, 1],
			"to": [16, 16, 5],
			"rotation": {"angle": 0, "axis": "y", "origin": [8.15, 9.8, 0.5]},
			"faces": {
				"east": {"uv": [11, 0, 15, 6], "texture": "#0", "cullface": "east"},
				"south": {"uv": [15, 0, 16, 6], "texture": "#0"},
				"up": {"uv": [15, 1, 16, 5], "texture": "#2", "cullface": "up"}
			}
		},
		{
			"from": [15, 10, 11],
			"to": [16, 16, 16],
			"rotation": {"angle": 0, "axis": "y", "origin": [8.15, 9.8, 0.5]},
			"faces": {
				"north": {"uv": [0, 0, 1, 6], "texture": "#0"},
				"east": {"uv": [0, 0, 5, 6], "texture": "#0", "cullface": "east"},
				"south": {"uv": [15, 0, 16, 6], "texture": "#0", "cullface": "south"},
				"up": {"uv": [15, 11, 16, 16], "texture": "#2", "cullface": "up"}
			}
		},
		{
			"from": [10, 7, 15],
			"to": [15, 10, 16],
			"rotation": {"angle": 0, "axis": "y", "origin": [15.5, 9.8, 8.15]},
			"faces": {
				"south": {"uv": [10, 6, 15, 9], "texture": "#0", "cullface": "south"},
				"west": {"uv": [15, 6, 16, 9], "texture": "#0"},
				"up": {"uv": [10, 15, 15, 16], "texture": "#0"}
			}
		},
		{
			"from": [7, 7, 15],
			"to": [9, 8, 16],
			"rotation": {"angle": 0, "axis": "y", "origin": [15.5, 9.8, 8.15]},
			"faces": {
				"east": {"uv": [0, 8, 1, 9], "texture": "#0"},
				"south": {"uv": [7, 8, 9, 9], "texture": "#0", "cullface": "south"},
				"west": {"uv": [15, 8, 16, 9], "texture": "#0"},
				"up": {"uv": [7, 15, 9, 16], "texture": "#0"}
			}
		},
		{
			"from": [7, 10, 15],
			"to": [9, 12, 16],
			"rotation": {"angle": 0, "axis": "y", "origin": [15.5, 9.8, 8.15]},
			"faces": {
				"east": {"uv": [0, 4, 1, 6], "texture": "#0"},
				"south": {"uv": [7, 4, 9, 6], "texture": "#0", "cullface": "south"},
				"west": {"uv": [15, 4, 16, 6], "texture": "#0"},
				"down": {"uv": [7, 0, 9, 1], "texture": "#0"}
			}
		},
		{
			"from": [9, 9, 15],
			"to": [10, 10, 16],
			"rotation": {"angle": 0, "axis": "y", "origin": [15.5, 9.8, 8.15]},
			"faces": {
				"south": {"uv": [9, 6, 10, 7], "texture": "#0", "cullface": "south"},
				"west": {"uv": [15, 6, 16, 7], "texture": "#0"},
				"up": {"uv": [9, 15, 10, 16], "texture": "#0"},
				"down": {"uv": [9, 0, 10, 1], "texture": "#0"}
			}
		},
		{
			"from": [6, 9, 15],
			"to": [7, 10, 16],
			"rotation": {"angle": 0, "axis": "y", "origin": [15.5, 9.8, 8.15]},
			"faces": {
				"east": {"uv": [0, 6, 1, 7], "texture": "#0"},
				"south": {"uv": [6, 6, 7, 7], "texture": "#0", "cullface": "south"},
				"up": {"uv": [6, 15, 7, 16], "texture": "#0"},
				"down": {"uv": [6, 0, 7, 1], "texture": "#0"}
			}
		},
		{
			"from": [1, 7, 15],
			"to": [6, 10, 16],
			"rotation": {"angle": 0, "axis": "y", "origin": [15.5, 9.8, 8.15]},
			"faces": {
				"east": {"uv": [0, 6, 1, 9], "texture": "#0"},
				"south": {"uv": [1, 6, 6, 9], "texture": "#0", "cullface": "south"},
				"up": {"uv": [1, 15, 6, 16], "texture": "#0"}
			}
		},
		{
			"from": [5, 12, 15],
			"to": [11, 16, 16],
			"rotation": {"angle": 0, "axis": "y", "origin": [15.5, 9.8, 8.15]},
			"faces": {
				"south": {"uv": [5, 0, 11, 4], "texture": "#0", "cullface": "south"},
				"up": {"uv": [5, 15, 11, 16], "texture": "#2", "cullface": "up"},
				"down": {"uv": [5, 0, 11, 1], "texture": "#0"}
			}
		},
		{
			"from": [11, 10, 15],
			"to": [15, 16, 16],
			"rotation": {"angle": 0, "axis": "y", "origin": [15.5, 9.8, 8.15]},
			"faces": {
				"south": {"uv": [11, 0, 15, 6], "texture": "#0", "cullface": "south"},
				"west": {"uv": [15, 0, 16, 6], "texture": "#0"},
				"up": {"uv": [11, 15, 15, 16], "texture": "#2", "cullface": "up"}
			}
		},
		{
			"from": [1, 10, 15],
			"to": [5, 16, 16],
			"rotation": {"angle": 0, "axis": "y", "origin": [15.5, 9.8, 8.15]},
			"faces": {
				"east": {"uv": [0, 0, 1, 6], "texture": "#0"},
				"south": {"uv": [1, 0, 5, 6], "texture": "#0", "cullface": "south"},
				"up": {"uv": [1, 15, 5, 16], "texture": "#2", "cullface": "up"}
			}
		},
		{
			"from": [1, 0, 0],
			"to": [16, 2, 1],
			"rotation": {"angle": 0, "axis": "y", "origin": [0.5, 4.8, 8]},
			"faces": {
				"north": {"uv": [0, 14, 15, 16], "texture": "#0", "cullface": "north"},
				"east": {"uv": [0, 14, 1, 16], "texture": "#0", "cullface": "east"},
				"up": {"uv": [0, 14, 15, 15], "texture": "#0"},
				"down": {"uv": [0, 14, 15, 15], "texture": "#0", "cullface": "down"}
			}
		},
		{
			"from": [1, 2, 0],
			"to": [2, 5, 1],
			"rotation": {"angle": 0, "axis": "y", "origin": [0.5, 6.8, 8]},
			"faces": {
				"north": {"uv": [14, 11, 15, 14], "texture": "#0", "cullface": "north"},
				"east": {"uv": [14, 11, 15, 14], "texture": "#0"}
			}
		},
		{
			"from": [3, 2, 0],
			"to": [5, 4, 1],
			"rotation": {"angle": 0, "axis": "y", "origin": [2.5, 6.8, 8]},
			"faces": {
				"north": {"uv": [11, 12, 13, 14], "texture": "#0", "cullface": "north"},
				"east": {"uv": [11, 12, 12, 14], "texture": "#0"},
				"west": {"uv": [11, 12, 12, 14], "texture": "#0"},
				"up": {"uv": [11, 12, 13, 13], "texture": "#0"}
			}
		},
		{
			"from": [6, 2, 0],
			"to": [8, 3, 1],
			"rotation": {"angle": 0, "axis": "y", "origin": [5.5, 6.8, 8]},
			"faces": {
				"north": {"uv": [8, 13, 10, 14], "texture": "#0", "cullface": "north"},
				"east": {"uv": [8, 13, 9, 14], "texture": "#0"},
				"west": {"uv": [8, 13, 9, 14], "texture": "#0"},
				"up": {"uv": [8, 13, 10, 14], "texture": "#0"}
			}
		},
		{
			"from": [9, 2, 0],
			"to": [12, 3, 1],
			"rotation": {"angle": 0, "axis": "y", "origin": [8.5, 6.8, 8]},
			"faces": {
				"north": {"uv": [4, 13, 7, 14], "texture": "#0", "cullface": "north"},
				"east": {"uv": [4, 13, 5, 14], "texture": "#0"},
				"west": {"uv": [4, 13, 5, 14], "texture": "#0"},
				"up": {"uv": [4, 13, 7, 14], "texture": "#0"}
			}
		},
		{
			"from": [13, 2, 0],
			"to": [14, 3, 1],
			"rotation": {"angle": 0, "axis": "y", "origin": [10.5, 6.8, 8]},
			"faces": {
				"north": {"uv": [2, 13, 3, 14], "texture": "#0", "cullface": "north"},
				"east": {"uv": [2, 13, 3, 14], "texture": "#0"},
				"west": {"uv": [2, 13, 3, 14], "texture": "#0"},
				"up": {"uv": [2, 13, 3, 14], "texture": "#0"}
			}
		},
		{
			"from": [14, 3, 0],
			"to": [15, 4, 1],
			"rotation": {"angle": 0, "axis": "y", "origin": [11.5, 7.8, 8]},
			"faces": {
				"north": {"uv": [1, 12, 2, 13], "texture": "#0", "cullface": "north"},
				"west": {"uv": [1, 12, 2, 13], "texture": "#0"},
				"down": {"uv": [1, 12, 2, 13], "texture": "#0"}
			}
		},
		{
			"from": [13, 4, 0],
			"to": [16, 5, 1],
			"rotation": {"angle": 0, "axis": "y", "origin": [11.5, 8.8, 8]},
			"faces": {
				"north": {"uv": [0, 11, 3, 12], "texture": "#0", "cullface": "north"},
				"east": {"uv": [0, 11, 1, 12], "texture": "#0", "cullface": "east"},
				"west": {"uv": [0, 11, 1, 12], "texture": "#0"},
				"down": {"uv": [0, 11, 3, 12], "texture": "#0"}
			}
		},
		{
			"from": [15, 2, 0],
			"to": [16, 4, 1],
			"rotation": {"angle": 0, "axis": "y", "origin": [11.5, 7.8, 8]},
			"faces": {
				"north": {"uv": [0, 12, 1, 14], "texture": "#0", "cullface": "north"},
				"east": {"uv": [0, 12, 1, 14], "texture": "#0", "cullface": "east"},
				"west": {"uv": [0, 12, 1, 14], "texture": "#0"}
			}
		},
		{
			"from": [10, 4, 0],
			"to": [12, 5, 1],
			"rotation": {"angle": 0, "axis": "y", "origin": [7.5, 8.8, 8]},
			"faces": {
				"north": {"uv": [4, 11, 6, 12], "texture": "#0", "cullface": "north"},
				"east": {"uv": [4, 11, 5, 12], "texture": "#0"},
				"west": {"uv": [4, 11, 5, 12], "texture": "#0"},
				"down": {"uv": [4, 11, 6, 12], "texture": "#0"}
			}
		},
		{
			"from": [5, 4, 0],
			"to": [8, 5, 1],
			"rotation": {"angle": 0, "axis": "y", "origin": [3.5, 8.8, 8]},
			"faces": {
				"north": {"uv": [8, 11, 11, 12], "texture": "#0", "cullface": "north"},
				"east": {"uv": [8, 11, 9, 12], "texture": "#0"},
				"west": {"uv": [8, 11, 9, 12], "texture": "#0"},
				"down": {"uv": [8, 11, 11, 12], "texture": "#0"}
			}
		},
		{
			"from": [1, 5, 0],
			"to": [16, 7, 1],
			"rotation": {"angle": 0, "axis": "y", "origin": [0.5, 9.8, 8]},
			"faces": {
				"north": {"uv": [0, 9, 15, 11], "texture": "#0", "cullface": "north"},
				"east": {"uv": [0, 9, 1, 11], "texture": "#0", "cullface": "east"},
				"up": {"uv": [0, 9, 15, 10], "texture": "#0"},
				"down": {"uv": [0, 9, 15, 10], "texture": "#0"}
			}
		},
		{
			"from": [0, 5, 0],
			"to": [1, 7, 16],
			"rotation": {"angle": 0, "axis": "y", "origin": [8, 13, 8]},
			"faces": {
				"north": {"uv": [0, 9, 1, 11], "texture": "#0", "cullface": "north"},
				"south": {"uv": [0, 9, 1, 11], "texture": "#0", "cullface": "south"},
				"west": {"uv": [0, 9, 16, 11], "texture": "#0", "cullface": "west"},
				"up": {"uv": [0, 9, 16, 10], "rotation": 90, "texture": "#0"},
				"down": {"uv": [0, 9, 16, 10], "rotation": 90, "texture": "#0"}
			}
		},
		{
			"from": [0, 0, 0],
			"to": [1, 2, 16],
			"faces": {
				"north": {"uv": [0, 14, 1, 16], "texture": "#0", "cullface": "north"},
				"south": {"uv": [0, 14, 1, 16], "texture": "#0", "cullface": "south"},
				"west": {"uv": [0, 14, 16, 16], "texture": "#0", "cullface": "west"},
				"up": {"uv": [0, 14, 16, 15], "rotation": 90, "texture": "#0"},
				"down": {"uv": [0, 14, 16, 15], "rotation": 90, "texture": "#0", "cullface": "down"}
			}
		},
		{
			"from": [0, 2, 14],
			"to": [1, 5, 16],
			"rotation": {"angle": 0, "axis": "y", "origin": [8, 10, 8]},
			"faces": {
				"north": {"uv": [14, 11, 15, 14], "texture": "#0"},
				"east": {"uv": [14, 11, 16, 14], "texture": "#0"},
				"south": {"uv": [14, 11, 15, 14], "texture": "#0", "cullface": "south"},
				"west": {"uv": [14, 11, 16, 14], "texture": "#0", "cullface": "west"}
			}
		},
		{
			"from": [0, 2, 11],
			"to": [1, 4, 13],
			"rotation": {"angle": 0, "axis": "y", "origin": [8, 10, 5]},
			"faces": {
				"north": {"uv": [11, 12, 12, 14], "texture": "#0"},
				"south": {"uv": [11, 12, 12, 14], "texture": "#0"},
				"west": {"uv": [11, 12, 13, 14], "texture": "#0", "cullface": "west"},
				"up": {"uv": [11, 12, 13, 13], "rotation": 90, "texture": "#0"}
			}
		},
		{
			"from": [0, 2, 8],
			"to": [1, 3, 10],
			"rotation": {"angle": 0, "axis": "y", "origin": [8, 10, 2]},
			"faces": {
				"north": {"uv": [8, 13, 9, 14], "texture": "#0"},
				"south": {"uv": [8, 13, 9, 14], "texture": "#0"},
				"west": {"uv": [8, 13, 10, 14], "texture": "#0", "cullface": "west"},
				"up": {"uv": [8, 13, 10, 14], "rotation": 90, "texture": "#0"}
			}
		},
		{
			"from": [0, 2, 4],
			"to": [1, 3, 7],
			"rotation": {"angle": 0, "axis": "y", "origin": [8, 10, -1]},
			"faces": {
				"north": {"uv": [4, 13, 5, 14], "texture": "#0"},
				"south": {"uv": [4, 13, 5, 14], "texture": "#0"},
				"west": {"uv": [4, 13, 7, 14], "texture": "#0", "cullface": "west"},
				"up": {"uv": [4, 13, 7, 14], "rotation": 90, "texture": "#0"}
			}
		},
		{
			"from": [0, 2, 2],
			"to": [1, 3, 3],
			"rotation": {"angle": 0, "axis": "y", "origin": [8, 10, -3]},
			"faces": {
				"north": {"uv": [2, 13, 3, 14], "texture": "#0"},
				"south": {"uv": [2, 13, 3, 14], "texture": "#0"},
				"west": {"uv": [2, 13, 3, 14], "texture": "#0", "cullface": "west"},
				"up": {"uv": [2, 13, 3, 14], "rotation": 90, "texture": "#0"}
			}
		},
		{
			"from": [0, 3, 1],
			"to": [1, 4, 2],
			"rotation": {"angle": 0, "axis": "y", "origin": [8, 11, -4]},
			"faces": {
				"south": {"uv": [1, 12, 2, 13], "texture": "#0"},
				"west": {"uv": [1, 12, 2, 13], "texture": "#0", "cullface": "west"},
				"down": {"uv": [1, 12, 2, 13], "rotation": 90, "texture": "#0"}
			}
		},
		{
			"from": [0, 4, 4],
			"to": [1, 5, 6],
			"rotation": {"angle": 0, "axis": "y", "origin": [8, 12, -1]},
			"faces": {
				"north": {"uv": [4, 11, 5, 12], "texture": "#0"},
				"south": {"uv": [4, 11, 5, 12], "texture": "#0"},
				"west": {"uv": [4, 11, 6, 12], "texture": "#0", "cullface": "west"},
				"down": {"uv": [4, 11, 6, 12], "rotation": 90, "texture": "#0"}
			}
		},
		{
			"from": [0, 4, 8],
			"to": [1, 5, 11],
			"rotation": {"angle": 0, "axis": "y", "origin": [8, 12, 3]},
			"faces": {
				"north": {"uv": [8, 11, 9, 12], "texture": "#0"},
				"south": {"uv": [8, 11, 9, 12], "texture": "#0"},
				"west": {"uv": [8, 11, 11, 12], "texture": "#0", "cullface": "west"},
				"down": {"uv": [8, 11, 11, 12], "rotation": 90, "texture": "#0"}
			}
		},
		{
			"from": [0, 4, 0],
			"to": [1, 5, 3],
			"rotation": {"angle": 0, "axis": "y", "origin": [8, 12, -5]},
			"faces": {
				"north": {"uv": [0, 11, 1, 12], "texture": "#0", "cullface": "north"},
				"south": {"uv": [0, 11, 1, 12], "texture": "#0"},
				"west": {"uv": [0, 11, 3, 12], "texture": "#0", "cullface": "west"},
				"down": {"uv": [0, 11, 3, 12], "rotation": 90, "texture": "#0"}
			}
		},
		{
			"from": [0, 2, 0],
			"to": [1, 4, 1],
			"rotation": {"angle": 0, "axis": "y", "origin": [8, 11, -5]},
			"faces": {
				"north": {"uv": [0, 12, 1, 14], "texture": "#0", "cullface": "north"},
				"south": {"uv": [0, 12, 1, 14], "texture": "#0"},
				"west": {"uv": [0, 12, 1, 14], "texture": "#0", "cullface": "west"}
			}
		},
		{
			"from": [1, 0, 15],
			"to": [15, 2, 16],
			"rotation": {"angle": 0, "axis": "y", "origin": [8, 8, 23]},
			"faces": {
				"south": {"uv": [1, 14, 15, 16], "texture": "#0", "cullface": "south"},
				"up": {"uv": [1, 14, 15, 15], "texture": "#0"},
				"down": {"uv": [1, 14, 15, 15], "texture": "#0", "cullface": "down"}
			}
		},
		{
			"from": [1, 5, 15],
			"to": [15, 7, 16],
			"rotation": {"angle": 0, "axis": "y", "origin": [8, 13, 23]},
			"faces": {
				"south": {"uv": [1, 9, 15, 11], "texture": "#0", "cullface": "south"},
				"up": {"uv": [1, 9, 15, 10], "texture": "#0"},
				"down": {"uv": [1, 9, 15, 10], "texture": "#0"}
			}
		},
		{
			"from": [14, 2, 15],
			"to": [15, 5, 16],
			"rotation": {"angle": 0, "axis": "y", "origin": [8, 11, 23]},
			"faces": {
				"south": {"uv": [14, 11, 15, 14], "texture": "#0", "cullface": "south"},
				"west": {"uv": [14, 11, 15, 14], "texture": "#0"}
			}
		},
		{
			"from": [11, 2, 15],
			"to": [13, 4, 16],
			"rotation": {"angle": 0, "axis": "y", "origin": [5, 11, 23]},
			"faces": {
				"east": {"uv": [11, 12, 12, 14], "texture": "#0"},
				"south": {"uv": [11, 12, 13, 14], "texture": "#0", "cullface": "south"},
				"west": {"uv": [11, 12, 12, 14], "texture": "#0"},
				"up": {"uv": [11, 12, 13, 13], "texture": "#0"}
			}
		},
		{
			"from": [8, 2, 15],
			"to": [10, 3, 16],
			"rotation": {"angle": 0, "axis": "y", "origin": [2, 11, 23]},
			"faces": {
				"east": {"uv": [8, 13, 9, 14], "texture": "#0"},
				"south": {"uv": [8, 13, 10, 14], "texture": "#0", "cullface": "south"},
				"west": {"uv": [8, 13, 9, 14], "texture": "#0"},
				"up": {"uv": [8, 13, 10, 14], "texture": "#0"}
			}
		},
		{
			"from": [4, 2, 15],
			"to": [7, 3, 16],
			"rotation": {"angle": 0, "axis": "y", "origin": [-1, 11, 23]},
			"faces": {
				"east": {"uv": [4, 13, 5, 14], "texture": "#0"},
				"south": {"uv": [4, 13, 7, 14], "texture": "#0", "cullface": "south"},
				"west": {"uv": [4, 13, 5, 14], "texture": "#0"},
				"up": {"uv": [4, 13, 7, 14], "texture": "#0"}
			}
		},
		{
			"from": [2, 2, 15],
			"to": [3, 3, 16],
			"rotation": {"angle": 0, "axis": "y", "origin": [-3, 11, 23]},
			"faces": {
				"east": {"uv": [2, 13, 3, 14], "texture": "#0"},
				"south": {"uv": [2, 13, 3, 14], "texture": "#0", "cullface": "south"},
				"west": {"uv": [2, 13, 3, 14], "texture": "#0"},
				"up": {"uv": [2, 13, 3, 14], "texture": "#0"}
			}
		},
		{
			"from": [1, 3, 15],
			"to": [2, 5, 16],
			"rotation": {"angle": 0, "axis": "y", "origin": [-4, 12, 23]},
			"faces": {
				"east": {"uv": [1, 11, 2, 13], "texture": "#0"},
				"south": {"uv": [1, 11, 2, 13], "texture": "#0", "cullface": "south"},
				"down": {"uv": [1, 11, 2, 12], "texture": "#0"}
			}
		},
		{
			"from": [2, 4, 15],
			"to": [3, 5, 16],
			"rotation": {"angle": 0, "axis": "y", "origin": [-3, 12, 23]},
			"faces": {
				"east": {"uv": [2, 11, 3, 12], "texture": "#0"},
				"south": {"uv": [2, 11, 3, 12], "texture": "#0", "cullface": "south"},
				"down": {"uv": [2, 11, 3, 12], "texture": "#0"}
			}
		},
		{
			"from": [4, 4, 15],
			"to": [6, 5, 16],
			"rotation": {"angle": 0, "axis": "y", "origin": [-1, 12, 23]},
			"faces": {
				"east": {"uv": [4, 11, 5, 12], "texture": "#0"},
				"south": {"uv": [4, 11, 6, 12], "texture": "#0", "cullface": "south"},
				"west": {"uv": [4, 11, 5, 12], "texture": "#0"},
				"down": {"uv": [4, 11, 6, 12], "texture": "#0"}
			}
		},
		{
			"from": [8, 4, 15],
			"to": [11, 5, 16],
			"rotation": {"angle": 0, "axis": "y", "origin": [3, 12, 23]},
			"faces": {
				"east": {"uv": [8, 11, 9, 12], "texture": "#0"},
				"south": {"uv": [8, 11, 11, 12], "texture": "#0", "cullface": "south"},
				"west": {"uv": [8, 11, 9, 12], "texture": "#0"},
				"down": {"uv": [8, 11, 11, 12], "texture": "#0"}
			}
		},
		{
			"from": [15, 0, 1],
			"to": [16, 2, 16],
			"rotation": {"angle": 0, "axis": "y", "origin": [23, 8, 9]},
			"faces": {
				"east": {"uv": [0, 14, 15, 16], "texture": "#0", "cullface": "east"},
				"south": {"uv": [0, 14, 1, 16], "texture": "#0", "cullface": "south"},
				"up": {"uv": [0, 14, 15, 15], "rotation": 90, "texture": "#0"},
				"down": {"uv": [0, 14, 15, 15], "rotation": 90, "texture": "#0", "cullface": "down"}
			}
		},
		{
			"from": [15, 5, 1],
			"to": [16, 7, 16],
			"rotation": {"angle": 0, "axis": "y", "origin": [23, 13, 9]},
			"faces": {
				"east": {"uv": [0, 9, 15, 11], "texture": "#0", "cullface": "east"},
				"south": {"uv": [0, 9, 1, 11], "texture": "#0", "cullface": "south"},
				"up": {"uv": [0, 9, 15, 10], "rotation": 90, "texture": "#0"},
				"down": {"uv": [0, 9, 15, 10], "rotation": 90, "texture": "#0"}
			}
		},
		{
			"from": [15, 2, 1],
			"to": [16, 5, 2],
			"rotation": {"angle": 0, "axis": "y", "origin": [23, 10, 9]},
			"faces": {
				"east": {"uv": [14, 11, 15, 14], "texture": "#0", "cullface": "east"},
				"south": {"uv": [14, 11, 15, 14], "texture": "#0"}
			}
		},
		{
			"from": [15, 3, 14],
			"to": [16, 4, 15],
			"rotation": {"angle": 0, "axis": "y", "origin": [23, 10, 22]},
			"faces": {
				"north": {"uv": [1, 12, 2, 13], "texture": "#0"},
				"east": {"uv": [1, 12, 2, 13], "texture": "#0", "cullface": "east"},
				"down": {"uv": [1, 12, 2, 13], "rotation": 90, "texture": "#0"}
			}
		},
		{
			"from": [15, 2, 13],
			"to": [16, 3, 14],
			"rotation": {"angle": 0, "axis": "y", "origin": [23, 9, 21]},
			"faces": {
				"north": {"uv": [2, 13, 3, 14], "texture": "#0"},
				"east": {"uv": [2, 13, 3, 14], "texture": "#0", "cullface": "east"},
				"south": {"uv": [2, 13, 3, 14], "texture": "#0"},
				"up": {"uv": [2, 13, 3, 14], "rotation": 90, "texture": "#0"}
			}
		},
		{
			"from": [15, 2, 3],
			"to": [16, 4, 5],
			"rotation": {"angle": 0, "axis": "y", "origin": [23, 9, 11]},
			"faces": {
				"north": {"uv": [11, 12, 12, 14], "texture": "#0"},
				"east": {"uv": [11, 12, 13, 14], "texture": "#0", "cullface": "east"},
				"south": {"uv": [11, 12, 12, 14], "texture": "#0"},
				"up": {"uv": [11, 12, 13, 13], "rotation": 90, "texture": "#0"}
			}
		},
		{
			"from": [15, 4, 13],
			"to": [16, 5, 16],
			"rotation": {"angle": 0, "axis": "y", "origin": [23, 11, 22]},
			"faces": {
				"north": {"uv": [0, 11, 1, 12], "texture": "#0"},
				"east": {"uv": [0, 11, 3, 12], "texture": "#0", "cullface": "east"},
				"south": {"uv": [0, 11, 1, 12], "texture": "#0", "cullface": "south"},
				"down": {"uv": [0, 11, 3, 12], "rotation": 90, "texture": "#0"}
			}
		},
		{
			"from": [15, 4, 5],
			"to": [16, 5, 8],
			"rotation": {"angle": 0, "axis": "y", "origin": [23, 11, 14]},
			"faces": {
				"north": {"uv": [8, 11, 9, 12], "texture": "#0"},
				"east": {"uv": [8, 11, 11, 12], "texture": "#0", "cullface": "east"},
				"south": {"uv": [8, 11, 9, 12], "texture": "#0"},
				"down": {"uv": [8, 11, 11, 12], "rotation": 90, "texture": "#0"}
			}
		},
		{
			"from": [15, 2, 9],
			"to": [16, 3, 12],
			"rotation": {"angle": 0, "axis": "y", "origin": [23, 9, 18]},
			"faces": {
				"north": {"uv": [4, 13, 5, 14], "texture": "#0"},
				"east": {"uv": [4, 13, 7, 14], "texture": "#0", "cullface": "east"},
				"south": {"uv": [4, 13, 5, 14], "texture": "#0"},
				"up": {"uv": [4, 13, 7, 14], "rotation": 90, "texture": "#0"}
			}
		},
		{
			"from": [15, 2, 6],
			"to": [16, 3, 8],
			"rotation": {"angle": 0, "axis": "y", "origin": [23, 9, 15]},
			"faces": {
				"north": {"uv": [8, 13, 9, 14], "texture": "#0"},
				"east": {"uv": [8, 13, 10, 14], "texture": "#0", "cullface": "east"},
				"south": {"uv": [8, 13, 9, 14], "texture": "#0"},
				"up": {"uv": [8, 13, 10, 14], "rotation": 90, "texture": "#0"}
			}
		},
		{
			"from": [15, 4, 10],
			"to": [16, 5, 12],
			"rotation": {"angle": 0, "axis": "y", "origin": [23, 11, 19]},
			"faces": {
				"north": {"uv": [4, 11, 5, 12], "texture": "#0"},
				"east": {"uv": [4, 11, 6, 12], "texture": "#0", "cullface": "east"},
				"south": {"uv": [4, 11, 5, 12], "texture": "#0"},
				"down": {"uv": [4, 11, 6, 12], "rotation": 90, "texture": "#0"}
			}
		},
		{
			"from": [15, 2, 15],
			"to": [16, 4, 16],
			"rotation": {"angle": 0, "axis": "y", "origin": [23, 10, 22]},
			"faces": {
				"north": {"uv": [0, 12, 1, 14], "texture": "#0"},
				"east": {"uv": [0, 12, 1, 14], "texture": "#0", "cullface": "east"},
				"south": {"uv": [0, 12, 1, 14], "texture": "#0", "cullface": "south"}
			}
		}
	],
	"display": {
		"thirdperson_righthand": {
			"rotation": [75, 45, 0],
			"translation": [0, 2.5, 0],
			"scale": [0.375, 0.375, 0.375]
		},
		"thirdperson_lefthand": {
			"rotation": [75, 45, 0],
			"translation": [0, 2.5, 0],
			"scale": [0.375, 0.375, 0.375]
		},
		"firstperson_righthand": {
			"rotation": [0, 45, 0],
			"scale": [0.4, 0.4, 0.4]
		},
		"firstperson_lefthand": {
			"rotation": [0, 225, 0],
			"scale": [0.4, 0.4, 0.4]
		},
		"ground": {
			"translation": [0, 3, 0],
			"scale": [0.25, 0.25, 0.25]
		},
		"gui": {
			"rotation": [30, 225, 0],
			"scale": [0.625, 0.625, 0.625]
		},
		"fixed": {
			"scale": [0.5, 0.5, 0.5]
		}
	},
	"groups": [0,
		{
			"name": "1",
			"origin": [8, 8, 8],
			"children": [1, 2, 3, 4, 5, 6, 7, 8, 9,
				{
					"name": "1-2",
					"origin": [8, 8, 8],
					"children": [10, 11, 12, 13, 14, 15, 16, 17, 18]
				},
				{
					"name": "1-3",
					"origin": [8, 8, 8],
					"children": [19, 20, 21, 22, 23, 24, 25, 26, 27]
				},
				{
					"name": "1-4",
					"origin": [8, 8, 8],
					"children": [28, 29, 30, 31, 32, 33, 34, 35, 36]
				}
			]
		},
		{
			"name": "2",
			"origin": [8, 8, 8],
			"children": [37, 38, 39, 40, 41, 42, 43, 44, 45, 46, 47, 48,
				{
					"name": "2-1",
					"origin": [8, 8, 8],
					"children": [49, 50, 51, 52, 53, 54, 55, 56, 57, 58, 59, 60]
				},
				{
					"name": "2-2",
					"origin": [8, 8, 8],
					"children": [61, 62, 63, 64, 65, 66, 67, 68, 69, 70, 71]
				},
				{
					"name": "2-3",
					"origin": [8, 8, 8],
					"children": [72, 73, 74, 75, 76, 77, 78, 79, 80, 81, 82, 83]
				}
			]
		}
	]
}