{
	"credit": "Made with Blockbench",
	"parent": "minecraft:block/template_wall_post",
	"textures": {
		"particle": "block/cobblestone",
		"wall": "block/cobblestone"
	},
	"elements": [
		{
			"name": "Center post",
			"from": [4, 0, 4],
			"to": [12, 16, 12],
			"faces": {
				"north": {"uv": [4, 0, 12, 16], "texture": "#wall"},
				"east": {"uv": [4, 0, 12, 16], "texture": "#wall"},
				"south": {"uv": [4, 0, 12, 16], "texture": "#wall"},
				"west": {"uv": [4, 0, 12, 16], "texture": "#wall"},
				"up": {"uv": [4, 4, 12, 12], "texture": "#wall", "cullface": "up"},
				"down": {"uv": [4, 4, 12, 12], "texture": "#wall", "cullface": "down"}
			}
		},
		{
			"name": "cobblestone_wall_0",
			"from": [6, 12, 3.5],
			"to": [9, 16, 4],
			"rotation": {"angle": 0, "axis": "x", "origin": [8, 8, -3.5]},
			"faces": {
				"north": {"uv": [7, 0, 10, 4], "texture": "#wall"},
				"east": {"uv": [7, 0, 8, 4], "texture": "#wall"},
				"west": {"uv": [9, 0, 10, 4], "texture": "#wall"},
				"up": {"uv": [10, 0, 7, 1], "texture": "#wall", "cullface": "up"},
				"down": {"uv": [7, 3, 10, 4], "rotation": 180, "texture": "#wall"}
			}
		},
		{
			"name": "cobblestone_wall_1",
			"from": [5, 14, 3.5],
			"to": [6, 16, 4],
			"rotation": {"angle": 0, "axis": "x", "origin": [8, 8, -3.5]},
			"faces": {
				"north": {"uv": [10, 0, 11, 2], "texture": "#wall"},
				"west": {"uv": [10, 0, 11, 2], "texture": "#wall"},
				"up": {"uv": [11, 0, 10, 1], "texture": "#wall", "cullface": "up"},
				"down": {"uv": [10, 1, 11, 2], "rotation": 180, "texture": "#wall"}
			}
		},
		{
			"name": "cobblestone_wall_2",
			"from": [11, 13, 3.5],
			"to": [12, 15, 4],
			"rotation": {"angle": 0, "axis": "x", "origin": [8, 8, -3.5]},
			"faces": {
				"north": {"uv": [4, 1, 5, 3], "texture": "#wall"},
				"east": {"uv": [4, 1, 5, 3], "texture": "#wall"},
				"west": {"uv": [4, 1, 5, 3], "texture": "#wall"},
				"up": {"uv": [5, 1, 4, 2], "texture": "#wall"},
				"down": {"uv": [4, 2, 5, 3], "rotation": 180, "texture": "#wall"}
			}
		},
		{
			"name": "cobblestone_wall_3",
			"from": [9, 12, 3.5],
			"to": [10, 15, 4],
			"rotation": {"angle": 0, "axis": "x", "origin": [8, 8, -3.5]},
			"faces": {
				"north": {"uv": [6, 1, 7, 4], "texture": "#wall"},
				"east": {"uv": [6, 1, 7, 4], "texture": "#wall"},
				"up": {"uv": [7, 1, 6, 2], "texture": "#wall"},
				"down": {"uv": [6, 3, 7, 4], "rotation": 180, "texture": "#wall"}
			}
		},
		{
			"name": "cobblestone_wall_4",
			"from": [4, 9, 3.5],
			"to": [5, 13, 4],
			"rotation": {"angle": 0, "axis": "x", "origin": [8, 8, -3.5]},
			"faces": {
				"north": {"uv": [11, 3, 12, 7], "texture": "#wall"},
				"east": {"uv": [11, 3, 12, 7], "texture": "#wall"},
				"west": {"uv": [11, 3, 12, 7], "texture": "#wall"},
				"up": {"uv": [12, 3, 11, 4], "texture": "#wall"},
				"down": {"uv": [11, 6, 12, 7], "rotation": 180, "texture": "#wall"}
			}
		},
		{
			"name": "cobblestone_wall_5",
			"from": [10, 8, 3.5],
			"to": [12, 12, 4],
			"rotation": {"angle": 0, "axis": "x", "origin": [8, 8, -3.5]},
			"faces": {
				"north": {"uv": [4, 4, 6, 8], "texture": "#wall"},
				"east": {"uv": [4, 4, 5, 8], "texture": "#wall"},
				"west": {"uv": [5, 4, 6, 8], "texture": "#wall"},
				"up": {"uv": [6, 4, 4, 5], "texture": "#wall"},
				"down": {"uv": [4, 7, 6, 8], "rotation": 180, "texture": "#wall"}
			}
		},
		{
			"name": "cobblestone_wall_6",
			"from": [8, 11, 3.5],
			"to": [9, 12, 4],
			"rotation": {"angle": 0, "axis": "x", "origin": [8, 8, -3.5]},
			"faces": {
				"north": {"uv": [7, 4, 8, 5], "texture": "#wall"},
				"east": {"uv": [7, 4, 8, 5], "texture": "#wall"},
				"west": {"uv": [7, 4, 8, 5], "texture": "#wall"},
				"down": {"uv": [7, 4, 8, 5], "rotation": 180, "texture": "#wall"}
			}
		},
		{
			"name": "cobblestone_wall_7",
			"from": [5, 11, 3.5],
			"to": [6, 12, 4],
			"rotation": {"angle": 0, "axis": "x", "origin": [8, 8, -3.5]},
			"faces": {
				"north": {"uv": [10, 4, 11, 5], "texture": "#wall"},
				"east": {"uv": [10, 4, 11, 5], "texture": "#wall"},
				"up": {"uv": [11, 4, 10, 5], "texture": "#wall"},
				"down": {"uv": [10, 4, 11, 5], "rotation": 180, "texture": "#wall"}
			}
		},
		{
			"name": "cobblestone_wall_8",
			"from": [5, 7, 3.5],
			"to": [8, 9, 4],
			"rotation": {"angle": 0, "axis": "x", "origin": [8, 8, -3.5]},
			"faces": {
				"north": {"uv": [8, 7, 11, 9], "texture": "#wall"},
				"east": {"uv": [8, 7, 9, 9], "texture": "#wall"},
				"west": {"uv": [10, 7, 11, 9], "texture": "#wall"},
				"up": {"uv": [11, 7, 8, 8], "texture": "#wall"},
				"down": {"uv": [8, 8, 11, 9], "rotation": 180, "texture": "#wall"}
			}
		},
		{
			"name": "cobblestone_wall_9",
			"from": [8, 7, 3.5],
			"to": [9, 8, 4],
			"rotation": {"angle": 0, "axis": "x", "origin": [8, 8, -3.5]},
			"faces": {
				"north": {"uv": [7, 8, 8, 9], "texture": "#wall"},
				"east": {"uv": [7, 8, 8, 9], "texture": "#wall"},
				"up": {"uv": [8, 8, 7, 9], "texture": "#wall"},
				"down": {"uv": [7, 8, 8, 9], "rotation": 180, "texture": "#wall"}
			}
		},
		{
			"name": "cobblestone_wall_10",
			"from": [4, 7, 3.5],
			"to": [5, 8, 4],
			"rotation": {"angle": 0, "axis": "x", "origin": [8, 8, -3.5]},
			"faces": {
				"north": {"uv": [11, 8, 12, 9], "texture": "#wall"},
				"west": {"uv": [11, 8, 12, 9], "texture": "#wall"},
				"up": {"uv": [12, 8, 11, 9], "texture": "#wall"},
				"down": {"uv": [11, 8, 12, 9], "rotation": 180, "texture": "#wall"}
			}
		},
		{
			"name": "cobblestone_wall_11",
			"from": [6, 6, 3.5],
			"to": [8, 7, 4],
			"rotation": {"angle": 0, "axis": "x", "origin": [8, 8, -3.5]},
			"faces": {
				"north": {"uv": [8, 9, 10, 10], "texture": "#wall"},
				"east": {"uv": [8, 9, 9, 10], "texture": "#wall"},
				"west": {"uv": [9, 9, 10, 10], "texture": "#wall"},
				"down": {"uv": [8, 9, 10, 10], "rotation": 180, "texture": "#wall"}
			}
		},
		{
			"name": "cobblestone_wall_12",
			"from": [7, 2, 3.5],
			"to": [9, 5, 4],
			"rotation": {"angle": 0, "axis": "x", "origin": [8, 8, -3.5]},
			"faces": {
				"north": {"uv": [7, 11, 9, 14], "texture": "#wall"},
				"east": {"uv": [7, 11, 8, 14], "texture": "#wall"},
				"west": {"uv": [8, 11, 9, 14], "texture": "#wall"},
				"up": {"uv": [9, 11, 7, 12], "texture": "#wall"},
				"down": {"uv": [7, 13, 9, 14], "rotation": 180, "texture": "#wall"}
			}
		},
		{
			"name": "cobblestone_wall_13",
			"from": [9, 2, 3.5],
			"to": [10, 4, 4],
			"rotation": {"angle": 0, "axis": "x", "origin": [8, 8, -3.5]},
			"faces": {
				"north": {"uv": [6, 12, 7, 14], "texture": "#wall"},
				"east": {"uv": [6, 12, 7, 14], "texture": "#wall"},
				"up": {"uv": [7, 12, 6, 13], "texture": "#wall"},
				"down": {"uv": [6, 13, 7, 14], "rotation": 180, "texture": "#wall"}
			}
		},
		{
			"name": "cobblestone_wall_14",
			"from": [6, 1, 3.5],
			"to": [7, 4, 4],
			"rotation": {"angle": 0, "axis": "x", "origin": [8, 8, -3.5]},
			"faces": {
				"north": {"uv": [9, 12, 10, 15], "texture": "#wall"},
				"west": {"uv": [9, 12, 10, 15], "texture": "#wall"},
				"up": {"uv": [10, 12, 9, 13], "texture": "#wall"},
				"down": {"uv": [9, 14, 10, 15], "rotation": 180, "texture": "#wall"}
			}
		},
		{
			"name": "cobblestone_wall_15",
			"from": [5, 2, 3.5],
			"to": [6, 3, 4],
			"rotation": {"angle": 0, "axis": "x", "origin": [8, 8, -3.5]},
			"faces": {
				"north": {"uv": [10, 13, 11, 14], "texture": "#wall"},
				"west": {"uv": [10, 13, 11, 14], "texture": "#wall"},
				"up": {"uv": [11, 13, 10, 14], "texture": "#wall"},
				"down": {"uv": [10, 13, 11, 14], "rotation": 180, "texture": "#wall"}
			}
		},
		{
			"name": "cobblestone_wall_16",
			"from": [7, 1, 3.5],
			"to": [8, 2, 4],
			"rotation": {"angle": 0, "axis": "x", "origin": [8, 8, -3.5]},
			"faces": {
				"north": {"uv": [8, 14, 9, 15], "texture": "#wall"},
				"east": {"uv": [8, 14, 9, 15], "texture": "#wall"},
				"down": {"uv": [8, 14, 9, 15], "rotation": 180, "texture": "#wall"}
			}
		},
		{
			"name": "cobblestone_wall_17",
			"from": [4, 0, 3.5],
			"to": [5, 1, 4],
			"rotation": {"angle": 0, "axis": "x", "origin": [8, 8, -3.5]},
			"faces": {
				"north": {"uv": [11, 15, 12, 16], "texture": "#wall"},
				"east": {"uv": [11, 15, 12, 16], "texture": "#wall"},
				"west": {"uv": [11, 15, 12, 16], "texture": "#wall"},
				"up": {"uv": [12, 15, 11, 16], "texture": "#wall"},
				"down": {"uv": [11, 15, 12, 16], "rotation": 180, "texture": "#wall", "cullface": "down"}
			}
		},
		{
			"name": "cobblestone_wall_0",
			"from": [7, 12, 12],
			"to": [10, 16, 12.5],
			"rotation": {"angle": 0, "axis": "y", "origin": [8, 8, 20]},
			"faces": {
				"east": {"uv": [9, 0, 10, 4], "texture": "#wall"},
				"south": {"uv": [7, 0, 10, 4], "texture": "#wall"},
				"west": {"uv": [7, 0, 8, 4], "texture": "#wall"},
				"up": {"uv": [10, 0, 7, 1], "rotation": 180, "texture": "#wall", "cullface": "up"},
				"down": {"uv": [7, 3, 10, 4], "texture": "#wall"}
			}
		},
		{
			"name": "cobblestone_wall_1",
			"from": [10, 14, 12],
			"to": [11, 16, 12.5],
			"rotation": {"angle": 0, "axis": "y", "origin": [8, 8, 20]},
			"faces": {
				"east": {"uv": [10, 0, 11, 2], "texture": "#wall"},
				"south": {"uv": [10, 0, 11, 2], "texture": "#wall"},
				"up": {"uv": [11, 0, 10, 1], "rotation": 180, "texture": "#wall", "cullface": "up"},
				"down": {"uv": [10, 1, 11, 2], "texture": "#wall"}
			}
		},
		{
			"name": "cobblestone_wall_2",
			"from": [4, 13, 12],
			"to": [5, 15, 12.5],
			"rotation": {"angle": 0, "axis": "y", "origin": [8, 8, 20]},
			"faces": {
				"east": {"uv": [4, 1, 5, 3], "texture": "#wall"},
				"south": {"uv": [4, 1, 5, 3], "texture": "#wall"},
				"west": {"uv": [4, 1, 5, 3], "texture": "#wall"},
				"up": {"uv": [5, 1, 4, 2], "rotation": 180, "texture": "#wall"},
				"down": {"uv": [4, 2, 5, 3], "texture": "#wall"}
			}
		},
		{
			"name": "cobblestone_wall_3",
			"from": [6, 12, 12],
			"to": [7, 15, 12.5],
			"rotation": {"angle": 0, "axis": "y", "origin": [8, 8, 20]},
			"faces": {
				"south": {"uv": [6, 1, 7, 4], "texture": "#wall"},
				"west": {"uv": [6, 1, 7, 4], "texture": "#wall"},
				"up": {"uv": [7, 1, 6, 2], "rotation": 180, "texture": "#wall"},
				"down": {"uv": [6, 3, 7, 4], "texture": "#wall"}
			}
		},
		{
			"name": "cobblestone_wall_4",
			"from": [11, 9, 12],
			"to": [12, 13, 12.5],
			"rotation": {"angle": 0, "axis": "y", "origin": [8, 8, 20]},
			"faces": {
				"east": {"uv": [11, 3, 12, 7], "texture": "#wall"},
				"south": {"uv": [11, 3, 12, 7], "texture": "#wall"},
				"west": {"uv": [11, 3, 12, 7], "texture": "#wall"},
				"up": {"uv": [12, 3, 11, 4], "rotation": 180, "texture": "#wall"},
				"down": {"uv": [11, 6, 12, 7], "texture": "#wall"}
			}
		},
		{
			"name": "cobblestone_wall_5",
			"from": [4, 8, 12],
			"to": [6, 12, 12.5],
			"rotation": {"angle": 0, "axis": "y", "origin": [8, 8, 20]},
			"faces": {
				"east": {"uv": [5, 4, 6, 8], "texture": "#wall"},
				"south": {"uv": [4, 4, 6, 8], "texture": "#wall"},
				"west": {"uv": [4, 4, 5, 8], "texture": "#wall"},
				"up": {"uv": [6, 4, 4, 5], "rotation": 180, "texture": "#wall"},
				"down": {"uv": [4, 7, 6, 8], "texture": "#wall"}
			}
		},
		{
			"name": "cobblestone_wall_6",
			"from": [7, 11, 12],
			"to": [8, 12, 12.5],
			"rotation": {"angle": 0, "axis": "y", "origin": [8, 8, 20]},
			"faces": {
				"east": {"uv": [7, 4, 8, 5], "texture": "#wall"},
				"south": {"uv": [7, 4, 8, 5], "texture": "#wall"},
				"west": {"uv": [7, 4, 8, 5], "texture": "#wall"},
				"down": {"uv": [7, 4, 8, 5], "texture": "#wall"}
			}
		},
		{
			"name": "cobblestone_wall_7",
			"from": [10, 11, 12],
			"to": [11, 12, 12.5],
			"rotation": {"angle": 0, "axis": "y", "origin": [8, 8, 20]},
			"faces": {
				"south": {"uv": [10, 4, 11, 5], "texture": "#wall"},
				"west": {"uv": [10, 4, 11, 5], "texture": "#wall"},
				"up": {"uv": [11, 4, 10, 5], "rotation": 180, "texture": "#wall"},
				"down": {"uv": [10, 4, 11, 5], "texture": "#wall"}
			}
		},
		{
			"name": "cobblestone_wall_8",
			"from": [8, 7, 12],
			"to": [11, 9, 12.5],
			"rotation": {"angle": 0, "axis": "y", "origin": [8, 8, 20]},
			"faces": {
				"east": {"uv": [10, 7, 11, 9], "texture": "#wall"},
				"south": {"uv": [8, 7, 11, 9], "texture": "#wall"},
				"west": {"uv": [8, 7, 9, 9], "texture": "#wall"},
				"up": {"uv": [11, 7, 8, 8], "rotation": 180, "texture": "#wall"},
				"down": {"uv": [8, 8, 11, 9], "texture": "#wall"}
			}
		},
		{
			"name": "cobblestone_wall_9",
			"from": [7, 7, 12],
			"to": [8, 8, 12.5],
			"rotation": {"angle": 0, "axis": "y", "origin": [8, 8, 20]},
			"faces": {
				"south": {"uv": [7, 8, 8, 9], "texture": "#wall"},
				"west": {"uv": [7, 8, 8, 9], "texture": "#wall"},
				"up": {"uv": [8, 8, 7, 9], "rotation": 180, "texture": "#wall"},
				"down": {"uv": [7, 8, 8, 9], "texture": "#wall"}
			}
		},
		{
			"name": "cobblestone_wall_10",
			"from": [11, 7, 12],
			"to": [12, 8, 12.5],
			"rotation": {"angle": 0, "axis": "y", "origin": [8, 8, 20]},
			"faces": {
				"east": {"uv": [11, 8, 12, 9], "texture": "#wall"},
				"south": {"uv": [11, 8, 12, 9], "texture": "#wall"},
				"up": {"uv": [12, 8, 11, 9], "rotation": 180, "texture": "#wall"},
				"down": {"uv": [11, 8, 12, 9], "texture": "#wall"}
			}
		},
		{
			"name": "cobblestone_wall_11",
			"from": [8, 6, 12],
			"to": [10, 7, 12.5],
			"rotation": {"angle": 0, "axis": "y", "origin": [8, 8, 20]},
			"faces": {
				"east": {"uv": [9, 9, 10, 10], "texture": "#wall"},
				"south": {"uv": [8, 9, 10, 10], "texture": "#wall"},
				"west": {"uv": [8, 9, 9, 10], "texture": "#wall"},
				"down": {"uv": [8, 9, 10, 10], "texture": "#wall"}
			}
		},
		{
			"name": "cobblestone_wall_12",
			"from": [7, 2, 12],
			"to": [9, 5, 12.5],
			"rotation": {"angle": 0, "axis": "y", "origin": [8, 8, 20]},
			"faces": {
				"east": {"uv": [8, 11, 9, 14], "texture": "#wall"},
				"south": {"uv": [7, 11, 9, 14], "texture": "#wall"},
				"west": {"uv": [7, 11, 8, 14], "texture": "#wall"},
				"up": {"uv": [9, 11, 7, 12], "rotation": 180, "texture": "#wall"},
				"down": {"uv": [7, 13, 9, 14], "texture": "#wall"}
			}
		},
		{
			"name": "cobblestone_wall_13",
			"from": [6, 2, 12],
			"to": [7, 4, 12.5],
			"rotation": {"angle": 0, "axis": "y", "origin": [8, 8, 20]},
			"faces": {
				"south": {"uv": [6, 12, 7, 14], "texture": "#wall"},
				"west": {"uv": [6, 12, 7, 14], "texture": "#wall"},
				"up": {"uv": [7, 12, 6, 13], "rotation": 180, "texture": "#wall"},
				"down": {"uv": [6, 13, 7, 14], "texture": "#wall"}
			}
		},
		{
			"name": "cobblestone_wall_14",
			"from": [9, 1, 12],
			"to": [10, 4, 12.5],
			"rotation": {"angle": 0, "axis": "y", "origin": [8, 8, 20]},
			"faces": {
				"east": {"uv": [9, 12, 10, 15], "texture": "#wall"},
				"south": {"uv": [9, 12, 10, 15], "texture": "#wall"},
				"up": {"uv": [10, 12, 9, 13], "rotation": 180, "texture": "#wall"},
				"down": {"uv": [9, 14, 10, 15], "texture": "#wall"}
			}
		},
		{
			"name": "cobblestone_wall_15",
			"from": [10, 2, 12],
			"to": [11, 3, 12.5],
			"rotation": {"angle": 0, "axis": "y", "origin": [8, 8, 20]},
			"faces": {
				"east": {"uv": [10, 13, 11, 14], "texture": "#wall"},
				"south": {"uv": [10, 13, 11, 14], "texture": "#wall"},
				"up": {"uv": [11, 13, 10, 14], "rotation": 180, "texture": "#wall"},
				"down": {"uv": [10, 13, 11, 14], "texture": "#wall"}
			}
		},
		{
			"name": "cobblestone_wall_16",
			"from": [8, 1, 12],
			"to": [9, 2, 12.5],
			"rotation": {"angle": 0, "axis": "y", "origin": [8, 8, 20]},
			"faces": {
				"south": {"uv": [8, 14, 9, 15], "texture": "#wall"},
				"west": {"uv": [8, 14, 9, 15], "texture": "#wall"},
				"down": {"uv": [8, 14, 9, 15], "texture": "#wall"}
			}
		},
		{
			"name": "cobblestone_wall_17",
			"from": [11, 0, 12],
			"to": [12, 1, 12.5],
			"rotation": {"angle": 0, "axis": "y", "origin": [8, 8, 20]},
			"faces": {
				"east": {"uv": [11, 15, 12, 16], "texture": "#wall"},
				"south": {"uv": [11, 15, 12, 16], "texture": "#wall"},
				"west": {"uv": [11, 15, 12, 16], "texture": "#wall"},
				"up": {"uv": [12, 15, 11, 16], "rotation": 180, "texture": "#wall"},
				"down": {"uv": [11, 15, 12, 16], "texture": "#wall", "cullface": "down"}
			}
		},
		{
			"name": "cobblestone_wall_0",
			"from": [12, 12, 6],
			"to": [12.5, 16, 9],
			"rotation": {"angle": 0, "axis": "y", "origin": [20, 8, 8]},
			"faces": {
				"north": {"uv": [9, 0, 10, 4], "texture": "#wall"},
				"east": {"uv": [7, 0, 10, 4], "texture": "#wall"},
				"south": {"uv": [7, 0, 8, 4], "texture": "#wall"},
				"up": {"uv": [10, 0, 7, 1], "rotation": 90, "texture": "#wall", "cullface": "up"},
				"down": {"uv": [7, 3, 10, 4], "rotation": 90, "texture": "#wall"}
			}
		},
		{
			"name": "cobblestone_wall_1",
			"from": [12, 14, 5],
			"to": [12.5, 16, 6],
			"rotation": {"angle": 0, "axis": "y", "origin": [20, 8, 8]},
			"faces": {
				"north": {"uv": [10, 0, 11, 2], "texture": "#wall"},
				"east": {"uv": [10, 0, 11, 2], "texture": "#wall"},
				"up": {"uv": [11, 0, 10, 1], "rotation": 90, "texture": "#wall", "cullface": "up"},
				"down": {"uv": [10, 1, 11, 2], "rotation": 90, "texture": "#wall"}
			}
		},
		{
			"name": "cobblestone_wall_2",
			"from": [12, 13, 11],
			"to": [12.5, 15, 12],
			"rotation": {"angle": 0, "axis": "y", "origin": [20, 8, 8]},
			"faces": {
				"north": {"uv": [4, 1, 5, 3], "texture": "#wall"},
				"east": {"uv": [4, 1, 5, 3], "texture": "#wall"},
				"south": {"uv": [4, 1, 5, 3], "texture": "#wall"},
				"up": {"uv": [5, 1, 4, 2], "rotation": 90, "texture": "#wall"},
				"down": {"uv": [4, 2, 5, 3], "rotation": 90, "texture": "#wall"}
			}
		},
		{
			"name": "cobblestone_wall_3",
			"from": [12, 12, 9],
			"to": [12.5, 15, 10],
			"rotation": {"angle": 0, "axis": "y", "origin": [20, 8, 8]},
			"faces": {
				"east": {"uv": [6, 1, 7, 4], "texture": "#wall"},
				"south": {"uv": [6, 1, 7, 4], "texture": "#wall"},
				"up": {"uv": [7, 1, 6, 2], "rotation": 90, "texture": "#wall"},
				"down": {"uv": [6, 3, 7, 4], "rotation": 90, "texture": "#wall"}
			}
		},
		{
			"name": "cobblestone_wall_4",
			"from": [12, 9, 4],
			"to": [12.5, 13, 5],
			"rotation": {"angle": 0, "axis": "y", "origin": [20, 8, 8]},
			"faces": {
				"north": {"uv": [11, 3, 12, 7], "texture": "#wall"},
				"east": {"uv": [11, 3, 12, 7], "texture": "#wall"},
				"south": {"uv": [11, 3, 12, 7], "texture": "#wall"},
				"up": {"uv": [12, 3, 11, 4], "rotation": 90, "texture": "#wall"},
				"down": {"uv": [11, 6, 12, 7], "rotation": 90, "texture": "#wall"}
			}
		},
		{
			"name": "cobblestone_wall_5",
			"from": [12, 8, 10],
			"to": [12.5, 12, 12],
			"rotation": {"angle": 0, "axis": "y", "origin": [20, 8, 8]},
			"faces": {
				"north": {"uv": [5, 4, 6, 8], "texture": "#wall"},
				"east": {"uv": [4, 4, 6, 8], "texture": "#wall"},
				"south": {"uv": [4, 4, 5, 8], "texture": "#wall"},
				"up": {"uv": [6, 4, 4, 5], "rotation": 90, "texture": "#wall"},
				"down": {"uv": [4, 7, 6, 8], "rotation": 90, "texture": "#wall"}
			}
		},
		{
			"name": "cobblestone_wall_6",
			"from": [12, 11, 8],
			"to": [12.5, 12, 9],
			"rotation": {"angle": 0, "axis": "y", "origin": [20, 8, 8]},
			"faces": {
				"north": {"uv": [7, 4, 8, 5], "texture": "#wall"},
				"east": {"uv": [7, 4, 8, 5], "texture": "#wall"},
				"south": {"uv": [7, 4, 8, 5], "texture": "#wall"},
				"down": {"uv": [7, 4, 8, 5], "rotation": 90, "texture": "#wall"}
			}
		},
		{
			"name": "cobblestone_wall_7",
			"from": [12, 11, 5],
			"to": [12.5, 12, 6],
			"rotation": {"angle": 0, "axis": "y", "origin": [20, 8, 8]},
			"faces": {
				"east": {"uv": [10, 4, 11, 5], "texture": "#wall"},
				"south": {"uv": [10, 4, 11, 5], "texture": "#wall"},
				"up": {"uv": [11, 4, 10, 5], "rotation": 90, "texture": "#wall"},
				"down": {"uv": [10, 4, 11, 5], "rotation": 90, "texture": "#wall"}
			}
		},
		{
			"name": "cobblestone_wall_8",
			"from": [12, 7, 5],
			"to": [12.5, 9, 8],
			"rotation": {"angle": 0, "axis": "y", "origin": [20, 8, 8]},
			"faces": {
				"north": {"uv": [10, 7, 11, 9], "texture": "#wall"},
				"east": {"uv": [8, 7, 11, 9], "texture": "#wall"},
				"south": {"uv": [8, 7, 9, 9], "texture": "#wall"},
				"up": {"uv": [11, 7, 8, 8], "rotation": 90, "texture": "#wall"},
				"down": {"uv": [8, 8, 11, 9], "rotation": 90, "texture": "#wall"}
			}
		},
		{
			"name": "cobblestone_wall_9",
			"from": [12, 7, 8],
			"to": [12.5, 8, 9],
			"rotation": {"angle": 0, "axis": "y", "origin": [20, 8, 8]},
			"faces": {
				"east": {"uv": [7, 8, 8, 9], "texture": "#wall"},
				"south": {"uv": [7, 8, 8, 9], "texture": "#wall"},
				"up": {"uv": [8, 8, 7, 9], "rotation": 90, "texture": "#wall"},
				"down": {"uv": [7, 8, 8, 9], "rotation": 90, "texture": "#wall"}
			}
		},
		{
			"name": "cobblestone_wall_10",
			"from": [12, 7, 4],
			"to": [12.5, 8, 5],
			"rotation": {"angle": 0, "axis": "y", "origin": [20, 8, 8]},
			"faces": {
				"north": {"uv": [11, 8, 12, 9], "texture": "#wall"},
				"east": {"uv": [11, 8, 12, 9], "texture": "#wall"},
				"up": {"uv": [12, 8, 11, 9], "rotation": 90, "texture": "#wall"},
				"down": {"uv": [11, 8, 12, 9], "rotation": 90, "texture": "#wall"}
			}
		},
		{
			"name": "cobblestone_wall_11",
			"from": [12, 6, 6],
			"to": [12.5, 7, 8],
			"rotation": {"angle": 0, "axis": "y", "origin": [20, 8, 8]},
			"faces": {
				"north": {"uv": [9, 9, 10, 10], "texture": "#wall"},
				"east": {"uv": [8, 9, 10, 10], "texture": "#wall"},
				"south": {"uv": [8, 9, 9, 10], "texture": "#wall"},
				"down": {"uv": [8, 9, 10, 10], "rotation": 90, "texture": "#wall"}
			}
		},
		{
			"name": "cobblestone_wall_12",
			"from": [12, 2, 7],
			"to": [12.5, 5, 9],
			"rotation": {"angle": 0, "axis": "y", "origin": [20, 8, 8]},
			"faces": {
				"north": {"uv": [8, 11, 9, 14], "texture": "#wall"},
				"east": {"uv": [7, 11, 9, 14], "texture": "#wall"},
				"south": {"uv": [7, 11, 8, 14], "texture": "#wall"},
				"up": {"uv": [9, 11, 7, 12], "rotation": 90, "texture": "#wall"},
				"down": {"uv": [7, 13, 9, 14], "rotation": 90, "texture": "#wall"}
			}
		},
		{
			"name": "cobblestone_wall_13",
			"from": [12, 2, 9],
			"to": [12.5, 4, 10],
			"rotation": {"angle": 0, "axis": "y", "origin": [20, 8, 8]},
			"faces": {
				"east": {"uv": [6, 12, 7, 14], "texture": "#wall"},
				"south": {"uv": [6, 12, 7, 14], "texture": "#wall"},
				"up": {"uv": [7, 12, 6, 13], "rotation": 90, "texture": "#wall"},
				"down": {"uv": [6, 13, 7, 14], "rotation": 90, "texture": "#wall"}
			}
		},
		{
			"name": "cobblestone_wall_14",
			"from": [12, 1, 6],
			"to": [12.5, 4, 7],
			"rotation": {"angle": 0, "axis": "y", "origin": [20, 8, 8]},
			"faces": {
				"north": {"uv": [9, 12, 10, 15], "texture": "#wall"},
				"east": {"uv": [9, 12, 10, 15], "texture": "#wall"},
				"up": {"uv": [10, 12, 9, 13], "rotation": 90, "texture": "#wall"},
				"down": {"uv": [9, 14, 10, 15], "rotation": 90, "texture": "#wall"}
			}
		},
		{
			"name": "cobblestone_wall_15",
			"from": [12, 2, 5],
			"to": [12.5, 3, 6],
			"rotation": {"angle": 0, "axis": "y", "origin": [20, 8, 8]},
			"faces": {
				"north": {"uv": [10, 13, 11, 14], "texture": "#wall"},
				"east": {"uv": [10, 13, 11, 14], "texture": "#wall"},
				"up": {"uv": [11, 13, 10, 14], "rotation": 90, "texture": "#wall"},
				"down": {"uv": [10, 13, 11, 14], "rotation": 90, "texture": "#wall"}
			}
		},
		{
			"name": "cobblestone_wall_16",
			"from": [12, 1, 7],
			"to": [12.5, 2, 8],
			"rotation": {"angle": 0, "axis": "y", "origin": [20, 8, 8]},
			"faces": {
				"east": {"uv": [8, 14, 9, 15], "texture": "#wall"},
				"south": {"uv": [8, 14, 9, 15], "texture": "#wall"},
				"down": {"uv": [8, 14, 9, 15], "rotation": 90, "texture": "#wall"}
			}
		},
		{
			"name": "cobblestone_wall_17",
			"from": [12, 0, 4],
			"to": [12.5, 1, 5],
			"rotation": {"angle": 0, "axis": "y", "origin": [20, 8, 8]},
			"faces": {
				"north": {"uv": [11, 15, 12, 16], "texture": "#wall"},
				"east": {"uv": [11, 15, 12, 16], "texture": "#wall"},
				"south": {"uv": [11, 15, 12, 16], "texture": "#wall"},
				"up": {"uv": [12, 15, 11, 16], "rotation": 90, "texture": "#wall"},
				"down": {"uv": [11, 15, 12, 16], "rotation": 90, "texture": "#wall", "cullface": "down"}
			}
		},
		{
			"name": "cobblestone_wall_0",
			"from": [3.5, 12, 7],
			"to": [4, 16, 10],
			"rotation": {"angle": 0, "axis": "y", "origin": [-4, 8, 8]},
			"faces": {
				"north": {"uv": [7, 0, 8, 4], "texture": "#wall"},
				"south": {"uv": [9, 0, 10, 4], "texture": "#wall"},
				"west": {"uv": [7, 0, 10, 4], "texture": "#wall"},
				"up": {"uv": [10, 0, 7, 1], "rotation": 270, "texture": "#wall", "cullface": "up"},
				"down": {"uv": [7, 3, 10, 4], "rotation": 270, "texture": "#wall"}
			}
		},
		{
			"name": "cobblestone_wall_1",
			"from": [3.5, 14, 10],
			"to": [4, 16, 11],
			"rotation": {"angle": 0, "axis": "y", "origin": [-4, 8, 8]},
			"faces": {
				"south": {"uv": [10, 0, 11, 2], "texture": "#wall"},
				"west": {"uv": [10, 0, 11, 2], "texture": "#wall"},
				"up": {"uv": [11, 0, 10, 1], "rotation": 270, "texture": "#wall", "cullface": "up"},
				"down": {"uv": [10, 1, 11, 2], "rotation": 270, "texture": "#wall"}
			}
		},
		{
			"name": "cobblestone_wall_2",
			"from": [3.5, 13, 4],
			"to": [4, 15, 5],
			"rotation": {"angle": 0, "axis": "y", "origin": [-4, 8, 8]},
			"faces": {
				"north": {"uv": [4, 1, 5, 3], "texture": "#wall"},
				"south": {"uv": [4, 1, 5, 3], "texture": "#wall"},
				"west": {"uv": [4, 1, 5, 3], "texture": "#wall"},
				"up": {"uv": [5, 1, 4, 2], "rotation": 270, "texture": "#wall"},
				"down": {"uv": [4, 2, 5, 3], "rotation": 270, "texture": "#wall"}
			}
		},
		{
			"name": "cobblestone_wall_3",
			"from": [3.5, 12, 6],
			"to": [4, 15, 7],
			"rotation": {"angle": 0, "axis": "y", "origin": [-4, 8, 8]},
			"faces": {
				"north": {"uv": [6, 1, 7, 4], "texture": "#wall"},
				"west": {"uv": [6, 1, 7, 4], "texture": "#wall"},
				"up": {"uv": [7, 1, 6, 2], "rotation": 270, "texture": "#wall"},
				"down": {"uv": [6, 3, 7, 4], "rotation": 270, "texture": "#wall"}
			}
		},
		{
			"name": "cobblestone_wall_4",
			"from": [3.5, 9, 11],
			"to": [4, 13, 12],
			"rotation": {"angle": 0, "axis": "y", "origin": [-4, 8, 8]},
			"faces": {
				"north": {"uv": [11, 3, 12, 7], "texture": "#wall"},
				"south": {"uv": [11, 3, 12, 7], "texture": "#wall"},
				"west": {"uv": [11, 3, 12, 7], "texture": "#wall"},
				"up": {"uv": [12, 3, 11, 4], "rotation": 270, "texture": "#wall"},
				"down": {"uv": [11, 6, 12, 7], "rotation": 270, "texture": "#wall"}
			}
		},
		{
			"name": "cobblestone_wall_5",
			"from": [3.5, 8, 4],
			"to": [4, 12, 6],
			"rotation": {"angle": 0, "axis": "y", "origin": [-4, 8, 8]},
			"faces": {
				"north": {"uv": [4, 4, 5, 8], "texture": "#wall"},
				"south": {"uv": [5, 4, 6, 8], "texture": "#wall"},
				"west": {"uv": [4, 4, 6, 8], "texture": "#wall"},
				"up": {"uv": [6, 4, 4, 5], "rotation": 270, "texture": "#wall"},
				"down": {"uv": [4, 7, 6, 8], "rotation": 270, "texture": "#wall"}
			}
		},
		{
			"name": "cobblestone_wall_6",
			"from": [3.5, 11, 7],
			"to": [4, 12, 8],
			"rotation": {"angle": 0, "axis": "y", "origin": [-4, 8, 8]},
			"faces": {
				"north": {"uv": [7, 4, 8, 5], "texture": "#wall"},
				"south": {"uv": [7, 4, 8, 5], "texture": "#wall"},
				"west": {"uv": [7, 4, 8, 5], "texture": "#wall"},
				"down": {"uv": [7, 4, 8, 5], "rotation": 270, "texture": "#wall"}
			}
		},
		{
			"name": "cobblestone_wall_7",
			"from": [3.5, 11, 10],
			"to": [4, 12, 11],
			"rotation": {"angle": 0, "axis": "y", "origin": [-4, 8, 8]},
			"faces": {
				"north": {"uv": [10, 4, 11, 5], "texture": "#wall"},
				"west": {"uv": [10, 4, 11, 5], "texture": "#wall"},
				"up": {"uv": [11, 4, 10, 5], "rotation": 270, "texture": "#wall"},
				"down": {"uv": [10, 4, 11, 5], "rotation": 270, "texture": "#wall"}
			}
		},
		{
			"name": "cobblestone_wall_8",
			"from": [3.5, 7, 8],
			"to": [4, 9, 11],
			"rotation": {"angle": 0, "axis": "y", "origin": [-4, 8, 8]},
			"faces": {
				"north": {"uv": [8, 7, 9, 9], "texture": "#wall"},
				"south": {"uv": [10, 7, 11, 9], "texture": "#wall"},
				"west": {"uv": [8, 7, 11, 9], "texture": "#wall"},
				"up": {"uv": [11, 7, 8, 8], "rotation": 270, "texture": "#wall"},
				"down": {"uv": [8, 8, 11, 9], "rotation": 270, "texture": "#wall"}
			}
		},
		{
			"name": "cobblestone_wall_9",
			"from": [3.5, 7, 7],
			"to": [4, 8, 8],
			"rotation": {"angle": 0, "axis": "y", "origin": [-4, 8, 8]},
			"faces": {
				"north": {"uv": [7, 8, 8, 9], "texture": "#wall"},
				"west": {"uv": [7, 8, 8, 9], "texture": "#wall"},
				"up": {"uv": [8, 8, 7, 9], "rotation": 270, "texture": "#wall"},
				"down": {"uv": [7, 8, 8, 9], "rotation": 270, "texture": "#wall"}
			}
		},
		{
			"name": "cobblestone_wall_10",
			"from": [3.5, 7, 11],
			"to": [4, 8, 12],
			"rotation": {"angle": 0, "axis": "y", "origin": [-4, 8, 8]},
			"faces": {
				"south": {"uv": [11, 8, 12, 9], "texture": "#wall"},
				"west": {"uv": [11, 8, 12, 9], "texture": "#wall"},
				"up": {"uv": [12, 8, 11, 9], "rotation": 270, "texture": "#wall"},
				"down": {"uv": [11, 8, 12, 9], "rotation": 270, "texture": "#wall"}
			}
		},
		{
			"name": "cobblestone_wall_11",
			"from": [3.5, 6, 8],
			"to": [4, 7, 10],
			"rotation": {"angle": 0, "axis": "y", "origin": [-4, 8, 8]},
			"faces": {
				"north": {"uv": [8, 9, 9, 10], "texture": "#wall"},
				"south": {"uv": [9, 9, 10, 10], "texture": "#wall"},
				"west": {"uv": [8, 9, 10, 10], "texture": "#wall"},
				"down": {"uv": [8, 9, 10, 10], "rotation": 270, "texture": "#wall"}
			}
		},
		{
			"name": "cobblestone_wall_12",
			"from": [3.5, 2, 7],
			"to": [4, 5, 9],
			"rotation": {"angle": 0, "axis": "y", "origin": [-4, 8, 8]},
			"faces": {
				"north": {"uv": [7, 11, 8, 14], "texture": "#wall"},
				"south": {"uv": [8, 11, 9, 14], "texture": "#wall"},
				"west": {"uv": [7, 11, 9, 14], "texture": "#wall"},
				"up": {"uv": [9, 11, 7, 12], "rotation": 270, "texture": "#wall"},
				"down": {"uv": [7, 13, 9, 14], "rotation": 270, "texture": "#wall"}
			}
		},
		{
			"name": "cobblestone_wall_13",
			"from": [3.5, 2, 6],
			"to": [4, 4, 7],
			"rotation": {"angle": 0, "axis": "y", "origin": [-4, 8, 8]},
			"faces": {
				"north": {"uv": [6, 12, 7, 14], "texture": "#wall"},
				"west": {"uv": [6, 12, 7, 14], "texture": "#wall"},
				"up": {"uv": [7, 12, 6, 13], "rotation": 270, "texture": "#wall"},
				"down": {"uv": [6, 13, 7, 14], "rotation": 270, "texture": "#wall"}
			}
		},
		{
			"name": "cobblestone_wall_14",
			"from": [3.5, 1, 9],
			"to": [4, 4, 10],
			"rotation": {"angle": 0, "axis": "y", "origin": [-4, 8, 8]},
			"faces": {
				"south": {"uv": [9, 12, 10, 15], "texture": "#wall"},
				"west": {"uv": [9, 12, 10, 15], "texture": "#wall"},
				"up": {"uv": [10, 12, 9, 13], "rotation": 270, "texture": "#wall"},
				"down": {"uv": [9, 14, 10, 15], "rotation": 270, "texture": "#wall"}
			}
		},
		{
			"name": "cobblestone_wall_15",
			"from": [3.5, 2, 10],
			"to": [4, 3, 11],
			"rotation": {"angle": 0, "axis": "y", "origin": [-4, 8, 8]},
			"faces": {
				"south": {"uv": [10, 13, 11, 14], "texture": "#wall"},
				"west": {"uv": [10, 13, 11, 14], "texture": "#wall"},
				"up": {"uv": [11, 13, 10, 14], "rotation": 270, "texture": "#wall"},
				"down": {"uv": [10, 13, 11, 14], "rotation": 270, "texture": "#wall"}
			}
		},
		{
			"name": "cobblestone_wall_16",
			"from": [3.5, 1, 8],
			"to": [4, 2, 9],
			"rotation": {"angle": 0, "axis": "y", "origin": [-4, 8, 8]},
			"faces": {
				"north": {"uv": [8, 14, 9, 15], "texture": "#wall"},
				"west": {"uv": [8, 14, 9, 15], "texture": "#wall"},
				"down": {"uv": [8, 14, 9, 15], "rotation": 270, "texture": "#wall"}
			}
		},
		{
			"name": "cobblestone_wall_17",
			"from": [3.5, 0, 11],
			"to": [4, 1, 12],
			"rotation": {"angle": 0, "axis": "y", "origin": [-4, 8, 8]},
			"faces": {
				"north": {"uv": [11, 15, 12, 16], "texture": "#wall"},
				"south": {"uv": [11, 15, 12, 16], "texture": "#wall"},
				"west": {"uv": [11, 15, 12, 16], "texture": "#wall"},
				"up": {"uv": [12, 15, 11, 16], "rotation": 270, "texture": "#wall"},
				"down": {"uv": [11, 15, 12, 16], "rotation": 270, "texture": "#wall", "cullface": "down"}
			}
		},
		{
			"name": "cobblestone_wall2_0",
			"from": [5, 16, 4],
			"to": [6, 16.5, 8],
			"rotation": {"angle": 0, "axis": "y", "origin": [8, 24, 8]},
			"faces": {
				"north": {"uv": [6, 4, 5, 5], "texture": "#wall", "cullface": "up"},
				"east": {"uv": [5, 4, 6, 8], "rotation": 90, "texture": "#wall", "cullface": "up"},
				"south": {"uv": [5, 7, 6, 8], "texture": "#wall", "cullface": "up"},
				"west": {"uv": [5, 4, 6, 8], "rotation": 270, "texture": "#wall", "cullface": "up"},
				"up": {"uv": [5, 4, 6, 8], "texture": "#wall", "cullface": "up"}
			}
		},
		{
			"name": "cobblestone_wall2_1",
			"from": [7, 16, 4],
			"to": [8, 16.5, 5],
			"rotation": {"angle": 0, "axis": "y", "origin": [8, 24, 8]},
			"faces": {
				"north": {"uv": [8, 4, 7, 5], "texture": "#wall", "cullface": "up"},
				"east": {"uv": [7, 4, 8, 5], "rotation": 90, "texture": "#wall", "cullface": "up"},
				"south": {"uv": [7, 4, 8, 5], "texture": "#wall", "cullface": "up"},
				"west": {"uv": [7, 4, 8, 5], "rotation": 270, "texture": "#wall", "cullface": "up"},
				"up": {"uv": [7, 4, 8, 5], "texture": "#wall", "cullface": "up"}
			}
		},
		{
			"name": "cobblestone_wall2_2",
			"from": [10, 16, 4],
			"to": [12, 16.5, 5],
			"rotation": {"angle": 0, "axis": "y", "origin": [8, 24, 8]},
			"faces": {
				"north": {"uv": [12, 4, 10, 5], "texture": "#wall", "cullface": "up"},
				"east": {"uv": [11, 4, 12, 5], "rotation": 90, "texture": "#wall", "cullface": "up"},
				"south": {"uv": [10, 4, 12, 5], "texture": "#wall", "cullface": "up"},
				"west": {"uv": [10, 4, 11, 5], "rotation": 270, "texture": "#wall", "cullface": "up"},
				"up": {"uv": [10, 4, 12, 5], "texture": "#wall", "cullface": "up"}
			}
		},
		{
			"name": "cobblestone_wall2_3",
			"from": [11, 16, 5],
			"to": [12, 16.5, 7],
			"rotation": {"angle": 0, "axis": "y", "origin": [8, 24, 8]},
			"faces": {
				"east": {"uv": [11, 5, 12, 7], "rotation": 90, "texture": "#wall", "cullface": "up"},
				"south": {"uv": [11, 6, 12, 7], "texture": "#wall", "cullface": "up"},
				"west": {"uv": [11, 5, 12, 7], "rotation": 270, "texture": "#wall", "cullface": "up"},
				"up": {"uv": [11, 5, 12, 7], "texture": "#wall", "cullface": "up"}
			}
		},
		{
			"name": "cobblestone_wall2_4",
			"from": [8, 16, 7],
			"to": [11, 16.5, 9],
			"rotation": {"angle": 0, "axis": "y", "origin": [8, 24, 8]},
			"faces": {
				"north": {"uv": [11, 7, 8, 8], "texture": "#wall", "cullface": "up"},
				"east": {"uv": [10, 7, 11, 9], "rotation": 90, "texture": "#wall", "cullface": "up"},
				"south": {"uv": [8, 8, 11, 9], "texture": "#wall", "cullface": "up"},
				"west": {"uv": [8, 7, 9, 9], "rotation": 270, "texture": "#wall", "cullface": "up"},
				"up": {"uv": [8, 7, 11, 9], "texture": "#wall", "cullface": "up"}
			}
		},
		{
			"name": "cobblestone_wall2_5",
			"from": [7, 16, 8],
			"to": [8, 16.5, 9],
			"rotation": {"angle": 0, "axis": "y", "origin": [8, 24, 8]},
			"faces": {
				"north": {"uv": [8, 8, 7, 9], "texture": "#wall", "cullface": "up"},
				"south": {"uv": [7, 8, 8, 9], "texture": "#wall", "cullface": "up"},
				"west": {"uv": [7, 8, 8, 9], "rotation": 270, "texture": "#wall", "cullface": "up"},
				"up": {"uv": [7, 8, 8, 9], "texture": "#wall", "cullface": "up"}
			}
		},
		{
			"name": "cobblestone_wall2_6",
			"from": [11, 16, 8],
			"to": [12, 16.5, 9],
			"rotation": {"angle": 0, "axis": "y", "origin": [8, 24, 8]},
			"faces": {
				"north": {"uv": [12, 8, 11, 9], "texture": "#wall", "cullface": "up"},
				"east": {"uv": [11, 8, 12, 9], "rotation": 90, "texture": "#wall", "cullface": "up"},
				"south": {"uv": [11, 8, 12, 9], "texture": "#wall", "cullface": "up"},
				"up": {"uv": [11, 8, 12, 9], "texture": "#wall", "cullface": "up"}
			}
		},
		{
			"name": "cobblestone_wall2_7",
			"from": [8, 16, 9],
			"to": [10, 16.5, 10],
			"rotation": {"angle": 0, "axis": "y", "origin": [8, 24, 8]},
			"faces": {
				"east": {"uv": [9, 9, 10, 10], "rotation": 90, "texture": "#wall", "cullface": "up"},
				"south": {"uv": [8, 9, 10, 10], "texture": "#wall", "cullface": "up"},
				"west": {"uv": [8, 9, 9, 10], "rotation": 270, "texture": "#wall", "cullface": "up"},
				"up": {"uv": [8, 9, 10, 10], "texture": "#wall", "cullface": "up"}
			}
		},
		{
			"name": "cobblestone_wall2_8",
			"from": [7, 16, 11],
			"to": [9, 16.5, 12],
			"rotation": {"angle": 0, "axis": "y", "origin": [8, 24, 8]},
			"faces": {
				"north": {"uv": [9, 11, 7, 12], "texture": "#wall", "cullface": "up"},
				"east": {"uv": [8, 11, 9, 12], "rotation": 90, "texture": "#wall", "cullface": "up"},
				"south": {"uv": [7, 11, 9, 12], "texture": "#wall", "cullface": "up"},
				"west": {"uv": [7, 11, 8, 12], "rotation": 270, "texture": "#wall", "cullface": "up"},
				"up": {"uv": [7, 11, 9, 12], "texture": "#wall", "cullface": "up"}
			}
		},
		{
			"name": "cobblestone_wall2_0",
			"from": [5, -0.5, 8],
			"to": [6, 0, 12],
			"rotation": {"angle": 0, "axis": "z", "origin": [8, -8, 8]},
			"faces": {
				"north": {"uv": [5, 7, 6, 8], "rotation": 180, "texture": "#wall", "cullface": "down"},
				"east": {"uv": [5, 4, 6, 8], "rotation": 270, "texture": "#wall", "cullface": "down"},
				"south": {"uv": [6, 4, 5, 5], "rotation": 180, "texture": "#wall", "cullface": "down"},
				"west": {"uv": [5, 4, 6, 8], "rotation": 90, "texture": "#wall", "cullface": "down"},
				"down": {"uv": [5, 4, 6, 8], "texture": "#wall", "cullface": "down"}
			}
		},
		{
			"name": "cobblestone_wall2_1",
			"from": [7, -0.5, 11],
			"to": [8, 0, 12],
			"rotation": {"angle": 0, "axis": "z", "origin": [8, -8, 8]},
			"faces": {
				"north": {"uv": [7, 4, 8, 5], "rotation": 180, "texture": "#wall", "cullface": "down"},
				"east": {"uv": [7, 4, 8, 5], "rotation": 270, "texture": "#wall", "cullface": "down"},
				"south": {"uv": [8, 4, 7, 5], "rotation": 180, "texture": "#wall", "cullface": "down"},
				"west": {"uv": [7, 4, 8, 5], "rotation": 90, "texture": "#wall", "cullface": "down"},
				"down": {"uv": [7, 4, 8, 5], "texture": "#wall", "cullface": "down"}
			}
		},
		{
			"name": "cobblestone_wall2_2",
			"from": [10, -0.5, 11],
			"to": [12, 0, 12],
			"rotation": {"angle": 0, "axis": "z", "origin": [8, -8, 8]},
			"faces": {
				"north": {"uv": [10, 4, 12, 5], "rotation": 180, "texture": "#wall", "cullface": "down"},
				"east": {"uv": [11, 4, 12, 5], "rotation": 270, "texture": "#wall", "cullface": "down"},
				"south": {"uv": [12, 4, 10, 5], "rotation": 180, "texture": "#wall", "cullface": "down"},
				"west": {"uv": [10, 4, 11, 5], "rotation": 90, "texture": "#wall", "cullface": "down"},
				"down": {"uv": [10, 4, 12, 5], "texture": "#wall", "cullface": "down"}
			}
		},
		{
			"name": "cobblestone_wall2_3",
			"from": [11, -0.5, 9],
			"to": [12, 0, 11],
			"rotation": {"angle": 0, "axis": "z", "origin": [8, -8, 8]},
			"faces": {
				"north": {"uv": [11, 6, 12, 7], "rotation": 180, "texture": "#wall", "cullface": "down"},
				"east": {"uv": [11, 5, 12, 7], "rotation": 270, "texture": "#wall", "cullface": "down"},
				"west": {"uv": [11, 5, 12, 7], "rotation": 90, "texture": "#wall", "cullface": "down"},
				"down": {"uv": [11, 5, 12, 7], "texture": "#wall", "cullface": "down"}
			}
		},
		{
			"name": "cobblestone_wall2_4",
			"from": [8, -0.5, 7],
			"to": [11, 0, 9],
			"rotation": {"angle": 0, "axis": "z", "origin": [8, -8, 8]},
			"faces": {
				"north": {"uv": [8, 8, 11, 9], "rotation": 180, "texture": "#wall", "cullface": "down"},
				"east": {"uv": [10, 7, 11, 9], "rotation": 270, "texture": "#wall", "cullface": "down"},
				"south": {"uv": [11, 7, 8, 8], "rotation": 180, "texture": "#wall", "cullface": "down"},
				"west": {"uv": [8, 7, 9, 9], "rotation": 90, "texture": "#wall", "cullface": "down"},
				"down": {"uv": [8, 7, 11, 9], "texture": "#wall", "cullface": "down"}
			}
		},
		{
			"name": "cobblestone_wall2_5",
			"from": [7, -0.5, 7],
			"to": [8, 0, 8],
			"rotation": {"angle": 0, "axis": "z", "origin": [8, -8, 8]},
			"faces": {
				"north": {"uv": [7, 8, 8, 9], "rotation": 180, "texture": "#wall", "cullface": "down"},
				"south": {"uv": [8, 8, 7, 9], "rotation": 180, "texture": "#wall", "cullface": "down"},
				"west": {"uv": [7, 8, 8, 9], "rotation": 90, "texture": "#wall", "cullface": "down"},
				"down": {"uv": [7, 8, 8, 9], "texture": "#wall", "cullface": "down"}
			}
		},
		{
			"name": "cobblestone_wall2_6",
			"from": [11, -0.5, 7],
			"to": [12, 0, 8],
			"rotation": {"angle": 0, "axis": "z", "origin": [8, -8, 8]},
			"faces": {
				"north": {"uv": [11, 8, 12, 9], "rotation": 180, "texture": "#wall", "cullface": "down"},
				"east": {"uv": [11, 8, 12, 9], "rotation": 270, "texture": "#wall", "cullface": "down"},
				"south": {"uv": [12, 8, 11, 9], "rotation": 180, "texture": "#wall", "cullface": "down"},
				"down": {"uv": [11, 8, 12, 9], "texture": "#wall", "cullface": "down"}
			}
		},
		{
			"name": "cobblestone_wall2_7",
			"from": [8, -0.5, 6],
			"to": [10, 0, 7],
			"rotation": {"angle": 0, "axis": "z", "origin": [8, -8, 8]},
			"faces": {
				"north": {"uv": [8, 9, 10, 10], "rotation": 180, "texture": "#wall", "cullface": "down"},
				"east": {"uv": [9, 9, 10, 10], "rotation": 270, "texture": "#wall", "cullface": "down"},
				"west": {"uv": [8, 9, 9, 10], "rotation": 90, "texture": "#wall", "cullface": "down"},
				"down": {"uv": [8, 9, 10, 10], "texture": "#wall", "cullface": "down"}
			}
		},
		{
			"name": "cobblestone_wall2_8",
			"from": [7, -0.5, 4],
			"to": [9, 0, 5],
			"rotation": {"angle": 0, "axis": "z", "origin": [8, -8, 8]},
			"faces": {
				"north": {"uv": [7, 11, 9, 12], "rotation": 180, "texture": "#wall", "cullface": "down"},
				"east": {"uv": [8, 11, 9, 12], "rotation": 270, "texture": "#wall", "cullface": "down"},
				"south": {"uv": [9, 11, 7, 12], "rotation": 180, "texture": "#wall", "cullface": "down"},
				"west": {"uv": [7, 11, 8, 12], "rotation": 90, "texture": "#wall", "cullface": "down"},
				"down": {"uv": [7, 11, 9, 12], "texture": "#wall", "cullface": "down"}
			}
		}
	],
	"groups": [
		{
			"name": "template_wall_post",
			"origin": [8, 8, 8],
			"children": [0]
		},
		{
			"name": "3d",
			"origin": [8, 8, 8],
			"children": [
				{
					"name": "cobblestone_wall",
					"origin": [8, 8, 8],
					"children": [1, 2, 3, 4, 5, 6, 7, 8, 9, 10, 11, 12, 13, 14, 15, 16, 17, 18]
				},
				{
					"name": "cobblestone_wall",
					"origin": [8, 8, 8],
					"children": [19, 20, 21, 22, 23, 24, 25, 26, 27, 28, 29, 30, 31, 32, 33, 34, 35, 36]
				},
				{
					"name": "cobblestone_wall",
					"origin": [8, 8, 8],
					"children": [37, 38, 39, 40, 41, 42, 43, 44, 45, 46, 47, 48, 49, 50, 51, 52, 53, 54]
				},
				{
					"name": "cobblestone_wall",
					"origin": [8, 8, 8],
					"children": [55, 56, 57, 58, 59, 60, 61, 62, 63, 64, 65, 66, 67, 68, 69, 70, 71, 72]
				},
				{
					"name": "cobblestone_wall2",
					"origin": [8, 8, 8],
					"children": [73, 74, 75, 76, 77, 78, 79, 80, 81]
				},
				{
					"name": "cobblestone_wall2",
					"origin": [8, 8, 8],
					"children": [82, 83, 84, 85, 86, 87, 88, 89, 90]
				}
			]
		}
	]
}