{
	"credit": "Made with Blockbench",
	"textures": {
		"0": "block/cobblestone",
		"particle": "block/cobblestone"
	},
	"elements": [
		{
			"from": [5, 0, 0],
			"to": [11, 16, 8],
			"faces": {
				"north": {"uv": [5, 0, 11, 16], "texture": "#0", "cullface": "north"},
				"east": {"uv": [8, 0, 16, 16], "texture": "#0"},
				"west": {"uv": [0, 0, 8, 16], "texture": "#0"},
				"up": {"uv": [5, 0, 11, 8], "texture": "#0", "cullface": "up"},
				"down": {"uv": [5, 8, 11, 16], "texture": "#0", "cullface": "down"}
			}
		},
		{
			"name": "wall4_0",
			"from": [4.5, 12, 2],
			"to": [5, 16, 4],
			"rotation": {"angle": 0, "axis": "y", "origin": [-3, 8, 8]},
			"faces": {
				"north": {"uv": [2, 0, 3, 4], "texture": "#0"},
				"south": {"uv": [3, 0, 4, 4], "texture": "#0"},
				"west": {"uv": [2, 0, 4, 4], "texture": "#0"},
				"up": {"uv": [4, 0, 2, 1], "rotation": 270, "texture": "#0", "cullface": "up"},
				"down": {"uv": [2, 3, 4, 4], "rotation": 270, "texture": "#0"}
			}
		},
		{
			"name": "wall4_1",
			"from": [4.5, 11, 7],
			"to": [5, 16, 8],
			"rotation": {"angle": 0, "axis": "y", "origin": [-3, 8, 8]},
			"faces": {
				"north": {"uv": [7, 0, 8, 5], "texture": "#0"},
				"south": {"uv": [7, 0, 8, 5], "texture": "#0"},
				"west": {"uv": [7, 0, 8, 5], "texture": "#0"},
				"up": {"uv": [8, 0, 7, 1], "rotation": 270, "texture": "#0", "cullface": "up"},
				"down": {"uv": [7, 4, 8, 5], "rotation": 270, "texture": "#0"}
			}
		},
		{
			"name": "wall4_2",
			"from": [4.5, 13, 1],
			"to": [5, 15, 2],
			"rotation": {"angle": 0, "axis": "y", "origin": [-3, 8, 8]},
			"faces": {
				"north": {"uv": [1, 1, 2, 3], "texture": "#0"},
				"west": {"uv": [1, 1, 2, 3], "texture": "#0"},
				"up": {"uv": [2, 1, 1, 2], "rotation": 270, "texture": "#0"},
				"down": {"uv": [1, 2, 2, 3], "rotation": 270, "texture": "#0"}
			}
		},
		{
			"name": "wall4_3",
			"from": [4.5, 13, 4],
			"to": [5, 15, 5],
			"rotation": {"angle": 0, "axis": "y", "origin": [-3, 8, 8]},
			"faces": {
				"south": {"uv": [4, 1, 5, 3], "texture": "#0"},
				"west": {"uv": [4, 1, 5, 3], "texture": "#0"},
				"up": {"uv": [5, 1, 4, 2], "rotation": 270, "texture": "#0"},
				"down": {"uv": [4, 2, 5, 3], "rotation": 270, "texture": "#0"}
			}
		},
		{
			"name": "wall4_4",
			"from": [4.5, 12, 6],
			"to": [5, 15, 7],
			"rotation": {"angle": 0, "axis": "y", "origin": [-3, 8, 8]},
			"faces": {
				"north": {"uv": [6, 1, 7, 4], "texture": "#0"},
				"west": {"uv": [6, 1, 7, 4], "texture": "#0"},
				"up": {"uv": [7, 1, 6, 2], "rotation": 270, "texture": "#0"},
				"down": {"uv": [6, 3, 7, 4], "rotation": 270, "texture": "#0"}
			}
		},
		{
			"name": "wall4_5",
			"from": [4.5, 8, 4],
			"to": [5, 12, 6],
			"rotation": {"angle": 0, "axis": "y", "origin": [-3, 8, 8]},
			"faces": {
				"north": {"uv": [4, 4, 5, 8], "texture": "#0"},
				"south": {"uv": [5, 4, 6, 8], "texture": "#0"},
				"west": {"uv": [4, 4, 6, 8], "texture": "#0"},
				"up": {"uv": [6, 4, 4, 5], "rotation": 270, "texture": "#0"},
				"down": {"uv": [4, 7, 6, 8], "rotation": 270, "texture": "#0"}
			}
		},
		{
			"name": "wall4_6",
			"from": [4.5, 8, 0],
			"to": [5, 11, 1],
			"rotation": {"angle": 0, "axis": "y", "origin": [-3, 8, 8]},
			"faces": {
				"north": {"uv": [0, 5, 1, 8], "texture": "#0", "cullface": "north"},
				"south": {"uv": [0, 5, 1, 8], "texture": "#0"},
				"west": {"uv": [0, 5, 1, 8], "texture": "#0"},
				"up": {"uv": [1, 5, 0, 6], "rotation": 270, "texture": "#0"},
				"down": {"uv": [0, 7, 1, 8], "rotation": 270, "texture": "#0"}
			}
		},
		{
			"name": "wall4_7",
			"from": [4.5, 10, 2],
			"to": [5, 11, 4],
			"rotation": {"angle": 0, "axis": "y", "origin": [-3, 8, 8]},
			"faces": {
				"north": {"uv": [2, 5, 3, 6], "texture": "#0"},
				"west": {"uv": [2, 5, 4, 6], "texture": "#0"},
				"up": {"uv": [4, 5, 2, 6], "rotation": 270, "texture": "#0"},
				"down": {"uv": [2, 5, 4, 6], "rotation": 270, "texture": "#0"}
			}
		},
		{
			"name": "wall4_8",
			"from": [4.5, 8, 1],
			"to": [5, 10, 2],
			"rotation": {"angle": 0, "axis": "y", "origin": [-3, 8, 8]},
			"faces": {
				"south": {"uv": [1, 6, 2, 8], "texture": "#0"},
				"west": {"uv": [1, 6, 2, 8], "texture": "#0"},
				"up": {"uv": [2, 6, 1, 7], "rotation": 270, "texture": "#0"},
				"down": {"uv": [1, 7, 2, 8], "rotation": 270, "texture": "#0"}
			}
		},
		{
			"name": "wall4_9",
			"from": [4.5, 9, 3],
			"to": [5, 10, 4],
			"rotation": {"angle": 0, "axis": "y", "origin": [-3, 8, 8]},
			"faces": {
				"north": {"uv": [3, 6, 4, 7], "texture": "#0"},
				"west": {"uv": [3, 6, 4, 7], "texture": "#0"},
				"down": {"uv": [3, 6, 4, 7], "rotation": 270, "texture": "#0"}
			}
		},
		{
			"name": "wall4_10",
			"from": [4.5, 5, 2],
			"to": [5, 8, 4],
			"rotation": {"angle": 0, "axis": "y", "origin": [-3, 8, 8]},
			"faces": {
				"north": {"uv": [2, 8, 3, 11], "texture": "#0"},
				"south": {"uv": [3, 8, 4, 11], "texture": "#0"},
				"west": {"uv": [2, 8, 4, 11], "texture": "#0"},
				"up": {"uv": [4, 8, 2, 9], "rotation": 270, "texture": "#0"},
				"down": {"uv": [2, 10, 4, 11], "rotation": 270, "texture": "#0"}
			}
		},
		{
			"name": "wall4_11",
			"from": [4.5, 7, 7],
			"to": [5, 8, 8],
			"rotation": {"angle": 0, "axis": "y", "origin": [-3, 8, 8]},
			"faces": {
				"north": {"uv": [7, 8, 8, 9], "texture": "#0"},
				"south": {"uv": [7, 8, 8, 9], "texture": "#0"},
				"west": {"uv": [7, 8, 8, 9], "texture": "#0"},
				"up": {"uv": [8, 8, 7, 9], "rotation": 270, "texture": "#0"},
				"down": {"uv": [7, 8, 8, 9], "rotation": 270, "texture": "#0"}
			}
		},
		{
			"name": "wall4_12",
			"from": [4.5, 6, 1],
			"to": [5, 7, 2],
			"rotation": {"angle": 0, "axis": "y", "origin": [-3, 8, 8]},
			"faces": {
				"north": {"uv": [1, 9, 2, 10], "texture": "#0"},
				"west": {"uv": [1, 9, 2, 10], "texture": "#0"},
				"up": {"uv": [2, 9, 1, 10], "rotation": 270, "texture": "#0"},
				"down": {"uv": [1, 9, 2, 10], "rotation": 270, "texture": "#0"}
			}
		},
		{
			"name": "wall4_13",
			"from": [4.5, 2, 7],
			"to": [5, 5, 8],
			"rotation": {"angle": 0, "axis": "y", "origin": [-3, 8, 8]},
			"faces": {
				"north": {"uv": [7, 11, 8, 14], "texture": "#0"},
				"south": {"uv": [7, 11, 8, 14], "texture": "#0"},
				"west": {"uv": [7, 11, 8, 14], "texture": "#0"},
				"up": {"uv": [8, 11, 7, 12], "rotation": 270, "texture": "#0"},
				"down": {"uv": [7, 13, 8, 14], "rotation": 270, "texture": "#0"}
			}
		},
		{
			"name": "wall4_14",
			"from": [4.5, 2, 1],
			"to": [5, 4, 4],
			"rotation": {"angle": 0, "axis": "y", "origin": [-3, 8, 8]},
			"faces": {
				"north": {"uv": [1, 12, 2, 14], "texture": "#0"},
				"south": {"uv": [3, 12, 4, 14], "texture": "#0"},
				"west": {"uv": [1, 12, 4, 14], "texture": "#0"},
				"up": {"uv": [4, 12, 1, 13], "rotation": 270, "texture": "#0"},
				"down": {"uv": [1, 13, 4, 14], "rotation": 270, "texture": "#0"}
			}
		},
		{
			"name": "wall4_15",
			"from": [4.5, 2, 6],
			"to": [5, 4, 7],
			"rotation": {"angle": 0, "axis": "y", "origin": [-3, 8, 8]},
			"faces": {
				"north": {"uv": [6, 12, 7, 14], "texture": "#0"},
				"west": {"uv": [6, 12, 7, 14], "texture": "#0"},
				"up": {"uv": [7, 12, 6, 13], "rotation": 270, "texture": "#0"},
				"down": {"uv": [6, 13, 7, 14], "rotation": 270, "texture": "#0"}
			}
		},
		{
			"name": "wall4_16",
			"from": [4.5, 1, 0],
			"to": [5, 2, 3],
			"rotation": {"angle": 0, "axis": "y", "origin": [-3, 8, 8]},
			"faces": {
				"north": {"uv": [0, 14, 1, 15], "texture": "#0", "cullface": "north"},
				"south": {"uv": [2, 14, 3, 15], "texture": "#0"},
				"west": {"uv": [0, 14, 3, 15], "texture": "#0"},
				"up": {"uv": [3, 14, 0, 15], "rotation": 270, "texture": "#0"},
				"down": {"uv": [0, 14, 3, 15], "rotation": 270, "texture": "#0"}
			}
		},
		{
			"name": "wall4_17",
			"from": [4.5, 0, 1],
			"to": [5, 1, 2],
			"rotation": {"angle": 0, "axis": "y", "origin": [-3, 8, 8]},
			"faces": {
				"north": {"uv": [1, 15, 2, 16], "texture": "#0"},
				"south": {"uv": [1, 15, 2, 16], "texture": "#0"},
				"west": {"uv": [1, 15, 2, 16], "texture": "#0"},
				"down": {"uv": [1, 15, 2, 16], "rotation": 270, "texture": "#0", "cullface": "down"}
			}
		},
		{
			"name": "wall5_0",
			"from": [11, 14, 5],
			"to": [11.5, 16, 8],
			"rotation": {"angle": 0, "axis": "y", "origin": [19, 8, 8]},
			"faces": {
				"north": {"uv": [10, 0, 11, 2], "texture": "#0"},
				"east": {"uv": [8, 0, 11, 2], "texture": "#0"},
				"south": {"uv": [8, 0, 9, 2], "texture": "#0"},
				"up": {"uv": [11, 0, 8, 1], "rotation": 90, "texture": "#0", "cullface": "up"},
				"down": {"uv": [8, 1, 11, 2], "rotation": 90, "texture": "#0"}
			}
		},
		{
			"name": "wall5_1",
			"from": [11, 14, 0],
			"to": [11.5, 16, 3],
			"rotation": {"angle": 0, "axis": "y", "origin": [19, 8, 8]},
			"faces": {
				"north": {"uv": [15, 0, 16, 2], "texture": "#0", "cullface": "north"},
				"east": {"uv": [13, 0, 16, 2], "texture": "#0"},
				"south": {"uv": [13, 0, 14, 2], "texture": "#0"},
				"up": {"uv": [16, 0, 13, 1], "rotation": 90, "texture": "#0", "cullface": "up"},
				"down": {"uv": [13, 1, 16, 2], "rotation": 90, "texture": "#0"}
			}
		},
		{
			"name": "wall5_2",
			"from": [11, 12, 6],
			"to": [11.5, 14, 8],
			"rotation": {"angle": 0, "axis": "y", "origin": [19, 8, 8]},
			"faces": {
				"north": {"uv": [9, 2, 10, 4], "texture": "#0"},
				"east": {"uv": [8, 2, 10, 4], "texture": "#0"},
				"south": {"uv": [8, 2, 9, 4], "texture": "#0"},
				"down": {"uv": [8, 3, 10, 4], "rotation": 90, "texture": "#0"}
			}
		},
		{
			"name": "wall5_3",
			"from": [11, 13, 0],
			"to": [11.5, 14, 2],
			"rotation": {"angle": 0, "axis": "y", "origin": [19, 8, 8]},
			"faces": {
				"north": {"uv": [15, 2, 16, 3], "texture": "#0", "cullface": "north"},
				"east": {"uv": [14, 2, 16, 3], "texture": "#0"},
				"south": {"uv": [14, 2, 15, 3], "texture": "#0"},
				"down": {"uv": [14, 2, 16, 3], "rotation": 90, "texture": "#0"}
			}
		},
		{
			"name": "wall5_4",
			"from": [11, 9, 2],
			"to": [11.5, 13, 5],
			"rotation": {"angle": 0, "axis": "y", "origin": [19, 8, 8]},
			"faces": {
				"north": {"uv": [13, 3, 14, 7], "texture": "#0"},
				"east": {"uv": [11, 3, 14, 7], "texture": "#0"},
				"south": {"uv": [11, 3, 12, 7], "texture": "#0"},
				"up": {"uv": [14, 3, 11, 4], "rotation": 90, "texture": "#0"},
				"down": {"uv": [11, 6, 14, 7], "rotation": 90, "texture": "#0"}
			}
		},
		{
			"name": "wall5_5",
			"from": [11, 11, 5],
			"to": [11.5, 12, 6],
			"rotation": {"angle": 0, "axis": "y", "origin": [19, 8, 8]},
			"faces": {
				"east": {"uv": [10, 4, 11, 5], "texture": "#0"},
				"south": {"uv": [10, 4, 11, 5], "texture": "#0"},
				"up": {"uv": [11, 4, 10, 5], "rotation": 90, "texture": "#0"},
				"down": {"uv": [10, 4, 11, 5], "rotation": 90, "texture": "#0"}
			}
		},
		{
			"name": "wall5_6",
			"from": [11, 11, 1],
			"to": [11.5, 12, 2],
			"rotation": {"angle": 0, "axis": "y", "origin": [19, 8, 8]},
			"faces": {
				"north": {"uv": [14, 4, 15, 5], "texture": "#0"},
				"east": {"uv": [14, 4, 15, 5], "texture": "#0"},
				"up": {"uv": [15, 4, 14, 5], "rotation": 90, "texture": "#0"},
				"down": {"uv": [14, 4, 15, 5], "rotation": 90, "texture": "#0"}
			}
		},
		{
			"name": "wall5_7",
			"from": [11, 7, 0],
			"to": [11.5, 11, 1],
			"rotation": {"angle": 0, "axis": "y", "origin": [19, 8, 8]},
			"faces": {
				"north": {"uv": [15, 5, 16, 9], "texture": "#0", "cullface": "north"},
				"east": {"uv": [15, 5, 16, 9], "texture": "#0"},
				"south": {"uv": [15, 5, 16, 9], "texture": "#0"},
				"up": {"uv": [16, 5, 15, 6], "rotation": 90, "texture": "#0"},
				"down": {"uv": [15, 8, 16, 9], "rotation": 90, "texture": "#0"}
			}
		},
		{
			"name": "wall5_8",
			"from": [11, 7, 5],
			"to": [11.5, 9, 8],
			"rotation": {"angle": 0, "axis": "y", "origin": [19, 8, 8]},
			"faces": {
				"north": {"uv": [10, 7, 11, 9], "texture": "#0"},
				"east": {"uv": [8, 7, 11, 9], "texture": "#0"},
				"south": {"uv": [8, 7, 9, 9], "texture": "#0"},
				"up": {"uv": [11, 7, 8, 8], "rotation": 90, "texture": "#0"},
				"down": {"uv": [8, 8, 11, 9], "rotation": 90, "texture": "#0"}
			}
		},
		{
			"name": "wall5_9",
			"from": [11, 7, 4],
			"to": [11.5, 8, 5],
			"rotation": {"angle": 0, "axis": "y", "origin": [19, 8, 8]},
			"faces": {
				"north": {"uv": [11, 8, 12, 9], "texture": "#0"},
				"east": {"uv": [11, 8, 12, 9], "texture": "#0"},
				"up": {"uv": [12, 8, 11, 9], "rotation": 90, "texture": "#0"},
				"down": {"uv": [11, 8, 12, 9], "rotation": 90, "texture": "#0"}
			}
		},
		{
			"name": "wall5_10",
			"from": [11, 6, 6],
			"to": [11.5, 7, 8],
			"rotation": {"angle": 0, "axis": "y", "origin": [19, 8, 8]},
			"faces": {
				"north": {"uv": [9, 9, 10, 10], "texture": "#0"},
				"east": {"uv": [8, 9, 10, 10], "texture": "#0"},
				"south": {"uv": [8, 9, 9, 10], "texture": "#0"},
				"down": {"uv": [8, 9, 10, 10], "rotation": 90, "texture": "#0"}
			}
		},
		{
			"name": "wall5_11",
			"from": [11, 4, 1],
			"to": [11.5, 7, 3],
			"rotation": {"angle": 0, "axis": "y", "origin": [19, 8, 8]},
			"faces": {
				"north": {"uv": [14, 9, 15, 12], "texture": "#0"},
				"east": {"uv": [13, 9, 15, 12], "texture": "#0"},
				"south": {"uv": [13, 9, 14, 12], "texture": "#0"},
				"up": {"uv": [15, 9, 13, 10], "rotation": 90, "texture": "#0"},
				"down": {"uv": [13, 11, 15, 12], "rotation": 90, "texture": "#0"}
			}
		},
		{
			"name": "wall5_12",
			"from": [11, 5, 0],
			"to": [11.5, 6, 1],
			"rotation": {"angle": 0, "axis": "y", "origin": [19, 8, 8]},
			"faces": {
				"north": {"uv": [15, 10, 16, 11], "texture": "#0", "cullface": "north"},
				"east": {"uv": [15, 10, 16, 11], "texture": "#0"},
				"up": {"uv": [16, 10, 15, 11], "rotation": 90, "texture": "#0"},
				"down": {"uv": [15, 10, 16, 11], "rotation": 90, "texture": "#0"}
			}
		},
		{
			"name": "wall5_13",
			"from": [11, 1, 7],
			"to": [11.5, 5, 8],
			"rotation": {"angle": 0, "axis": "y", "origin": [19, 8, 8]},
			"faces": {
				"north": {"uv": [8, 11, 9, 15], "texture": "#0"},
				"east": {"uv": [8, 11, 9, 15], "texture": "#0"},
				"south": {"uv": [8, 11, 9, 15], "texture": "#0"},
				"up": {"uv": [9, 11, 8, 12], "rotation": 90, "texture": "#0"},
				"down": {"uv": [8, 14, 9, 15], "rotation": 90, "texture": "#0"}
			}
		},
		{
			"name": "wall5_14",
			"from": [11, 3, 3],
			"to": [11.5, 5, 4],
			"rotation": {"angle": 0, "axis": "y", "origin": [19, 8, 8]},
			"faces": {
				"east": {"uv": [12, 11, 13, 13], "texture": "#0"},
				"south": {"uv": [12, 11, 13, 13], "texture": "#0"},
				"up": {"uv": [13, 11, 12, 12], "rotation": 90, "texture": "#0"},
				"down": {"uv": [12, 12, 13, 13], "rotation": 90, "texture": "#0"}
			}
		},
		{
			"name": "wall5_15",
			"from": [11, 1, 6],
			"to": [11.5, 4, 7],
			"rotation": {"angle": 0, "axis": "y", "origin": [19, 8, 8]},
			"faces": {
				"north": {"uv": [9, 12, 10, 15], "texture": "#0"},
				"east": {"uv": [9, 12, 10, 15], "texture": "#0"},
				"up": {"uv": [10, 12, 9, 13], "rotation": 90, "texture": "#0"},
				"down": {"uv": [9, 14, 10, 15], "rotation": 90, "texture": "#0"}
			}
		},
		{
			"name": "wall5_16",
			"from": [11, 3, 2],
			"to": [11.5, 4, 3],
			"rotation": {"angle": 0, "axis": "y", "origin": [19, 8, 8]},
			"faces": {
				"north": {"uv": [13, 12, 14, 13], "texture": "#0"},
				"east": {"uv": [13, 12, 14, 13], "texture": "#0"},
				"down": {"uv": [13, 12, 14, 13], "rotation": 90, "texture": "#0"}
			}
		},
		{
			"name": "wall5_17",
			"from": [11, 2, 5],
			"to": [11.5, 3, 6],
			"rotation": {"angle": 0, "axis": "y", "origin": [19, 8, 8]},
			"faces": {
				"north": {"uv": [10, 13, 11, 14], "texture": "#0"},
				"east": {"uv": [10, 13, 11, 14], "texture": "#0"},
				"up": {"uv": [11, 13, 10, 14], "rotation": 90, "texture": "#0"},
				"down": {"uv": [10, 13, 11, 14], "rotation": 90, "texture": "#0"}
			}
		},
		{
			"name": "wall5_18",
			"from": [11, 0, 2],
			"to": [11.5, 2, 4],
			"rotation": {"angle": 0, "axis": "y", "origin": [19, 8, 8]},
			"faces": {
				"north": {"uv": [13, 14, 14, 16], "texture": "#0"},
				"east": {"uv": [12, 14, 14, 16], "texture": "#0"},
				"south": {"uv": [12, 14, 13, 16], "texture": "#0"},
				"up": {"uv": [14, 14, 12, 15], "rotation": 90, "texture": "#0"},
				"down": {"uv": [12, 15, 14, 16], "rotation": 90, "texture": "#0", "cullface": "down"}
			}
		},
		{
			"name": "wall5_19",
			"from": [11, 0, 4],
			"to": [11.5, 1, 5],
			"rotation": {"angle": 0, "axis": "y", "origin": [19, 8, 8]},
			"faces": {
				"east": {"uv": [11, 15, 12, 16], "texture": "#0"},
				"south": {"uv": [11, 15, 12, 16], "texture": "#0"},
				"up": {"uv": [12, 15, 11, 16], "rotation": 90, "texture": "#0"},
				"down": {"uv": [11, 15, 12, 16], "rotation": 90, "texture": "#0", "cullface": "down"}
			}
		},
		{
			"name": "wall5_20",
			"from": [11, 0, 1],
			"to": [11.5, 1, 2],
			"rotation": {"angle": 0, "axis": "y", "origin": [19, 8, 8]},
			"faces": {
				"north": {"uv": [14, 15, 15, 16], "texture": "#0"},
				"east": {"uv": [14, 15, 15, 16], "texture": "#0"},
				"up": {"uv": [15, 15, 14, 16], "rotation": 90, "texture": "#0"},
				"down": {"uv": [14, 15, 15, 16], "rotation": 90, "texture": "#0", "cullface": "down"}
			}
		},
		{
			"name": "wall_0",
			"from": [7, 16, 0],
			"to": [10, 16.5, 4],
			"rotation": {"angle": 0, "axis": "y", "origin": [8, 24, 8]},
			"faces": {
				"north": {"uv": [10, 0, 7, 1], "texture": "#0", "cullface": "north"},
				"east": {"uv": [9, 0, 10, 4], "rotation": 90, "texture": "#0", "cullface": "up"},
				"south": {"uv": [7, 3, 10, 4], "texture": "#0", "cullface": "up"},
				"west": {"uv": [7, 0, 8, 4], "rotation": 270, "texture": "#0", "cullface": "up"},
				"up": {"uv": [7, 0, 10, 4], "texture": "#0", "cullface": "up"}
			}
		},
		{
			"name": "wall_1",
			"from": [10, 16, 0],
			"to": [11, 16.5, 2],
			"rotation": {"angle": 0, "axis": "y", "origin": [8, 24, 8]},
			"faces": {
				"north": {"uv": [11, 0, 10, 1], "texture": "#0", "cullface": "north"},
				"east": {"uv": [10, 0, 11, 2], "rotation": 90, "texture": "#0", "cullface": "up"},
				"south": {"uv": [10, 1, 11, 2], "texture": "#0", "cullface": "up"},
				"up": {"uv": [10, 0, 11, 2], "texture": "#0", "cullface": "up"}
			}
		},
		{
			"name": "wall_2",
			"from": [6, 16, 1],
			"to": [7, 16.5, 4],
			"rotation": {"angle": 0, "axis": "y", "origin": [8, 24, 8]},
			"faces": {
				"north": {"uv": [7, 1, 6, 2], "texture": "#0", "cullface": "up"},
				"south": {"uv": [6, 3, 7, 4], "texture": "#0", "cullface": "up"},
				"west": {"uv": [6, 1, 7, 4], "rotation": 270, "texture": "#0", "cullface": "up"},
				"up": {"uv": [6, 1, 7, 4], "texture": "#0", "cullface": "up"}
			}
		},
		{
			"name": "wall_4",
			"from": [5, 16, 4],
			"to": [6, 16.5, 8],
			"rotation": {"angle": 0, "axis": "y", "origin": [8, 24, 8]},
			"faces": {
				"north": {"uv": [6, 4, 5, 5], "texture": "#0", "cullface": "up"},
				"east": {"uv": [5, 4, 6, 8], "rotation": 90, "texture": "#0", "cullface": "up"},
				"south": {"uv": [5, 7, 6, 8], "texture": "#0", "cullface": "up"},
				"west": {"uv": [5, 4, 6, 8], "rotation": 270, "texture": "#0", "cullface": "up"},
				"up": {"uv": [5, 4, 6, 8], "texture": "#0", "cullface": "up"}
			}
		},
		{
			"name": "wall_5",
			"from": [7, 16, 4],
			"to": [8, 16.5, 5],
			"rotation": {"angle": 0, "axis": "y", "origin": [8, 24, 8]},
			"faces": {
				"east": {"uv": [7, 4, 8, 5], "rotation": 90, "texture": "#0", "cullface": "up"},
				"south": {"uv": [7, 4, 8, 5], "texture": "#0", "cullface": "up"},
				"west": {"uv": [7, 4, 8, 5], "rotation": 270, "texture": "#0", "cullface": "up"},
				"up": {"uv": [7, 4, 8, 5], "texture": "#0", "cullface": "up"}
			}
		},
		{
			"name": "wall_6",
			"from": [10, 16, 4],
			"to": [11, 16.5, 5],
			"rotation": {"angle": 0, "axis": "y", "origin": [8, 24, 8]},
			"faces": {
				"north": {"uv": [11, 4, 10, 5], "texture": "#0", "cullface": "up"},
				"east": {"uv": [10, 4, 11, 5], "rotation": 90, "texture": "#0", "cullface": "up"},
				"south": {"uv": [10, 4, 11, 5], "texture": "#0", "cullface": "up"},
				"west": {"uv": [10, 4, 11, 5], "rotation": 270, "texture": "#0", "cullface": "up"},
				"up": {"uv": [10, 4, 11, 5], "texture": "#0", "cullface": "up"}
			}
		},
		{
			"name": "wall_7",
			"from": [8, 16, 7],
			"to": [11, 16.5, 8],
			"rotation": {"angle": 0, "axis": "y", "origin": [8, 24, 8]},
			"faces": {
				"north": {"uv": [11, 7, 8, 8], "texture": "#0", "cullface": "up"},
				"east": {"uv": [10, 7, 11, 8], "rotation": 90, "texture": "#0", "cullface": "up"},
				"south": {"uv": [8, 7, 11, 8], "texture": "#0", "cullface": "up"},
				"west": {"uv": [8, 7, 9, 8], "rotation": 270, "texture": "#0", "cullface": "up"},
				"up": {"uv": [8, 7, 11, 8], "texture": "#0", "cullface": "up"}
			}
		},
		{
			"name": "wall3_0",
			"from": [7, -0.5, 7],
			"to": [11, 0, 8],
			"rotation": {"angle": 0, "axis": "x", "origin": [8, -8, 8]},
			"faces": {
				"north": {"uv": [7, 8, 11, 9], "rotation": 180, "texture": "#0", "cullface": "down"},
				"east": {"uv": [10, 8, 11, 9], "rotation": 270, "texture": "#0", "cullface": "down"},
				"south": {"uv": [11, 8, 7, 9], "rotation": 180, "texture": "#0", "cullface": "down"},
				"west": {"uv": [7, 8, 8, 9], "rotation": 90, "texture": "#0", "cullface": "down"},
				"down": {"uv": [7, 8, 11, 9], "texture": "#0", "cullface": "down"}
			}
		},
		{
			"name": "wall3_1",
			"from": [8, -0.5, 6],
			"to": [10, 0, 7],
			"rotation": {"angle": 0, "axis": "x", "origin": [8, -8, 8]},
			"faces": {
				"north": {"uv": [8, 9, 10, 10], "rotation": 180, "texture": "#0", "cullface": "down"},
				"east": {"uv": [9, 9, 10, 10], "rotation": 270, "texture": "#0", "cullface": "down"},
				"west": {"uv": [8, 9, 9, 10], "rotation": 90, "texture": "#0", "cullface": "down"},
				"down": {"uv": [8, 9, 10, 10], "texture": "#0", "cullface": "down"}
			}
		},
		{
			"name": "wall3_2",
			"from": [7, -0.5, 2],
			"to": [9, 0, 5],
			"rotation": {"angle": 0, "axis": "x", "origin": [8, -8, 8]},
			"faces": {
				"north": {"uv": [7, 13, 9, 14], "rotation": 180, "texture": "#0", "cullface": "down"},
				"east": {"uv": [8, 11, 9, 14], "rotation": 270, "texture": "#0", "cullface": "down"},
				"south": {"uv": [9, 11, 7, 12], "rotation": 180, "texture": "#0", "cullface": "down"},
				"west": {"uv": [7, 11, 8, 14], "rotation": 90, "texture": "#0", "cullface": "down"},
				"down": {"uv": [7, 11, 9, 14], "texture": "#0", "cullface": "down"}
			}
		},
		{
			"name": "wall3_3",
			"from": [6, -0.5, 2],
			"to": [7, 0, 4],
			"rotation": {"angle": 0, "axis": "x", "origin": [8, -8, 8]},
			"faces": {
				"north": {"uv": [6, 13, 7, 14], "rotation": 180, "texture": "#0", "cullface": "down"},
				"south": {"uv": [7, 12, 6, 13], "rotation": 180, "texture": "#0", "cullface": "down"},
				"west": {"uv": [6, 12, 7, 14], "rotation": 90, "texture": "#0", "cullface": "down"},
				"down": {"uv": [6, 12, 7, 14], "texture": "#0", "cullface": "down"}
			}
		},
		{
			"name": "wall3_4",
			"from": [9, -0.5, 1],
			"to": [10, 0, 4],
			"rotation": {"angle": 0, "axis": "x", "origin": [8, -8, 8]},
			"faces": {
				"north": {"uv": [9, 14, 10, 15], "rotation": 180, "texture": "#0", "cullface": "down"},
				"east": {"uv": [9, 12, 10, 15], "rotation": 270, "texture": "#0", "cullface": "down"},
				"south": {"uv": [10, 12, 9, 13], "rotation": 180, "texture": "#0", "cullface": "down"},
				"down": {"uv": [9, 12, 10, 15], "texture": "#0", "cullface": "down"}
			}
		},
		{
			"name": "wall3_5",
			"from": [10, -0.5, 2],
			"to": [11, 0, 3],
			"rotation": {"angle": 0, "axis": "x", "origin": [8, -8, 8]},
			"faces": {
				"north": {"uv": [10, 13, 11, 14], "rotation": 180, "texture": "#0", "cullface": "down"},
				"east": {"uv": [10, 13, 11, 14], "rotation": 270, "texture": "#0", "cullface": "down"},
				"south": {"uv": [11, 13, 10, 14], "rotation": 180, "texture": "#0", "cullface": "down"},
				"down": {"uv": [10, 13, 11, 14], "texture": "#0", "cullface": "down"}
			}
		},
		{
			"name": "wall3_6",
			"from": [8, -0.5, 1],
			"to": [9, 0, 2],
			"rotation": {"angle": 0, "axis": "x", "origin": [8, -8, 8]},
			"faces": {
				"north": {"uv": [8, 14, 9, 15], "rotation": 180, "texture": "#0", "cullface": "down"},
				"west": {"uv": [8, 14, 9, 15], "rotation": 90, "texture": "#0", "cullface": "down"},
				"down": {"uv": [8, 14, 9, 15], "texture": "#0", "cullface": "down"}
			}
		},
		{
			"name": "wall6_0",
			"from": [6, 12, -0.5],
			"to": [9, 16, 0],
			"rotation": {"angle": 0, "axis": "y", "origin": [8, 8, -9]},
			"faces": {
				"north": {"uv": [7, 0, 10, 4], "texture": "#0", "cullface": "north"},
				"east": {"uv": [7, 0, 8, 4], "texture": "#0", "cullface": "north"},
				"west": {"uv": [9, 0, 10, 4], "texture": "#0", "cullface": "north"},
				"up": {"uv": [10, 0, 7, 1], "texture": "#0", "cullface": "north"},
				"down": {"uv": [7, 3, 10, 4], "rotation": 180, "texture": "#0", "cullface": "north"}
			}
		},
		{
			"name": "wall6_1",
			"from": [5, 14, -0.5],
			"to": [6, 16, 0],
			"rotation": {"angle": 0, "axis": "y", "origin": [8, 8, -9]},
			"faces": {
				"north": {"uv": [10, 0, 11, 2], "texture": "#0", "cullface": "north"},
				"west": {"uv": [10, 0, 11, 2], "texture": "#0", "cullface": "north"},
				"up": {"uv": [11, 0, 10, 1], "texture": "#0", "cullface": "north"},
				"down": {"uv": [10, 1, 11, 2], "rotation": 180, "texture": "#0", "cullface": "north"}
			}
		},
		{
			"name": "wall6_2",
			"from": [9, 12, -0.5],
			"to": [10, 15, 0],
			"rotation": {"angle": 0, "axis": "y", "origin": [8, 8, -9]},
			"faces": {
				"north": {"uv": [6, 1, 7, 4], "texture": "#0", "cullface": "north"},
				"east": {"uv": [6, 1, 7, 4], "texture": "#0", "cullface": "north"},
				"up": {"uv": [7, 1, 6, 2], "texture": "#0", "cullface": "north"},
				"down": {"uv": [6, 3, 7, 4], "rotation": 180, "texture": "#0", "cullface": "north"}
			}
		},
		{
			"name": "wall6_3",
			"from": [10, 8, -0.5],
			"to": [11, 12, 0],
			"rotation": {"angle": 0, "axis": "y", "origin": [8, 8, -9]},
			"faces": {
				"north": {"uv": [5, 4, 6, 8], "texture": "#0", "cullface": "north"},
				"east": {"uv": [5, 4, 6, 8], "texture": "#0", "cullface": "north"},
				"west": {"uv": [5, 4, 6, 8], "texture": "#0", "cullface": "north"},
				"up": {"uv": [6, 4, 5, 5], "texture": "#0", "cullface": "north"},
				"down": {"uv": [5, 7, 6, 8], "rotation": 180, "texture": "#0", "cullface": "north"}
			}
		},
		{
			"name": "wall6_4",
			"from": [8, 11, -0.5],
			"to": [9, 12, 0],
			"rotation": {"angle": 0, "axis": "y", "origin": [8, 8, -9]},
			"faces": {
				"north": {"uv": [7, 4, 8, 5], "texture": "#0", "cullface": "north"},
				"east": {"uv": [7, 4, 8, 5], "texture": "#0", "cullface": "north"},
				"west": {"uv": [7, 4, 8, 5], "texture": "#0", "cullface": "north"},
				"down": {"uv": [7, 4, 8, 5], "rotation": 180, "texture": "#0", "cullface": "north"}
			}
		},
		{
			"name": "wall6_5",
			"from": [5, 11, -0.5],
			"to": [6, 12, 0],
			"rotation": {"angle": 0, "axis": "y", "origin": [8, 8, -9]},
			"faces": {
				"north": {"uv": [10, 4, 11, 5], "texture": "#0", "cullface": "north"},
				"east": {"uv": [10, 4, 11, 5], "texture": "#0", "cullface": "north"},
				"west": {"uv": [10, 4, 11, 5], "texture": "#0", "cullface": "north"},
				"up": {"uv": [11, 4, 10, 5], "texture": "#0", "cullface": "north"},
				"down": {"uv": [10, 4, 11, 5], "rotation": 180, "texture": "#0", "cullface": "north"}
			}
		},
		{
			"name": "wall6_6",
			"from": [5, 7, -0.5],
			"to": [8, 9, 0],
			"rotation": {"angle": 0, "axis": "y", "origin": [8, 8, -9]},
			"faces": {
				"north": {"uv": [8, 7, 11, 9], "texture": "#0", "cullface": "north"},
				"east": {"uv": [8, 7, 9, 9], "texture": "#0", "cullface": "north"},
				"west": {"uv": [10, 7, 11, 9], "texture": "#0", "cullface": "north"},
				"up": {"uv": [11, 7, 8, 8], "texture": "#0", "cullface": "north"},
				"down": {"uv": [8, 8, 11, 9], "rotation": 180, "texture": "#0", "cullface": "north"}
			}
		},
		{
			"name": "wall6_7",
			"from": [8, 7, -0.5],
			"to": [9, 8, 0],
			"rotation": {"angle": 0, "axis": "y", "origin": [8, 8, -9]},
			"faces": {
				"north": {"uv": [7, 8, 8, 9], "texture": "#0", "cullface": "north"},
				"east": {"uv": [7, 8, 8, 9], "texture": "#0", "cullface": "north"},
				"up": {"uv": [8, 8, 7, 9], "texture": "#0", "cullface": "north"},
				"down": {"uv": [7, 8, 8, 9], "rotation": 180, "texture": "#0", "cullface": "north"}
			}
		},
		{
			"name": "wall6_8",
			"from": [6, 6, -0.5],
			"to": [8, 7, 0],
			"rotation": {"angle": 0, "axis": "y", "origin": [8, 8, -9]},
			"faces": {
				"north": {"uv": [8, 9, 10, 10], "texture": "#0", "cullface": "north"},
				"east": {"uv": [8, 9, 9, 10], "texture": "#0", "cullface": "north"},
				"west": {"uv": [9, 9, 10, 10], "texture": "#0", "cullface": "north"},
				"down": {"uv": [8, 9, 10, 10], "rotation": 180, "texture": "#0", "cullface": "north"}
			}
		},
		{
			"name": "wall6_9",
			"from": [7, 2, -0.5],
			"to": [9, 5, 0],
			"rotation": {"angle": 0, "axis": "y", "origin": [8, 8, -9]},
			"faces": {
				"north": {"uv": [7, 11, 9, 14], "texture": "#0", "cullface": "north"},
				"east": {"uv": [7, 11, 8, 14], "texture": "#0", "cullface": "north"},
				"west": {"uv": [8, 11, 9, 14], "texture": "#0", "cullface": "north"},
				"up": {"uv": [9, 11, 7, 12], "texture": "#0", "cullface": "north"},
				"down": {"uv": [7, 13, 9, 14], "rotation": 180, "texture": "#0", "cullface": "north"}
			}
		},
		{
			"name": "wall6_10",
			"from": [9, 2, -0.5],
			"to": [10, 4, 0],
			"rotation": {"angle": 0, "axis": "y", "origin": [8, 8, -9]},
			"faces": {
				"north": {"uv": [6, 12, 7, 14], "texture": "#0", "cullface": "north"},
				"east": {"uv": [6, 12, 7, 14], "texture": "#0", "cullface": "north"},
				"up": {"uv": [7, 12, 6, 13], "texture": "#0", "cullface": "north"},
				"down": {"uv": [6, 13, 7, 14], "rotation": 180, "texture": "#0", "cullface": "north"}
			}
		},
		{
			"name": "wall6_11",
			"from": [6, 1, -0.5],
			"to": [7, 4, 0],
			"rotation": {"angle": 0, "axis": "y", "origin": [8, 8, -9]},
			"faces": {
				"north": {"uv": [9, 12, 10, 15], "texture": "#0", "cullface": "north"},
				"west": {"uv": [9, 12, 10, 15], "texture": "#0", "cullface": "north"},
				"up": {"uv": [10, 12, 9, 13], "texture": "#0", "cullface": "north"},
				"down": {"uv": [9, 14, 10, 15], "rotation": 180, "texture": "#0", "cullface": "north"}
			}
		},
		{
			"name": "wall6_12",
			"from": [5, 2, -0.5],
			"to": [6, 3, 0],
			"rotation": {"angle": 0, "axis": "y", "origin": [8, 8, -9]},
			"faces": {
				"north": {"uv": [10, 13, 11, 14], "texture": "#0", "cullface": "north"},
				"west": {"uv": [10, 13, 11, 14], "texture": "#0", "cullface": "north"},
				"up": {"uv": [11, 13, 10, 14], "texture": "#0", "cullface": "north"},
				"down": {"uv": [10, 13, 11, 14], "rotation": 180, "texture": "#0", "cullface": "north"}
			}
		},
		{
			"name": "wall6_13",
			"from": [7, 1, -0.5],
			"to": [8, 2, 0],
			"rotation": {"angle": 0, "axis": "y", "origin": [8, 8, -9]},
			"faces": {
				"north": {"uv": [8, 14, 9, 15], "texture": "#0", "cullface": "north"},
				"east": {"uv": [8, 14, 9, 15], "texture": "#0", "cullface": "north"},
				"down": {"uv": [8, 14, 9, 15], "rotation": 180, "texture": "#0", "cullface": "north"}
			}
		}
	],
	"groups": [0,
		{
			"name": "wall4",
			"origin": [8, 8, 8],
			"children": [1, 2, 3, 4, 5, 6, 7, 8, 9, 10, 11, 12, 13, 14, 15, 16, 17, 18]
		},
		{
			"name": "wall5",
			"origin": [8, 8, 8],
			"children": [19, 20, 21, 22, 23, 24, 25, 26, 27, 28, 29, 30, 31, 32, 33, 34, 35, 36, 37, 38, 39]
		},
		{
			"name": "wall",
			"origin": [8, 8, 8],
			"children": [40, 41, 42, 43, 44, 45, 46]
		},
		{
			"name": "wall3",
			"origin": [8, 8, 8],
			"children": [47, 48, 49, 50, 51, 52, 53]
		},
		{
			"name": "wall6",
			"origin": [8, 8, 8],
			"children": [54, 55, 56, 57, 58, 59, 60, 61, 62, 63, 64, 65, 66, 67]
		}
	]
}