{
	"credit": "Made with Blockbench",
	"parent": "block/block",
	"textures": {
		"0": "block/crimson_planks",
		"particle": "block/crimson_planks"
	},
	"elements": [
		{
			"from": [0.5, 0, 0.5],
			"to": [15.5, 5, 15.5],
			"faces": {
				"north": {"uv": [0.3, 11, 15.7, 16], "texture": "#0"},
				"east": {"uv": [0.3, 11, 15.7, 16], "texture": "#0"},
				"south": {"uv": [0.3, 11, 15.7, 16], "texture": "#0"},
				"west": {"uv": [0.3, 11, 15.7, 16], "texture": "#0"}
			}
		},
		{
			"from": [0, 1, 0],
			"to": [8, 4, 7],
			"rotation": {"angle": 0, "axis": "y", "origin": [8, 9, 8]},
			"faces": {
				"north": {"uv": [8, 12, 16, 15], "texture": "#0"},
				"east": {"uv": [9, 12, 16, 15], "texture": "#0"},
				"south": {"uv": [0, 12, 8, 15], "texture": "#0"},
				"west": {"uv": [0, 12, 7, 15], "texture": "#0"},
				"up": {"uv": [0, 12, 7, 15], "texture": "#0"},
				"down": {"uv": [0, 12, 7, 15], "texture": "#0"}
			}
		},
		{
			"from": [0, 1, 8],
			"to": [7, 4, 16],
			"rotation": {"angle": 0, "axis": "y", "origin": [8, 9, 16]},
			"faces": {
				"north": {"uv": [9, 12, 16, 15], "texture": "#0"},
				"east": {"uv": [0, 12, 8, 15], "texture": "#0"},
				"south": {"uv": [0, 12, 7, 15], "texture": "#0"},
				"west": {"uv": [8, 12, 16, 15], "texture": "#0"},
				"up": {"uv": [0, 12, 7, 15], "texture": "#0"},
				"down": {"uv": [0, 12, 7, 15], "texture": "#0"}
			}
		},
		{
			"from": [8, 1, 9],
			"to": [16, 4, 16],
			"rotation": {"angle": 0, "axis": "y", "origin": [16, 9, 16]},
			"faces": {
				"north": {"uv": [0, 12, 8, 15], "texture": "#0"},
				"east": {"uv": [0, 12, 7, 15], "texture": "#0"},
				"south": {"uv": [8, 12, 16, 15], "texture": "#0"},
				"west": {"uv": [9, 12, 16, 15], "texture": "#0"},
				"up": {"uv": [0, 12, 7, 15], "texture": "#0"},
				"down": {"uv": [0, 12, 7, 15], "texture": "#0"}
			}
		},
		{
			"from": [9, 1, 0],
			"to": [16, 4, 8],
			"rotation": {"angle": 0, "axis": "y", "origin": [16, 9, 8]},
			"faces": {
				"north": {"uv": [0, 12, 7, 15], "texture": "#0"},
				"east": {"uv": [8, 12, 16, 15], "texture": "#0"},
				"south": {"uv": [9, 12, 16, 15], "texture": "#0"},
				"west": {"uv": [0, 12, 8, 15], "texture": "#0"},
				"up": {"uv": [0, 12, 7, 15], "texture": "#0"},
				"down": {"uv": [0, 12, 7, 15], "texture": "#0"}
			}
		},
		{
			"from": [0, 5, 0],
			"to": [16, 8, 16],
			"rotation": {"angle": 0, "axis": "y", "origin": [8, 13, 8]},
			"faces": {
				"north": {"uv": [0, 8, 16, 11], "texture": "#0"},
				"east": {"uv": [0, 8, 16, 11], "texture": "#0"},
				"south": {"uv": [0, 8, 16, 11], "texture": "#0"},
				"west": {"uv": [0, 8, 16, 11], "texture": "#0"},
				"up": {"uv": [0, 0, 16, 16], "texture": "#0"},
				"down": {"uv": [0, 8, 16, 11], "texture": "#0"}
			}
		},
		{
			"name": "tampa",
			"from": [0, 0, 0],
			"to": [16, 0, 16],
			"faces": {
				"up": {"uv": [0, 0, 16, 16], "texture": "#0"},
				"down": {"uv": [0, 0, 16, 16], "texture": "#0"}
			}
		}
	],
	"display": {
		"thirdperson_righthand": {
			"rotation": [75, 45, 0],
			"translation": [0, 2.5, 0],
			"scale": [0.375, 0.375, 0.375]
		},
		"thirdperson_lefthand": {
			"rotation": [75, 45, 0],
			"translation": [0, 2.5, 0],
			"scale": [0.375, 0.375, 0.375]
		},
		"firstperson_righthand": {
			"rotation": [0, 45, 0],
			"scale": [0.4, 0.4, 0.4]
		},
		"firstperson_lefthand": {
			"rotation": [0, 225, 0],
			"scale": [0.4, 0.4, 0.4]
		},
		"ground": {
			"translation": [0, 3, 0],
			"scale": [0.25, 0.25, 0.25]
		},
		"gui": {
			"rotation": [30, 225, 0],
			"scale": [0.625, 0.625, 0.625]
		},
		"fixed": {
			"scale": [0.5, 0.5, 0.5]
		}
	},
	"groups": [
		{
			"name": "slab",
			"origin": [8, 8, 8],
			"children": [0]
		},
		{
			"name": "madeira",
			"origin": [8, 8, 8],
			"children": [1, 2, 3, 4, 5, 6]
		}
	]
}