{
	"credit": "Made with Blockbench",
	"textures": {
		"0": "block/crimson_planks",
		"particle": "block/crimson_planks"
	},
	"elements": [
		{
			"name": "base",
			"from": [0.5, 0, 0.5],
			"to": [15.5, 13, 15.5],
			"faces": {
				"north": {"uv": [0.5, 3, 15.5, 16], "texture": "#0"},
				"east": {"uv": [0.5, 3, 15.5, 16], "texture": "#0"},
				"south": {"uv": [0.5, 3, 15.5, 16], "texture": "#0"},
				"west": {"uv": [0.5, 3, 15.5, 16], "texture": "#0"},
				"down": {"uv": [0.5, 0.5, 15.5, 15.5], "texture": "#0", "cullface": "down"}
			}
		},
		{
			"from": [0, 5, 0],
			"to": [16, 8, 16],
			"rotation": {"angle": 0, "axis": "y", "origin": [8, 13, 8]},
			"faces": {
				"north": {"uv": [0, 8, 16, 11], "texture": "#0", "cullface": "north"},
				"east": {"uv": [0, 8, 16, 11], "texture": "#0", "cullface": "east"},
				"south": {"uv": [0, 8, 16, 11], "texture": "#0", "cullface": "south"},
				"west": {"uv": [0, 8, 16, 11], "texture": "#0", "cullface": "west"},
				"up": {"uv": [0, 12, 7, 15], "texture": "#0"},
				"down": {"uv": [0, 12, 7, 15], "texture": "#0"}
			}
		},
		{
			"name": "top",
			"from": [0, 13, 0],
			"to": [16, 16, 16],
			"rotation": {"angle": 0, "axis": "y", "origin": [8, 21, 8]},
			"faces": {
				"north": {"uv": [0, 0, 16, 3], "texture": "#0", "cullface": "north"},
				"east": {"uv": [0, 0, 16, 3], "texture": "#0", "cullface": "east"},
				"south": {"uv": [0, 0, 16, 3], "texture": "#0", "cullface": "south"},
				"west": {"uv": [0, 0, 16, 3], "texture": "#0", "cullface": "west"},
				"up": {"uv": [0, 0, 16, 16], "texture": "#0"},
				"down": {"uv": [0, 0, 16, 3], "texture": "#0"}
			}
		},
		{
			"from": [0, 1, 0],
			"to": [8, 4, 7],
			"rotation": {"angle": 0, "axis": "y", "origin": [8, 9, 8]},
			"faces": {
				"north": {"uv": [8, 12, 16, 15], "texture": "#0", "cullface": "north"},
				"east": {"uv": [9, 12, 16, 15], "texture": "#0", "cullface": "north"},
				"south": {"uv": [0, 12, 8, 15], "texture": "#0", "cullface": "west"},
				"west": {"uv": [0, 12, 7, 15], "texture": "#0", "cullface": "west"},
				"up": {"uv": [0, 12, 7, 15], "texture": "#0"},
				"down": {"uv": [0, 12, 7, 15], "texture": "#0"}
			}
		},
		{
			"from": [0, 9, 0],
			"to": [8, 12, 7],
			"rotation": {"angle": 0, "axis": "y", "origin": [8, 17, 8]},
			"faces": {
				"north": {"uv": [8, 4, 16, 7], "texture": "#0", "cullface": "north"},
				"east": {"uv": [9, 4, 16, 7], "texture": "#0", "cullface": "north"},
				"south": {"uv": [0, 4, 8, 7], "texture": "#0", "cullface": "west"},
				"west": {"uv": [0, 4, 7, 7], "texture": "#0", "cullface": "west"},
				"up": {"uv": [0, 12, 7, 15], "texture": "#0"},
				"down": {"uv": [0, 12, 7, 15], "texture": "#0"}
			}
		},
		{
			"from": [9, 1, 0],
			"to": [16, 4, 8],
			"rotation": {"angle": 0, "axis": "y", "origin": [17, 9, 8]},
			"faces": {
				"north": {"uv": [0, 12, 7, 15], "texture": "#0", "cullface": "north"},
				"east": {"uv": [8, 12, 16, 15], "texture": "#0", "cullface": "east"},
				"south": {"uv": [9, 12, 16, 15], "texture": "#0", "cullface": "east"},
				"west": {"uv": [0, 12, 8, 15], "texture": "#0", "cullface": "north"},
				"up": {"uv": [0, 12, 7, 15], "texture": "#0"},
				"down": {"uv": [0, 12, 7, 15], "texture": "#0"}
			}
		},
		{
			"from": [9, 9, 0],
			"to": [16, 12, 8],
			"rotation": {"angle": 0, "axis": "y", "origin": [17, 17, 8]},
			"faces": {
				"north": {"uv": [0, 4, 7, 7], "texture": "#0", "cullface": "north"},
				"east": {"uv": [8, 4, 16, 7], "texture": "#0", "cullface": "east"},
				"south": {"uv": [9, 4, 16, 7], "texture": "#0", "cullface": "east"},
				"west": {"uv": [0, 4, 8, 7], "texture": "#0", "cullface": "north"},
				"up": {"uv": [0, 12, 7, 15], "texture": "#0"},
				"down": {"uv": [0, 12, 7, 15], "texture": "#0"}
			}
		},
		{
			"from": [0, 1, 8],
			"to": [7, 4, 16],
			"rotation": {"angle": 0, "axis": "y", "origin": [8, 9, 16]},
			"faces": {
				"north": {"uv": [9, 12, 16, 15], "texture": "#0", "cullface": "west"},
				"east": {"uv": [0, 12, 8, 15], "texture": "#0", "cullface": "south"},
				"south": {"uv": [0, 12, 7, 15], "texture": "#0", "cullface": "south"},
				"west": {"uv": [8, 12, 16, 15], "texture": "#0", "cullface": "west"},
				"up": {"uv": [8, 4, 16, 7], "texture": "#0"},
				"down": {"uv": [8, 4, 16, 7], "texture": "#0"}
			}
		},
		{
			"from": [0, 9, 8],
			"to": [7, 12, 16],
			"rotation": {"angle": 0, "axis": "y", "origin": [8, 17, 16]},
			"faces": {
				"north": {"uv": [9, 4, 16, 7], "texture": "#0", "cullface": "west"},
				"east": {"uv": [0, 4, 8, 7], "texture": "#0", "cullface": "south"},
				"south": {"uv": [0, 4, 7, 7], "texture": "#0", "cullface": "south"},
				"west": {"uv": [8, 4, 16, 7], "texture": "#0", "cullface": "west"},
				"up": {"uv": [8, 4, 16, 7], "texture": "#0"},
				"down": {"uv": [8, 4, 16, 7], "texture": "#0"}
			}
		},
		{
			"from": [8, 1, 9],
			"to": [16, 4, 16],
			"rotation": {"angle": 0, "axis": "y", "origin": [16, 9, 23]},
			"faces": {
				"north": {"uv": [0, 12, 8, 15], "texture": "#0", "cullface": "east"},
				"east": {"uv": [0, 12, 7, 15], "texture": "#0", "cullface": "east"},
				"south": {"uv": [8, 12, 16, 15], "texture": "#0", "cullface": "south"},
				"west": {"uv": [9, 12, 16, 15], "texture": "#0", "cullface": "south"},
				"up": {"uv": [8, 4, 16, 7], "texture": "#0"},
				"down": {"uv": [8, 4, 16, 7], "texture": "#0"}
			}
		},
		{
			"from": [8, 9, 9],
			"to": [16, 12, 16],
			"rotation": {"angle": 0, "axis": "y", "origin": [16, 17, 23]},
			"faces": {
				"north": {"uv": [0, 4, 8, 7], "texture": "#0", "cullface": "east"},
				"east": {"uv": [0, 4, 7, 7], "texture": "#0", "cullface": "east"},
				"south": {"uv": [8, 4, 16, 7], "texture": "#0", "cullface": "south"},
				"west": {"uv": [9, 4, 16, 7], "texture": "#0", "cullface": "south"},
				"up": {"uv": [8, 4, 16, 7], "texture": "#0"},
				"down": {"uv": [8, 4, 16, 7], "texture": "#0"}
			}
		},
		{
			"from": [16, 0, 0],
			"to": [16, 16, 16],
			"rotation": {"angle": 0, "axis": "y", "origin": [23, 8, 8]},
			"faces": {
				"west": {"uv": [0, 0, 16, 16], "texture": "#0"}
			}
		},
		{
			"from": [0, 0, 0],
			"to": [16, 16, 0],
			"faces": {
				"south": {"uv": [0, 0, 16, 16], "texture": "#0"}
			}
		},
		{
			"from": [0, 0, 0],
			"to": [0, 16, 16],
			"faces": {
				"east": {"uv": [0, 0, 16, 16], "texture": "#0"}
			}
		},
		{
			"from": [0, 0, 16],
			"to": [16, 16, 16],
			"rotation": {"angle": 0, "axis": "y", "origin": [8, 8, 23]},
			"faces": {
				"north": {"uv": [0, 0, 16, 16], "texture": "#0"}
			}
		},
		{
			"from": [0, 0, 0],
			"to": [16, 0, 16],
			"faces": {
				"north": {"uv": [0, 0, 16, 0], "texture": "#missing"},
				"east": {"uv": [0, 0, 16, 0], "texture": "#missing"},
				"south": {"uv": [0, 0, 16, 0], "texture": "#missing"},
				"west": {"uv": [0, 0, 16, 0], "texture": "#missing"},
				"up": {"uv": [0, 0, 16, 16], "texture": "#0"},
				"down": {"uv": [0, 0, 16, 16], "texture": "#0"}
			}
		}
	],
	"display": {
		"thirdperson_righthand": {
			"rotation": [75, 45, 0],
			"translation": [0, 2.5, 0],
			"scale": [0.375, 0.375, 0.375]
		},
		"thirdperson_lefthand": {
			"rotation": [75, 45, 0],
			"translation": [0, 2.5, 0],
			"scale": [0.375, 0.375, 0.375]
		},
		"firstperson_righthand": {
			"rotation": [0, 45, 0],
			"scale": [0.4, 0.4, 0.4]
		},
		"firstperson_lefthand": {
			"rotation": [0, 225, 0],
			"scale": [0.4, 0.4, 0.4]
		},
		"ground": {
			"translation": [0, 3, 0],
			"scale": [0.25, 0.25, 0.25]
		},
		"gui": {
			"rotation": [30, 225, 0],
			"scale": [0.625, 0.625, 0.625]
		},
		"fixed": {
			"scale": [0.5, 0.5, 0.5]
		}
	},
	"groups": [0,
		{
			"name": "planks",
			"origin": [8, 8, 8],
			"children": [
				{
					"name": "planks1",
					"origin": [8, 13, 8],
					"children": [1, 2]
				}, 3, 4, 5, 6, 7, 8, 9, 10]
		},
		{
			"name": "tampa",
			"origin": [8, 8, 8],
			"children": [11, 12, 13, 14, 15]
		}
	]
}