{
	"credit": "Made with Blockbench",
	"parent": "minecraft:block/outer_stairs",
	"textures": {
		"particle": "block/dark_oak_planks",
		"bottom": "block/dark_oak_planks"
	},
	"elements": [
		{
			"from": [0.5, 0, 0.5],
			"to": [15.5, 5, 15.5],
			"faces": {
				"north": {"uv": [0.5, 11, 15.5, 16], "texture": "#bottom", "cullface": "north"},
				"east": {"uv": [0.5, 11, 15.5, 16], "texture": "#bottom", "cullface": "east"},
				"south": {"uv": [0.5, 11, 15.5, 16], "texture": "#bottom", "cullface": "south"},
				"west": {"uv": [0.5, 11, 15.5, 16], "texture": "#bottom", "cullface": "west"}
			}
		},
		{
			"from": [8.5, 8, 8.5],
			"to": [15.5, 13, 15.5],
			"faces": {
				"north": {"uv": [0.5, 3, 7.5, 8], "texture": "#bottom"},
				"east": {"uv": [0.5, 3, 7.5, 8], "texture": "#bottom", "cullface": "east"},
				"south": {"uv": [8.5, 3, 15.5, 8], "texture": "#bottom", "cullface": "south"},
				"west": {"uv": [8.5, 3, 15.5, 8], "texture": "#bottom"}
			}
		},
		{
			"from": [0, 1, 0],
			"to": [8, 4, 7],
			"rotation": {"angle": 0, "axis": "y", "origin": [8, 9, 8]},
			"faces": {
				"north": {"uv": [8, 12, 16, 15], "texture": "#bottom"},
				"east": {"uv": [9, 12, 16, 15], "texture": "#bottom"},
				"south": {"uv": [0, 12, 8, 15], "texture": "#bottom"},
				"west": {"uv": [0, 12, 7, 15], "texture": "#bottom"},
				"up": {"uv": [0, 0, 8, 7], "texture": "#bottom"},
				"down": {"uv": [0, 9, 8, 16], "texture": "#bottom"}
			}
		},
		{
			"from": [0, 1, 8],
			"to": [7, 4, 16],
			"rotation": {"angle": 0, "axis": "y", "origin": [8, 9, 16]},
			"faces": {
				"north": {"uv": [9, 12, 16, 15], "texture": "#bottom"},
				"east": {"uv": [0, 12, 8, 15], "texture": "#bottom"},
				"south": {"uv": [0, 12, 7, 15], "texture": "#bottom"},
				"west": {"uv": [8, 12, 16, 15], "texture": "#bottom"},
				"up": {"uv": [0, 8, 7, 16], "texture": "#bottom"},
				"down": {"uv": [0, 0, 7, 8], "texture": "#bottom"}
			}
		},
		{
			"from": [8, 1, 9],
			"to": [16, 4, 16],
			"rotation": {"angle": 0, "axis": "y", "origin": [16, 9, 16]},
			"faces": {
				"north": {"uv": [0, 12, 8, 15], "texture": "#bottom"},
				"east": {"uv": [0, 12, 7, 15], "texture": "#bottom"},
				"south": {"uv": [8, 12, 16, 15], "texture": "#bottom"},
				"west": {"uv": [9, 12, 16, 15], "texture": "#bottom"},
				"up": {"uv": [8, 9, 16, 16], "texture": "#bottom"},
				"down": {"uv": [8, 0, 16, 7], "texture": "#bottom"}
			}
		},
		{
			"from": [9, 1, 0],
			"to": [16, 4, 8],
			"rotation": {"angle": 0, "axis": "y", "origin": [16, 9, 8]},
			"faces": {
				"north": {"uv": [0, 12, 7, 15], "texture": "#bottom"},
				"east": {"uv": [8, 12, 16, 15], "texture": "#bottom"},
				"south": {"uv": [9, 12, 16, 15], "texture": "#bottom"},
				"west": {"uv": [0, 12, 8, 15], "texture": "#bottom"},
				"up": {"uv": [9, 0, 16, 8], "texture": "#bottom"},
				"down": {"uv": [9, 8, 16, 16], "texture": "#bottom"}
			}
		},
		{
			"from": [0, 5, 0],
			"to": [16, 8, 16],
			"rotation": {"angle": 0, "axis": "y", "origin": [16, 13, 8]},
			"faces": {
				"north": {"uv": [0, 8, 16, 11], "texture": "#bottom"},
				"east": {"uv": [0, 8, 16, 11], "texture": "#bottom"},
				"south": {"uv": [0, 8, 16, 11], "texture": "#bottom"},
				"west": {"uv": [0, 8, 16, 11], "texture": "#bottom"},
				"up": {"uv": [0, 0, 16, 16], "texture": "#bottom"},
				"down": {"uv": [0, 0, 16, 16], "texture": "#bottom"}
			}
		},
		{
			"from": [8, 9, 8],
			"to": [16, 12, 16],
			"rotation": {"angle": 0, "axis": "y", "origin": [16, 16, 8]},
			"faces": {
				"north": {"uv": [0, 4, 8, 7], "texture": "#bottom"},
				"east": {"uv": [0, 4, 8, 7], "texture": "#bottom"},
				"south": {"uv": [8, 4, 16, 7], "texture": "#bottom"},
				"west": {"uv": [8, 4, 16, 7], "texture": "#bottom"},
				"up": {"uv": [8, 8, 16, 16], "texture": "#bottom"},
				"down": {"uv": [8, 0, 16, 8], "texture": "#bottom"}
			}
		},
		{
			"from": [8, 13, 8],
			"to": [16, 16, 16],
			"rotation": {"angle": 0, "axis": "y", "origin": [16, 20, 8]},
			"faces": {
				"north": {"uv": [0, 0, 8, 3], "texture": "#bottom"},
				"east": {"uv": [0, 0, 8, 3], "texture": "#bottom"},
				"south": {"uv": [8, 0, 16, 3], "texture": "#bottom"},
				"west": {"uv": [8, 0, 16, 3], "texture": "#bottom"},
				"up": {"uv": [8, 8, 16, 16], "texture": "#bottom"},
				"down": {"uv": [8, 0, 16, 8], "texture": "#bottom"}
			}
		},
		{
			"from": [0, 0, 0],
			"to": [16, 0, 16],
			"faces": {
				"up": {"uv": [0, 0, 16, 16], "texture": "#bottom"},
				"down": {"uv": [0, 0, 16, 16], "texture": "#bottom"}
			}
		},
		{
			"from": [0, 0, 0],
			"to": [16, 8, 0],
			"faces": {
				"south": {"uv": [0, 8, 16, 16], "texture": "#bottom"}
			}
		},
		{
			"from": [0, 0, 16],
			"to": [16, 8, 16],
			"rotation": {"angle": 0, "axis": "y", "origin": [8, 8, 23]},
			"faces": {
				"north": {"uv": [0, 8, 16, 16], "texture": "#bottom"}
			}
		},
		{
			"from": [0, 0, 0],
			"to": [0, 8, 16],
			"faces": {
				"east": {"uv": [0, 8, 16, 16], "texture": "#bottom"}
			}
		},
		{
			"from": [16, 0, 0],
			"to": [16, 8, 16],
			"rotation": {"angle": 0, "axis": "y", "origin": [23, 8, 8]},
			"faces": {
				"west": {"uv": [0, 8, 16, 16], "texture": "#bottom"}
			}
		},
		{
			"from": [8, 8, 8],
			"to": [16, 16, 8],
			"rotation": {"angle": 0, "axis": "y", "origin": [16, 16, 16]},
			"faces": {
				"south": {"uv": [8, 0, 16, 8], "texture": "#bottom"}
			}
		},
		{
			"from": [8, 8, 16],
			"to": [16, 16, 16],
			"rotation": {"angle": 0, "axis": "y", "origin": [16, 16, 23]},
			"faces": {
				"north": {"uv": [0, 0, 8, 8], "texture": "#bottom"}
			}
		},
		{
			"from": [8, 8, 8],
			"to": [8, 16, 16],
			"rotation": {"angle": 0, "axis": "y", "origin": [16, 16, 16]},
			"faces": {
				"east": {"uv": [0, 0, 8, 8], "texture": "#bottom"}
			}
		},
		{
			"from": [16, 8, 8],
			"to": [16, 16, 16],
			"rotation": {"angle": 0, "axis": "y", "origin": [23, 16, 16]},
			"faces": {
				"west": {"uv": [8, 0, 16, 8], "texture": "#bottom"}
			}
		}
	],
	"groups": [
		{
			"name": "outer_stairs",
			"origin": [8, 8, 8],
			"children": [0, 1]
		},
		{
			"name": "3d",
			"origin": [8, 8, 8],
			"children": [2, 3, 4, 5, 6, 7, 8, 9, 10, 11, 12, 13, 14, 15, 16, 17]
		}
	]
}