{
	"credit": "Made with Blockbench",
	"parent": "minecraft:block/template_trapdoor_bottom",
	"textures": {
		"particle": "block/dark_oak_trapdoor",
		"texture": "block/dark_oak_trapdoor"
	},
	"elements": [
		{
			"from": [0, 0, 0],
			"to": [16, 3, 1],
			"faces": {
				"north": {"uv": [0, 0, 16, 3], "texture": "#texture"},
				"east": {"uv": [15, 0, 16, 3], "texture": "#texture"},
				"south": {"uv": [0, 0, 16, 3], "texture": "#texture"},
				"west": {"uv": [0, 0, 1, 3], "texture": "#texture"},
				"up": {"uv": [0, 16, 16, 15], "texture": "#texture"},
				"down": {"uv": [0, 15, 16, 16], "texture": "#texture"}
			}
		},
		{
			"from": [0, 0, 15],
			"to": [16, 3, 16],
			"faces": {
				"north": {"uv": [0, 0, 16, 3], "texture": "#texture"},
				"east": {"uv": [0, 0, 1, 3], "texture": "#texture"},
				"south": {"uv": [0, 0, 16, 3], "texture": "#texture"},
				"west": {"uv": [15, 0, 16, 3], "texture": "#texture"},
				"up": {"uv": [0, 1, 16, 0], "texture": "#texture"},
				"down": {"uv": [0, 0, 16, 1], "texture": "#texture"}
			}
		},
		{
			"from": [0, 0, 1],
			"to": [1, 3, 15],
			"faces": {
				"east": {"uv": [1, 0, 15, 3], "texture": "#texture"},
				"west": {"uv": [1, 0, 15, 3], "texture": "#texture"},
				"up": {"uv": [15, 15, 16, 1], "texture": "#texture"},
				"down": {"uv": [0, 1, 1, 15], "texture": "#texture"}
			}
		},
		{
			"from": [15, 0, 1],
			"to": [16, 3, 15],
			"faces": {
				"east": {"uv": [1, 0, 15, 3], "texture": "#texture"},
				"west": {"uv": [1, 0, 15, 3], "texture": "#texture"},
				"up": {"uv": [0, 15, 1, 1], "texture": "#texture"},
				"down": {"uv": [15, 1, 16, 15], "texture": "#texture"}
			}
		},
		{
			"from": [6, 0, 1],
			"to": [10, 3, 15],
			"faces": {
				"east": {"uv": [1, 13, 15, 16], "texture": "#texture"},
				"west": {"uv": [1, 13, 15, 16], "texture": "#texture"},
				"up": {"uv": [6, 15, 10, 1], "texture": "#texture"},
				"down": {"uv": [6, 1, 10, 15], "texture": "#texture"}
			}
		},
		{
			"from": [1, 0, 6],
			"to": [6, 3, 9],
			"faces": {
				"north": {"uv": [10, 13, 15, 16], "texture": "#texture"},
				"south": {"uv": [1, 13, 6, 16], "texture": "#texture"},
				"up": {"uv": [1, 10, 6, 7], "texture": "#texture"},
				"down": {"uv": [1, 7, 6, 10], "texture": "#texture"}
			}
		},
		{
			"from": [10, 0, 6],
			"to": [15, 3, 9],
			"faces": {
				"north": {"uv": [1, 13, 6, 16], "texture": "#texture"},
				"south": {"uv": [10, 13, 15, 16], "texture": "#texture"},
				"up": {"uv": [10, 10, 15, 7], "texture": "#texture"},
				"down": {"uv": [10, 7, 15, 10], "texture": "#texture"}
			}
		},
		{
			"from": [1, 0.5, 1],
			"to": [15, 2.5, 15],
			"faces": {
				"up": {"uv": [1, 15, 15, 1], "texture": "#texture"},
				"down": {"uv": [1, 1, 15, 15], "texture": "#texture"}
			}
		}
	],
	"display": {
		"thirdperson_righthand": {
			"rotation": [75, 45, 0],
			"translation": [0, 2.5, 0],
			"scale": [0.375, 0.375, 0.375]
		},
		"thirdperson_lefthand": {
			"rotation": [75, 45, 0],
			"translation": [0, 2.5, 0],
			"scale": [0.375, 0.375, 0.375]
		},
		"firstperson_righthand": {
			"rotation": [0, 45, 0],
			"scale": [0.4, 0.4, 0.4]
		},
		"firstperson_lefthand": {
			"rotation": [0, 225, 0],
			"scale": [0.4, 0.4, 0.4]
		},
		"ground": {
			"translation": [0, 3, 0],
			"scale": [0.25, 0.25, 0.25]
		},
		"gui": {
			"rotation": [30, 225, 0],
			"scale": [0.625, 0.625, 0.625]
		},
		"fixed": {
			"scale": [0.5, 0.5, 0.5]
		}
	},
	"groups": [
		{
			"name": "group",
			"origin": [0, 0, 0],
			"color": 0,
			"children": [0, 1, 2, 3, 4, 5, 6, 7]
		}
	]
}