{
	"credit": "Made with Blockbench",
	"parent": "minecraft:block/template_trapdoor_bottom",
	"textures": {
		"particle": "block/iron_trapdoor",
		"texture": "block/iron_trapdoor"
	},
	"elements": [
		{
			"from": [0, 0, 0],
			"to": [16, 3, 3],
			"faces": {
				"north": {"uv": [0, 0, 16, 3], "texture": "#texture"},
				"east": {"uv": [13, 0, 16, 3], "texture": "#texture"},
				"south": {"uv": [0, 13, 16, 16], "texture": "#texture"},
				"west": {"uv": [0, 0, 3, 3], "texture": "#texture"},
				"up": {"uv": [0, 16, 16, 13], "texture": "#texture"},
				"down": {"uv": [0, 13, 16, 16], "texture": "#texture"}
			}
		},
		{
			"from": [0, 0, 13],
			"to": [16, 3, 16],
			"faces": {
				"north": {"uv": [0, 13, 16, 16], "texture": "#texture"},
				"east": {"uv": [0, 0, 3, 3], "texture": "#texture"},
				"south": {"uv": [0, 0, 16, 3], "texture": "#texture"},
				"west": {"uv": [13, 0, 16, 3], "texture": "#texture"},
				"up": {"uv": [0, 3, 16, 0], "texture": "#texture"},
				"down": {"uv": [0, 0, 16, 3], "texture": "#texture"}
			}
		},
		{
			"from": [0, 0, 3],
			"to": [3, 3, 13],
			"faces": {
				"east": {"uv": [3, 13, 13, 16], "texture": "#texture"},
				"west": {"uv": [3, 0, 13, 3], "texture": "#texture"},
				"up": {"uv": [0, 13, 3, 3], "texture": "#texture"},
				"down": {"uv": [0, 3, 3, 13], "texture": "#texture"}
			}
		},
		{
			"from": [13, 0, 3],
			"to": [16, 3, 13],
			"faces": {
				"east": {"uv": [3, 0, 13, 3], "texture": "#texture"},
				"west": {"uv": [3, 13, 13, 16], "texture": "#texture"},
				"up": {"uv": [13, 13, 16, 3], "texture": "#texture"},
				"down": {"uv": [13, 3, 16, 13], "texture": "#texture"}
			}
		},
		{
			"from": [6, 0, 3],
			"to": [10, 3, 13],
			"faces": {
				"east": {"uv": [3, 13, 13, 16], "texture": "#texture"},
				"west": {"uv": [3, 13, 13, 16], "texture": "#texture"},
				"up": {"uv": [6, 13, 10, 3], "texture": "#texture"},
				"down": {"uv": [6, 3, 10, 13], "texture": "#texture"}
			}
		},
		{
			"from": [10, 0, 6],
			"to": [13, 3, 10],
			"faces": {
				"north": {"uv": [3, 13, 6, 16], "texture": "#texture"},
				"south": {"uv": [10, 13, 13, 16], "texture": "#texture"},
				"up": {"uv": [10, 10, 13, 6], "texture": "#texture"},
				"down": {"uv": [10, 6, 13, 10], "texture": "#texture"}
			}
		},
		{
			"from": [3, 0, 6],
			"to": [6, 3, 10],
			"faces": {
				"north": {"uv": [10, 13, 13, 16], "texture": "#texture"},
				"south": {"uv": [3, 13, 6, 16], "texture": "#texture"},
				"up": {"uv": [3, 10, 6, 6], "texture": "#texture"},
				"down": {"uv": [3, 6, 6, 10], "texture": "#texture"}
			}
		}
	],
	"display": {
		"thirdperson_righthand": {
			"rotation": [75, 45, 0],
			"translation": [0, 2.5, 0],
			"scale": [0.375, 0.375, 0.375]
		},
		"thirdperson_lefthand": {
			"rotation": [75, 45, 0],
			"translation": [0, 2.5, 0],
			"scale": [0.375, 0.375, 0.375]
		},
		"firstperson_righthand": {
			"rotation": [0, 45, 0],
			"scale": [0.4, 0.4, 0.4]
		},
		"firstperson_lefthand": {
			"rotation": [0, 225, 0],
			"scale": [0.4, 0.4, 0.4]
		},
		"ground": {
			"translation": [0, 3, 0],
			"scale": [0.25, 0.25, 0.25]
		},
		"gui": {
			"rotation": [30, 225, 0],
			"scale": [0.625, 0.625, 0.625]
		},
		"fixed": {
			"scale": [0.5, 0.5, 0.5]
		}
	},
	"groups": [
		{
			"name": "group",
			"origin": [0, 0, 0],
			"color": 0,
			"children": [0, 1, 2, 3, 4, 5, 6]
		}
	]
}