{
	"credit": "Made with Blockbench",
	"ambientocclusion": false,
	"textures": {
		"bars": "block/iron_bars"
	},
	"elements": [
		{
			"from": [7, 0, 8],
			"to": [9, 16, 9],
			"rotation": {"angle": 0, "axis": "y", "origin": [15, 8, 16]},
			"faces": {
				"north": {"uv": [7, 0, 9, 16], "texture": "#bars"},
				"east": {"uv": [7, 0, 8, 16], "texture": "#bars"},
				"south": {"uv": [7, 0, 9, 16], "texture": "#bars"},
				"west": {"uv": [8, 0, 9, 16], "texture": "#bars"},
				"up": {"uv": [7, 8, 9, 9], "texture": "#bars"},
				"down": {"uv": [7, 7, 9, 8], "texture": "#bars"}
			}
		},
		{
			"from": [7, 0, 12],
			"to": [9, 16, 14],
			"rotation": {"angle": 0, "axis": "y", "origin": [16, 8, 21]},
			"faces": {
				"north": {"uv": [7, 0, 9, 16], "texture": "#bars"},
				"east": {"uv": [2, 0, 4, 16], "texture": "#bars"},
				"south": {"uv": [7, 0, 9, 16], "texture": "#bars"},
				"west": {"uv": [12, 0, 14, 16], "texture": "#bars"},
				"up": {"uv": [7, 12, 9, 14], "texture": "#bars"},
				"down": {"uv": [7, 2, 9, 4], "texture": "#bars"}
			}
		},
		{
			"from": [7, 7, 14],
			"to": [9, 9, 16],
			"rotation": {"angle": 0, "axis": "y", "origin": [15, 15, 23]},
			"faces": {
				"north": {"uv": [7, 7, 9, 9], "texture": "#bars"},
				"east": {"uv": [0, 7, 2, 9], "texture": "#bars"},
				"south": {"uv": [7, 7, 9, 9], "texture": "#bars"},
				"west": {"uv": [14, 7, 16, 9], "texture": "#bars"},
				"up": {"uv": [7, 14, 9, 16], "texture": "#bars"},
				"down": {"uv": [7, 0, 9, 2], "texture": "#bars"}
			}
		},
		{
			"from": [7, 12, 9],
			"to": [9, 14, 12],
			"rotation": {"angle": 0, "axis": "y", "origin": [16, 20, 18]},
			"faces": {
				"north": {"uv": [7, 2, 9, 4], "texture": "#bars"},
				"east": {"uv": [4, 2, 7, 4], "texture": "#bars"},
				"south": {"uv": [7, 2, 9, 4], "texture": "#bars"},
				"west": {"uv": [4, 2, 7, 4], "texture": "#bars"},
				"up": {"uv": [7, 9, 9, 12], "texture": "#bars"},
				"down": {"uv": [7, 4, 9, 7], "texture": "#bars"}
			}
		}
	],
	"groups": [
		{
			"name": "iron_bars_side_alt",
			"origin": [8, 8, 8],
			"children": [0, 1, 2, 3]
		}
	]
}