{
	"credit": "Made with Blockbench",
	"textures": {
		"top": "block/jukebox_top",
		"particle": "block/jukebox_side",
		"side": "block/jukebox_side"
	},
	"elements": [
		{
			"from": [1, 1, 1],
			"to": [15, 14, 15],
			"faces": {
				"north": {"uv": [1.032, 2.032, 14.968, 14.968], "texture": "#side"},
				"east": {"uv": [1.032, 2.032, 14.968, 14.968], "texture": "#side"},
				"south": {"uv": [1.032, 2.032, 14.968, 14.968], "texture": "#side"},
				"west": {"uv": [1.032, 2.032, 14.968, 14.968], "texture": "#side"},
				"up": {"uv": [1.032, 1.032, 14.968, 14.968], "texture": "#top"},
				"down": {"uv": [1.032, 1.032, 14.968, 14.968], "texture": "#side"}
			}
		},
		{
			"from": [0, 0, 0],
			"to": [1, 16, 1],
			"faces": {
				"north": {"uv": [15.032, 0.032, 15.968, 15.968], "texture": "#side", "cullface": "north"},
				"east": {"uv": [15.032, 0.032, 15.968, 15.968], "texture": "#side"},
				"south": {"uv": [0.032, 0.032, 0.968, 15.968], "texture": "#side"},
				"west": {"uv": [0.032, 0.032, 0.968, 15.968], "texture": "#side", "cullface": "west"},
				"up": {"uv": [0.032, 0.032, 0.968, 0.968], "texture": "#side", "cullface": "up"},
				"down": {"uv": [0.032, 15.032, 0.968, 15.968], "texture": "#side", "cullface": "down"}
			}
		},
		{
			"from": [15, 0, 0],
			"to": [16, 16, 1],
			"rotation": {"angle": 0, "axis": "y", "origin": [23, 8, 8]},
			"faces": {
				"north": {"uv": [0.032, 0.032, 0.968, 15.968], "texture": "#side", "cullface": "north"},
				"east": {"uv": [15.032, 0.032, 15.968, 15.968], "texture": "#side", "cullface": "east"},
				"south": {"uv": [15.032, 0.032, 15.968, 15.968], "texture": "#side"},
				"west": {"uv": [0.032, 0.032, 0.968, 15.968], "texture": "#side"},
				"up": {"uv": [15.032, 0.032, 15.968, 0.968], "texture": "#top", "cullface": "up"},
				"down": {"uv": [15.032, 15.032, 15.968, 15.968], "texture": "#side", "cullface": "down"}
			}
		},
		{
			"from": [0, 0, 15],
			"to": [1, 16, 16],
			"rotation": {"angle": 0, "axis": "y", "origin": [8, 8, 23]},
			"faces": {
				"north": {"uv": [15.032, 0.032, 15.968, 15.968], "texture": "#side"},
				"east": {"uv": [0.032, 0.032, 0.968, 15.968], "texture": "#side"},
				"south": {"uv": [0.032, 0.032, 0.968, 15.968], "texture": "#side", "cullface": "south"},
				"west": {"uv": [15.032, 0.032, 15.968, 15.968], "texture": "#side", "cullface": "west"},
				"up": {"uv": [0.032, 15.032, 0.968, 15.968], "texture": "#top", "cullface": "up"},
				"down": {"uv": [0.032, 0.032, 0.968, 0.968], "texture": "#side", "cullface": "down"}
			}
		},
		{
			"from": [15, 0, 15],
			"to": [16, 16, 16],
			"rotation": {"angle": 0, "axis": "y", "origin": [23, 8, 23]},
			"faces": {
				"north": {"uv": [0.032, 0.032, 0.968, 15.968], "texture": "#side"},
				"east": {"uv": [0.032, 0.032, 0.968, 15.968], "texture": "#side", "cullface": "east"},
				"south": {"uv": [15.032, 0.032, 15.968, 15.968], "texture": "#side", "cullface": "south"},
				"west": {"uv": [15.032, 0.032, 15.968, 15.968], "texture": "#side"},
				"up": {"uv": [15.032, 15.032, 15.968, 15.968], "texture": "#top", "cullface": "up"},
				"down": {"uv": [15.032, 0.032, 15.968, 0.968], "texture": "#side", "cullface": "down"}
			}
		},
		{
			"from": [0, 0, 1],
			"to": [1, 1, 15],
			"rotation": {"angle": 0, "axis": "y", "origin": [8, 8, 9]},
			"faces": {
				"east": {"uv": [1.032, 15.032, 14.968, 15.968], "texture": "#side"},
				"west": {"uv": [1.032, 15.032, 14.968, 15.968], "texture": "#side", "cullface": "west"},
				"up": {"uv": [0.032, 1.032, 0.968, 14.968], "texture": "#side"},
				"down": {"uv": [0.032, 1.032, 0.968, 14.968], "texture": "#side", "cullface": "down"}
			}
		},
		{
			"from": [15, 0, 1],
			"to": [16, 1, 15],
			"rotation": {"angle": 0, "axis": "y", "origin": [23, 8, 9]},
			"faces": {
				"east": {"uv": [1.032, 15.032, 14.968, 15.968], "texture": "#side", "cullface": "east"},
				"west": {"uv": [1.032, 15.032, 14.968, 15.968], "texture": "#side"},
				"up": {"uv": [15.032, 1.032, 15.968, 14.968], "texture": "#side"},
				"down": {"uv": [15.032, 1.032, 15.968, 14.968], "texture": "#side", "cullface": "down"}
			}
		},
		{
			"from": [0, 15, 1],
			"to": [1, 16, 15],
			"rotation": {"angle": 0, "axis": "y", "origin": [8, 23, 9]},
			"faces": {
				"east": {"uv": [1.032, 0.032, 14.968, 0.968], "texture": "#side"},
				"west": {"uv": [1.032, 0.032, 14.968, 0.968], "texture": "#side", "cullface": "west"},
				"up": {"uv": [0.032, 1.032, 0.968, 14.968], "texture": "#top", "cullface": "up"},
				"down": {"uv": [0.032, 1.032, 0.968, 14.968], "texture": "#side"}
			}
		},
		{
			"from": [15, 15, 1],
			"to": [16, 16, 15],
			"rotation": {"angle": 0, "axis": "y", "origin": [23, 23, 9]},
			"faces": {
				"east": {"uv": [1.032, 0.032, 14.968, 0.968], "texture": "#side", "cullface": "east"},
				"west": {"uv": [1.032, 0.032, 14.968, 0.968], "texture": "#side"},
				"up": {"uv": [15.032, 1.032, 15.968, 14.968], "texture": "#top", "cullface": "up"},
				"down": {"uv": [15.032, 1.032, 15.968, 14.968], "texture": "#side"}
			}
		},
		{
			"from": [1, 0, 0],
			"to": [15, 1, 1],
			"rotation": {"angle": 0, "axis": "y", "origin": [9, 8, 8]},
			"faces": {
				"north": {"uv": [1.032, 15.032, 14.968, 15.968], "texture": "#side", "cullface": "north"},
				"south": {"uv": [1.032, 15.032, 14.968, 15.968], "texture": "#side"},
				"up": {"uv": [1.032, 0.032, 14.968, 0.968], "texture": "#side"},
				"down": {"uv": [1.032, 15.032, 14.968, 15.968], "texture": "#side", "cullface": "down"}
			}
		},
		{
			"from": [1, 0, 15],
			"to": [15, 1, 16],
			"rotation": {"angle": 0, "axis": "y", "origin": [9, 8, 23]},
			"faces": {
				"north": {"uv": [1.032, 15.032, 14.968, 15.968], "texture": "#side"},
				"south": {"uv": [1.032, 15.032, 14.968, 15.968], "texture": "#side", "cullface": "south"},
				"up": {"uv": [1.032, 15.032, 14.968, 15.968], "texture": "#side"},
				"down": {"uv": [1.032, 0.032, 14.968, 0.968], "texture": "#side", "cullface": "down"}
			}
		},
		{
			"from": [1, 15, 0],
			"to": [15, 16, 1],
			"rotation": {"angle": 0, "axis": "y", "origin": [9, 23, 8]},
			"faces": {
				"north": {"uv": [1.032, 0.032, 14.968, 0.968], "texture": "#side", "cullface": "north"},
				"south": {"uv": [1.032, 0.032, 14.968, 0.968], "texture": "#side"},
				"up": {"uv": [1.032, 0.032, 14.968, 0.968], "texture": "#top", "cullface": "up"},
				"down": {"uv": [1.032, 15.032, 14.968, 15.968], "texture": "#side"}
			}
		},
		{
			"from": [1, 15, 15],
			"to": [15, 16, 16],
			"rotation": {"angle": 0, "axis": "y", "origin": [9, 23, 23]},
			"faces": {
				"north": {"uv": [1.032, 0.032, 14.968, 0.968], "texture": "#side"},
				"south": {"uv": [1.032, 0.032, 14.968, 0.968], "texture": "#side", "cullface": "south"},
				"up": {"uv": [1.032, 15.032, 14.968, 15.968], "texture": "#top", "cullface": "up"},
				"down": {"uv": [1.032, 0.032, 14.968, 0.968], "texture": "#side"}
			}
		},
		{
			"from": [1, 14, 1],
			"to": [7, 15, 15],
			"rotation": {"angle": 0, "axis": "y", "origin": [3, 22, 21]},
			"faces": {
				"north": {"uv": [9.032, 1.032, 14.968, 1.968], "texture": "#side"},
				"east": {"uv": [1.032, 1.032, 14.968, 1.968], "texture": "#side"},
				"south": {"uv": [1.032, 1.032, 6.968, 1.968], "texture": "#side"},
				"west": {"uv": [1.032, 1.032, 14.968, 1.968], "texture": "#side"},
				"up": {"uv": [1.032, 1.032, 6.968, 14.968], "texture": "#top"}
			}
		},
		{
			"from": [7, 14, 1],
			"to": [9, 15, 3],
			"rotation": {"angle": 0, "axis": "y", "origin": [9, 22, 9]},
			"faces": {
				"north": {"uv": [7.032, 1.032, 8.968, 1.968], "texture": "#side"},
				"south": {"uv": [7.032, 1.032, 8.968, 1.968], "texture": "#side"},
				"up": {"uv": [7.032, 1.032, 8.968, 2.968], "texture": "#top"}
			}
		},
		{
			"from": [7, 14, 13],
			"to": [9, 15, 15],
			"rotation": {"angle": 0, "axis": "y", "origin": [9, 22, 21]},
			"faces": {
				"north": {"uv": [7.032, 1.032, 8.968, 1.968], "texture": "#side"},
				"south": {"uv": [7.032, 1.032, 8.968, 1.968], "texture": "#side"},
				"up": {"uv": [7.032, 13.032, 8.968, 14.968], "texture": "#top"}
			}
		},
		{
			"from": [9, 14, 1],
			"to": [15, 15, 15],
			"rotation": {"angle": 0, "axis": "y", "origin": [11, 22, 21]},
			"faces": {
				"north": {"uv": [1.032, 1.032, 6.968, 1.968], "texture": "#side"},
				"east": {"uv": [1.032, 1.032, 14.968, 1.968], "texture": "#side"},
				"south": {"uv": [9.032, 1.032, 14.968, 1.968], "texture": "#side"},
				"west": {"uv": [1.032, 1.032, 14.968, 1.968], "texture": "#side"},
				"up": {"uv": [9.032, 1.032, 14.968, 14.968], "texture": "#top"}
			}
		}
	],
	"display": {
		"thirdperson_righthand": {
			"rotation": [75, 45, 0],
			"translation": [0, 2.5, 0],
			"scale": [0.375, 0.375, 0.375]
		},
		"thirdperson_lefthand": {
			"rotation": [75, 45, 0],
			"translation": [0, 2.5, 0],
			"scale": [0.375, 0.375, 0.375]
		},
		"firstperson_righthand": {
			"rotation": [0, 45, 0],
			"scale": [0.4, 0.4, 0.4]
		},
		"firstperson_lefthand": {
			"rotation": [0, 225, 0],
			"scale": [0.4, 0.4, 0.4]
		},
		"ground": {
			"translation": [0, 3, 0],
			"scale": [0.25, 0.25, 0.25]
		},
		"gui": {
			"rotation": [30, 225, 0],
			"scale": [0.625, 0.625, 0.625]
		},
		"fixed": {
			"scale": [0.5, 0.5, 0.5]
		}
	},
	"groups": [0,
		{
			"name": "1",
			"origin": [8, 8, 8],
			"children": [1, 2, 3, 4, 5, 6, 7, 8, 9, 10, 11, 12]
		},
		{
			"name": "2",
			"origin": [11, 22, 21],
			"children": [13, 14, 15, 16]
		}
	]
}