{
	"credit": "Made with Blockbench",
	"textures": {
		"0": "block/oak_planks",
		"particle": "block/oak_planks"
	},
	"elements": [
		{
			"name": "Center post",
			"from": [6.3, 0, 6.3],
			"to": [9.7, 16, 9.7],
			"faces": {
				"north": {"uv": [6, 0, 10, 16], "texture": "#0"},
				"east": {"uv": [6, 0, 10, 16], "texture": "#0"},
				"south": {"uv": [6, 0, 10, 16], "texture": "#0"},
				"west": {"uv": [6, 0, 10, 16], "texture": "#0"}
			}
		},
		{
			"from": [6, 0, 6],
			"to": [10, 4, 10],
			"rotation": {"angle": 0, "axis": "y", "origin": [14, 8, 14]},
			"faces": {
				"north": {"uv": [6, 12, 10, 16], "texture": "#0"},
				"east": {"uv": [6, 12, 10, 16], "texture": "#0"},
				"south": {"uv": [6, 12, 10, 16], "texture": "#0"},
				"west": {"uv": [6, 12, 10, 16], "texture": "#0"},
				"up": {"uv": [6, 12, 10, 16], "texture": "#0"},
				"down": {"uv": [6, 12, 10, 16], "texture": "#0"}
			}
		},
		{
			"from": [6, 5, 6],
			"to": [10, 8, 10],
			"rotation": {"angle": 0, "axis": "y", "origin": [14, 12, 14]},
			"faces": {
				"north": {"uv": [6, 8, 10, 11], "texture": "#0"},
				"east": {"uv": [6, 8, 10, 11], "texture": "#0"},
				"south": {"uv": [6, 8, 10, 11], "texture": "#0"},
				"west": {"uv": [6, 8, 10, 11], "texture": "#0"},
				"up": {"uv": [6, 8, 10, 11], "texture": "#0"},
				"down": {"uv": [6, 8, 10, 11], "texture": "#0"}
			}
		},
		{
			"from": [6, 9, 6],
			"to": [10, 12, 10],
			"rotation": {"angle": 0, "axis": "y", "origin": [14, 16, 14]},
			"faces": {
				"north": {"uv": [6, 4, 10, 7], "texture": "#0"},
				"east": {"uv": [6, 4, 10, 7], "texture": "#0"},
				"south": {"uv": [6, 4, 10, 7], "texture": "#0"},
				"west": {"uv": [6, 4, 10, 7], "texture": "#0"},
				"up": {"uv": [6, 4, 10, 7], "texture": "#0"},
				"down": {"uv": [6, 4, 10, 7], "texture": "#0"}
			}
		},
		{
			"from": [6, 13, 6],
			"to": [10, 16, 10],
			"rotation": {"angle": 0, "axis": "y", "origin": [14, 20, 14]},
			"faces": {
				"north": {"uv": [6, 0, 10, 3], "texture": "#0"},
				"east": {"uv": [6, 0, 10, 3], "texture": "#0"},
				"south": {"uv": [6, 0, 10, 3], "texture": "#0"},
				"west": {"uv": [6, 0, 10, 3], "texture": "#0"},
				"up": {"uv": [6, 6, 10, 10], "texture": "#0"},
				"down": {"uv": [6, 0, 10, 3], "texture": "#0"}
			}
		}
	],
	"display": {
		"thirdperson_righthand": {
			"rotation": [75, 45, 0],
			"translation": [0, 2.5, 0],
			"scale": [0.375, 0.375, 0.375]
		},
		"thirdperson_lefthand": {
			"rotation": [75, 45, 0],
			"translation": [0, 2.5, 0],
			"scale": [0.375, 0.375, 0.375]
		},
		"firstperson_righthand": {
			"rotation": [0, 45, 0],
			"scale": [0.4, 0.4, 0.4]
		},
		"firstperson_lefthand": {
			"rotation": [0, 225, 0],
			"scale": [0.4, 0.4, 0.4]
		},
		"ground": {
			"translation": [0, 3, 0],
			"scale": [0.25, 0.25, 0.25]
		},
		"gui": {
			"rotation": [30, 225, 0],
			"scale": [0.625, 0.625, 0.625]
		},
		"fixed": {
			"scale": [0.5, 0.5, 0.5]
		}
	},
	"groups": [0,
		{
			"name": "1",
			"origin": [8, 8, 8],
			"children": [1, 2, 3, 4]
		}
	]
}