{
	"credit": "Made with Blockbench",
	"textures": {
		"5": "block/powered_rail",
		"particle": "block/powered_rail"
	},
	"elements": [
		{
			"from": [2, 0, 0],
			"to": [4, 2, 16],
			"rotation": {"angle": 0, "axis": "y", "origin": [10, 8, 8]},
			"faces": {
				"north": {"uv": [2, 0, 4, 2], "texture": "#5", "cullface": "north"},
				"east": {"uv": [2, 0, 4, 16], "rotation": 90, "texture": "#5"},
				"south": {"uv": [2, 0, 4, 2], "texture": "#5", "cullface": "south"},
				"west": {"uv": [2, 0, 4, 16], "rotation": 90, "texture": "#5"},
				"up": {"uv": [2, 0, 4, 16], "texture": "#5"},
				"down": {"uv": [2, 0, 4, 16], "texture": "#5", "cullface": "down"}
			}
		},
		{
			"from": [12, 0, 0],
			"to": [14, 2, 16],
			"rotation": {"angle": 0, "axis": "y", "origin": [20, 8, 8]},
			"faces": {
				"north": {"uv": [12, 0, 14, 2], "texture": "#5", "cullface": "north"},
				"east": {"uv": [12, 0, 14, 16], "rotation": 90, "texture": "#5"},
				"south": {"uv": [12, 0, 14, 2], "texture": "#5", "cullface": "south"},
				"west": {"uv": [12, 0, 14, 16], "rotation": 90, "texture": "#5"},
				"up": {"uv": [12, 0, 14, 16], "texture": "#5"},
				"down": {"uv": [12, 0, 14, 16], "texture": "#5", "cullface": "down"}
			}
		},
		{
			"from": [1, 0, 1],
			"to": [15, 1, 3],
			"rotation": {"angle": 0, "axis": "y", "origin": [9, 8, 9]},
			"faces": {
				"north": {"uv": [1, 1, 15, 2], "texture": "#5"},
				"east": {"uv": [1, 1, 2, 3], "rotation": 90, "texture": "#5"},
				"south": {"uv": [1, 2, 15, 3], "texture": "#5"},
				"west": {"uv": [1, 1, 2, 3], "rotation": 90, "texture": "#5"},
				"up": {"uv": [1, 1, 15, 3], "texture": "#5"},
				"down": {"uv": [1, 1, 15, 3], "texture": "#5", "cullface": "down"}
			}
		},
		{
			"from": [1, 0, 5],
			"to": [15, 1, 7],
			"rotation": {"angle": 0, "axis": "y", "origin": [9, 8, 13]},
			"faces": {
				"north": {"uv": [1, 5, 15, 6], "texture": "#5"},
				"east": {"uv": [1, 1, 2, 3], "rotation": 90, "texture": "#5"},
				"south": {"uv": [1, 6, 15, 7], "texture": "#5"},
				"west": {"uv": [1, 1, 2, 3], "rotation": 90, "texture": "#5"},
				"up": {"uv": [1, 5, 15, 7], "texture": "#5"},
				"down": {"uv": [1, 1, 15, 3], "texture": "#5", "cullface": "down"}
			}
		},
		{
			"from": [1, 0, 9],
			"to": [15, 1, 11],
			"rotation": {"angle": 0, "axis": "y", "origin": [9, 8, 17]},
			"faces": {
				"north": {"uv": [1, 9, 15, 10], "texture": "#5"},
				"east": {"uv": [1, 9, 2, 11], "rotation": 90, "texture": "#5"},
				"south": {"uv": [1, 10, 15, 11], "texture": "#5"},
				"west": {"uv": [1, 9, 2, 11], "rotation": 90, "texture": "#5"},
				"up": {"uv": [1, 9, 15, 11], "texture": "#5"},
				"down": {"uv": [1, 13, 15, 15], "texture": "#5", "cullface": "down"}
			}
		},
		{
			"from": [1, 0, 13],
			"to": [15, 1, 15],
			"rotation": {"angle": 0, "axis": "y", "origin": [9, 8, 21]},
			"faces": {
				"north": {"uv": [1, 13, 15, 14], "texture": "#5"},
				"east": {"uv": [1, 13, 2, 15], "rotation": 90, "texture": "#5"},
				"south": {"uv": [1, 14, 15, 15], "texture": "#5"},
				"west": {"uv": [1, 13, 2, 15], "rotation": 90, "texture": "#5"},
				"up": {"uv": [1, 13, 15, 15], "texture": "#5"},
				"down": {"uv": [1, 13, 15, 15], "texture": "#5", "cullface": "down"}
			}
		},
		{
			"from": [7, 0, 3],
			"to": [9, 0.5, 13],
			"rotation": {"angle": 0, "axis": "y", "origin": [15, 8, 11]},
			"faces": {
				"north": {"uv": [7, 3, 9, 3.5], "texture": "#5"},
				"east": {"uv": [7, 3, 7.5, 13], "rotation": 90, "texture": "#5"},
				"south": {"uv": [7, 3, 9, 3.5], "texture": "#5"},
				"west": {"uv": [7, 3, 7.5, 13], "rotation": 90, "texture": "#5"},
				"up": {"uv": [7, 3, 9, 13], "texture": "#5"},
				"down": {"uv": [7, 3, 9, 13], "texture": "#5", "cullface": "down"}
			}
		},
		{
			"from": [4, 1, 1],
			"to": [5, 1.5, 3],
			"rotation": {"angle": 0, "axis": "y", "origin": [12, 9, 9]},
			"faces": {
				"north": {"uv": [4, 1, 5, 1.5], "texture": "#5"},
				"east": {"uv": [4, 1, 4.5, 3], "rotation": 90, "texture": "#5"},
				"south": {"uv": [4, 1, 5, 1.5], "texture": "#5"},
				"west": {"uv": [4, 1, 4.5, 3], "rotation": 90, "texture": "#5"},
				"up": {"uv": [4, 1, 5, 3], "texture": "#5"},
				"down": {"uv": [4, 1, 5, 3], "texture": "#5"}
			}
		},
		{
			"from": [4, 1, 5],
			"to": [5, 1.5, 7],
			"rotation": {"angle": 0, "axis": "y", "origin": [12, 9, 13]},
			"faces": {
				"north": {"uv": [4, 5, 5, 5.5], "texture": "#5"},
				"east": {"uv": [4, 5, 4.5, 7], "rotation": 90, "texture": "#5"},
				"south": {"uv": [4, 5, 5, 5.5], "texture": "#5"},
				"west": {"uv": [4, 5, 4.5, 7], "rotation": 90, "texture": "#5"},
				"up": {"uv": [4, 5, 5, 7], "texture": "#5"},
				"down": {"uv": [4, 5, 5, 7], "texture": "#5"}
			}
		},
		{
			"from": [4, 1, 9],
			"to": [5, 1.5, 11],
			"rotation": {"angle": 0, "axis": "y", "origin": [12, 9, 17]},
			"faces": {
				"north": {"uv": [4, 9, 5, 9.5], "texture": "#5"},
				"east": {"uv": [4, 9, 4.5, 11], "rotation": 90, "texture": "#5"},
				"south": {"uv": [4, 9, 5, 9.5], "texture": "#5"},
				"west": {"uv": [4, 9, 4.5, 11], "rotation": 90, "texture": "#5"},
				"up": {"uv": [4, 9, 5, 11], "texture": "#5"},
				"down": {"uv": [4, 9, 5, 11], "texture": "#5"}
			}
		},
		{
			"from": [4, 1, 13],
			"to": [5, 1.5, 15],
			"rotation": {"angle": 0, "axis": "y", "origin": [12, 9, 21]},
			"faces": {
				"north": {"uv": [4, 13, 5, 13.5], "texture": "#5"},
				"east": {"uv": [4, 13, 4.5, 15], "rotation": 90, "texture": "#5"},
				"south": {"uv": [4, 13, 5, 13.5], "texture": "#5"},
				"west": {"uv": [4, 13, 4.5, 15], "rotation": 90, "texture": "#5"},
				"up": {"uv": [4, 13, 5, 15], "texture": "#5"},
				"down": {"uv": [4, 13, 5, 15], "texture": "#5"}
			}
		},
		{
			"from": [11, 1, 13],
			"to": [12, 1.5, 15],
			"rotation": {"angle": 0, "axis": "y", "origin": [19, 9, 21]},
			"faces": {
				"north": {"uv": [11, 13, 12, 13.5], "texture": "#5"},
				"east": {"uv": [11, 13, 11.5, 15], "rotation": 90, "texture": "#5"},
				"south": {"uv": [11, 13, 12, 13.5], "texture": "#5"},
				"west": {"uv": [11, 13, 11.5, 15], "rotation": 90, "texture": "#5"},
				"up": {"uv": [11, 13, 12, 15], "texture": "#5"},
				"down": {"uv": [11, 13, 12, 15], "texture": "#5"}
			}
		},
		{
			"from": [11, 1, 9],
			"to": [12, 1.5, 11],
			"rotation": {"angle": 0, "axis": "y", "origin": [19, 9, 17]},
			"faces": {
				"north": {"uv": [11, 9, 12, 9.5], "texture": "#5"},
				"east": {"uv": [11, 9, 11.5, 11], "rotation": 90, "texture": "#5"},
				"south": {"uv": [11, 9, 12, 9.5], "texture": "#5"},
				"west": {"uv": [11, 9, 11.5, 11], "rotation": 90, "texture": "#5"},
				"up": {"uv": [11, 9, 12, 11], "texture": "#5"},
				"down": {"uv": [11, 9, 12, 11], "texture": "#5"}
			}
		},
		{
			"from": [11, 1, 5],
			"to": [12, 1.5, 7],
			"rotation": {"angle": 0, "axis": "y", "origin": [19, 9, 13]},
			"faces": {
				"north": {"uv": [11, 5, 12, 5.5], "texture": "#5"},
				"east": {"uv": [11, 5, 11.5, 7], "rotation": 90, "texture": "#5"},
				"south": {"uv": [11, 5, 12, 5.5], "texture": "#5"},
				"west": {"uv": [11, 5, 11.5, 7], "rotation": 90, "texture": "#5"},
				"up": {"uv": [11, 5, 12, 7], "texture": "#5"},
				"down": {"uv": [11, 5, 12, 7], "texture": "#5"}
			}
		},
		{
			"from": [11, 1, 1],
			"to": [12, 1.5, 3],
			"rotation": {"angle": 0, "axis": "y", "origin": [19, 9, 9]},
			"faces": {
				"north": {"uv": [11, 1, 12, 1.5], "texture": "#5"},
				"east": {"uv": [11, 1, 11.5, 3], "rotation": 90, "texture": "#5"},
				"south": {"uv": [11, 1, 12, 1.5], "texture": "#5"},
				"west": {"uv": [11, 1, 11.5, 3], "rotation": 90, "texture": "#5"},
				"up": {"uv": [11, 1, 12, 3], "texture": "#5"},
				"down": {"uv": [11, 1, 12, 3], "texture": "#5"}
			}
		}
	],
	"display": {
		"thirdperson_righthand": {
			"rotation": [75, 45, 0],
			"translation": [0, 2.5, 0],
			"scale": [0.375, 0.375, 0.375]
		},
		"thirdperson_lefthand": {
			"rotation": [75, 45, 0],
			"translation": [0, 2.5, 0],
			"scale": [0.375, 0.375, 0.375]
		},
		"firstperson_righthand": {
			"rotation": [0, 45, 0],
			"scale": [0.4, 0.4, 0.4]
		},
		"firstperson_lefthand": {
			"rotation": [0, 225, 0],
			"scale": [0.4, 0.4, 0.4]
		},
		"ground": {
			"translation": [0, 3, 0],
			"scale": [0.25, 0.25, 0.25]
		},
		"gui": {
			"rotation": [30, 225, 0],
			"scale": [0.625, 0.625, 0.625]
		},
		"head": {
			"rotation": [0, 180, 0],
			"translation": [0, 13, 7]
		},
		"fixed": {
			"scale": [0.5, 0.5, 0.5]
		}
	}
}