{
	"credit": "Made with Blockbench",
	"ambientocclusion": false,
	"textures": {
		"1": "block/rail",
		"particle": "block/rail"
	},
	"elements": [
		{
			"from": [2, 8.79062, -2.80344],
			"to": [4, 10.79062, 19.79656],
			"rotation": {"angle": -45, "axis": "x", "origin": [8, 9.46907, 8.49899]},
			"faces": {
				"north": {"uv": [2, 0, 4, 2], "texture": "#1", "cullface": "up"},
				"east": {"uv": [2, 0, 4, 16], "rotation": 90, "texture": "#1"},
				"south": {"uv": [2, 14, 4, 16], "texture": "#1", "cullface": "south"},
				"west": {"uv": [2, 0, 4, 16], "rotation": 90, "texture": "#1"},
				"up": {"uv": [2, 0, 4, 16], "texture": "#1"},
				"down": {"uv": [2, 0, 4, 16], "texture": "#1"}
			}
		},
		{
			"from": [12, 8.79062, -2.90344],
			"to": [14, 10.79062, 19.79656],
			"rotation": {"angle": -45, "axis": "x", "origin": [8, 9.46907, 8.49899]},
			"faces": {
				"north": {"uv": [12, 0, 14, 2], "texture": "#1", "cullface": "up"},
				"east": {"uv": [12, 0, 14, 16], "rotation": 90, "texture": "#1"},
				"south": {"uv": [12, 0, 14, 2], "texture": "#1", "cullface": "south"},
				"west": {"uv": [12, 0, 14, 16], "rotation": 90, "texture": "#1"},
				"up": {"uv": [12, 0, 14, 16], "texture": "#1"},
				"down": {"uv": [12, 0, 14, 16], "texture": "#1"}
			}
		},
		{
			"from": [1, 8.80829, -1.37258],
			"to": [15, 9.80829, 1.42742],
			"rotation": {"angle": -45, "axis": "x", "origin": [8, 9.46907, 8.49899]},
			"faces": {
				"north": {"uv": [1, 1, 15, 2], "texture": "#1"},
				"east": {"uv": [14, 5, 15, 6.8], "rotation": 90, "texture": "#1"},
				"south": {"uv": [1, 2, 15, 3], "texture": "#1"},
				"west": {"uv": [14, 5, 15, 6.8], "rotation": 90, "texture": "#1"},
				"up": {"uv": [1, 5, 15, 6.8], "texture": "#1"},
				"down": {"uv": [1, 1, 15, 2.8], "texture": "#1"}
			}
		},
		{
			"from": [1, 8.80829, 4.28427],
			"to": [15, 9.80829, 7.08427],
			"rotation": {"angle": -45, "axis": "x", "origin": [8, 9.46907, 8.49899]},
			"faces": {
				"north": {"uv": [1, 5, 15, 6], "texture": "#1"},
				"east": {"uv": [14, 5, 15, 6.8], "rotation": 90, "texture": "#1"},
				"south": {"uv": [1, 6, 15, 7], "texture": "#1"},
				"west": {"uv": [1, 5, 2, 6.8], "rotation": 90, "texture": "#1"},
				"up": {"uv": [1, 5, 15, 6.8], "texture": "#1"},
				"down": {"uv": [1, 5, 15, 6.8], "texture": "#1"}
			}
		},
		{
			"from": [1, 8.80829, 9.94112],
			"to": [15, 9.80829, 12.74112],
			"rotation": {"angle": -45, "axis": "x", "origin": [8, 9.46907, 8.49899]},
			"faces": {
				"north": {"uv": [1, 9, 15, 10], "texture": "#1"},
				"east": {"uv": [14, 9, 15, 10.8], "rotation": 90, "texture": "#1"},
				"south": {"uv": [1, 10, 15, 11], "texture": "#1"},
				"west": {"uv": [1, 5, 2, 6.8], "rotation": 90, "texture": "#1"},
				"up": {"uv": [1, 9, 15, 10.8], "texture": "#1"},
				"down": {"uv": [1, 9, 15, 10.8], "texture": "#1"}
			}
		},
		{
			"from": [1, 8.80829, 15.59798],
			"to": [15, 9.80829, 18.39798],
			"rotation": {"angle": -45, "axis": "x", "origin": [8, 9.46907, 8.49899]},
			"faces": {
				"north": {"uv": [1, 13, 15, 14], "texture": "#1"},
				"east": {"uv": [14, 9, 15, 10.8], "rotation": 90, "texture": "#1"},
				"south": {"uv": [1, 14, 15, 15], "texture": "#1"},
				"west": {"uv": [1, 5, 2, 6.8], "rotation": 90, "texture": "#1"},
				"up": {"uv": [1, 13, 15, 14.8], "texture": "#1"},
				"down": {"uv": [1, 13, 15, 14.8], "texture": "#1"}
			}
		}
	]
}