{
	"credit": "By GORIBBY. Made with Blockbench.",
	"parent": "minecraft:block/template_orientable_trapdoor_bottom",
	"textures": {
		"particle": "block/spruce_trapdoor",
		"texture": "block/spruce_trapdoor"
	},
	"elements": [
		{
			"from": [0, 3, 3],
			"to": [3, 3.25, 4],
			"faces": {
				"north": {"uv": [0, 12, 3, 12.25], "texture": "#texture"},
				"east": {"uv": [0, 12, 1, 12.25], "texture": "#texture"},
				"south": {"uv": [0, 12, 3, 12.25], "texture": "#texture"},
				"west": {"uv": [0, 12, 1, 12.25], "texture": "#texture"},
				"up": {"uv": [0, 3, 3, 4], "texture": "#texture"}
			}
		},
		{
			"from": [0, 3, 12],
			"to": [3, 3.25, 13],
			"faces": {
				"north": {"uv": [0, 12, 3, 12.25], "texture": "#texture"},
				"east": {"uv": [0, 12, 1, 12.25], "texture": "#texture"},
				"south": {"uv": [0, 12, 3, 12.25], "texture": "#texture"},
				"west": {"uv": [0, 12, 1, 12.25], "texture": "#texture"},
				"up": {"uv": [0, 12, 3, 13], "texture": "#texture"}
			}
		},
		{
			"from": [13, 3, 3],
			"to": [16, 3.25, 4],
			"faces": {
				"north": {"uv": [0, 12, 3, 12.25], "texture": "#texture"},
				"east": {"uv": [0, 12, 1, 12.25], "texture": "#texture"},
				"south": {"uv": [0, 12, 3, 12.25], "texture": "#texture"},
				"west": {"uv": [0, 12, 1, 12.25], "texture": "#texture"},
				"up": {"uv": [13, 3, 16, 4], "texture": "#texture"}
			}
		},
		{
			"from": [13, 3, 12],
			"to": [16, 3.25, 13],
			"faces": {
				"north": {"uv": [0, 12, 3, 12.25], "texture": "#texture"},
				"east": {"uv": [0, 12, 1, 12.25], "texture": "#texture"},
				"south": {"uv": [0, 12, 3, 12.25], "texture": "#texture"},
				"west": {"uv": [0, 12, 1, 12.25], "texture": "#texture"},
				"up": {"uv": [13, 12, 16, 13], "texture": "#texture"}
			}
		},
		{
			"from": [4, 3, 12],
			"to": [6, 3.25, 13],
			"faces": {
				"north": {"uv": [0, 12, 2, 12.25], "texture": "#texture"},
				"east": {"uv": [0, 12, 1, 12.25], "texture": "#texture"},
				"south": {"uv": [0, 12, 2, 12.25], "texture": "#texture"},
				"west": {"uv": [0, 12, 1, 12.25], "texture": "#texture"},
				"up": {"uv": [4, 12, 6, 13], "texture": "#texture"}
			}
		},
		{
			"from": [4, 3, 3],
			"to": [6, 3.25, 4],
			"faces": {
				"north": {"uv": [0, 12, 2, 12.25], "texture": "#texture"},
				"east": {"uv": [0, 12, 1, 12.25], "texture": "#texture"},
				"south": {"uv": [0, 12, 2, 12.25], "texture": "#texture"},
				"west": {"uv": [0, 12, 1, 12.25], "texture": "#texture"},
				"up": {"uv": [4, 3, 6, 4], "texture": "#texture"}
			}
		},
		{
			"from": [7, 3, 3],
			"to": [9, 3.25, 4],
			"faces": {
				"north": {"uv": [0, 12, 2, 12.25], "texture": "#texture"},
				"east": {"uv": [0, 12, 1, 12.25], "texture": "#texture"},
				"south": {"uv": [0, 12, 2, 12.25], "texture": "#texture"},
				"west": {"uv": [0, 12, 1, 12.25], "texture": "#texture"},
				"up": {"uv": [7, 3, 9, 4], "texture": "#texture"}
			}
		},
		{
			"from": [7, 3, 12],
			"to": [9, 3.25, 13],
			"faces": {
				"north": {"uv": [0, 12, 2, 12.25], "texture": "#texture"},
				"east": {"uv": [0, 12, 1, 12.25], "texture": "#texture"},
				"south": {"uv": [0, 12, 2, 12.25], "texture": "#texture"},
				"west": {"uv": [0, 12, 1, 12.25], "texture": "#texture"},
				"up": {"uv": [7, 12, 9, 13], "texture": "#texture"}
			}
		},
		{
			"from": [10, 3, 3],
			"to": [12, 3.25, 4],
			"faces": {
				"north": {"uv": [0, 12, 2, 12.25], "texture": "#texture"},
				"east": {"uv": [0, 12, 1, 12.25], "texture": "#texture"},
				"south": {"uv": [0, 12, 2, 12.25], "texture": "#texture"},
				"west": {"uv": [0, 12, 1, 12.25], "texture": "#texture"},
				"up": {"uv": [10, 3, 12, 4], "texture": "#texture"}
			}
		},
		{
			"from": [10, 3, 12],
			"to": [12, 3.25, 13],
			"faces": {
				"north": {"uv": [0, 12, 2, 12.25], "texture": "#texture"},
				"east": {"uv": [0, 12, 1, 12.25], "texture": "#texture"},
				"south": {"uv": [0, 12, 2, 12.25], "texture": "#texture"},
				"west": {"uv": [0, 12, 1, 12.25], "texture": "#texture"},
				"up": {"uv": [10, 12, 12, 13], "texture": "#texture"}
			}
		},
		{
			"from": [0, -0.25, 3],
			"to": [3, 0, 4],
			"faces": {
				"north": {"uv": [0, 12, 3, 13], "texture": "#texture"},
				"east": {"uv": [0, 12, 3, 13], "texture": "#texture"},
				"south": {"uv": [0, 12, 3, 13], "texture": "#texture"},
				"west": {"uv": [0, 12, 3, 13], "texture": "#texture"},
				"down": {"uv": [0, 12, 3, 13], "texture": "#texture"}
			}
		},
		{
			"from": [0, -0.25, 12],
			"to": [3, 0, 13],
			"faces": {
				"north": {"uv": [0, 3, 3, 4], "texture": "#texture"},
				"east": {"uv": [0, 3, 3, 4], "texture": "#texture"},
				"south": {"uv": [0, 3, 3, 4], "texture": "#texture"},
				"west": {"uv": [0, 3, 3, 4], "texture": "#texture"},
				"down": {"uv": [0, 3, 3, 4], "texture": "#texture"}
			}
		},
		{
			"from": [13, -0.25, 3],
			"to": [16, 0, 4],
			"faces": {
				"north": {"uv": [13, 12, 16, 13], "texture": "#texture"},
				"east": {"uv": [13, 12, 16, 13], "texture": "#texture"},
				"south": {"uv": [13, 12, 16, 13], "texture": "#texture"},
				"west": {"uv": [13, 12, 16, 13], "texture": "#texture"},
				"down": {"uv": [13, 12, 16, 13], "texture": "#texture"}
			}
		},
		{
			"from": [13, -0.25, 12],
			"to": [16, 0, 13],
			"faces": {
				"north": {"uv": [13, 3, 16, 4], "texture": "#texture"},
				"east": {"uv": [13, 3, 16, 4], "texture": "#texture"},
				"south": {"uv": [13, 3, 16, 4], "texture": "#texture"},
				"west": {"uv": [13, 3, 16, 4], "texture": "#texture"},
				"down": {"uv": [13, 3, 16, 4], "texture": "#texture"}
			}
		},
		{
			"from": [4, -0.25, 12],
			"to": [6, 0, 13],
			"faces": {
				"north": {"uv": [4, 3, 6, 4], "texture": "#texture"},
				"east": {"uv": [4, 3, 6, 4], "texture": "#texture"},
				"south": {"uv": [4, 3, 6, 4], "texture": "#texture"},
				"west": {"uv": [4, 3, 6, 4], "texture": "#texture"},
				"down": {"uv": [4, 3, 6, 4], "texture": "#texture"}
			}
		},
		{
			"from": [4, -0.25, 3],
			"to": [6, 0, 4],
			"faces": {
				"north": {"uv": [4, 12, 6, 13], "texture": "#texture"},
				"east": {"uv": [4, 12, 6, 13], "texture": "#texture"},
				"south": {"uv": [4, 12, 6, 13], "texture": "#texture"},
				"west": {"uv": [4, 12, 6, 13], "texture": "#texture"},
				"down": {"uv": [4, 12, 6, 13], "texture": "#texture"}
			}
		},
		{
			"from": [7, -0.25, 3],
			"to": [9, 0, 4],
			"faces": {
				"north": {"uv": [7, 12, 9, 13], "texture": "#texture"},
				"east": {"uv": [7, 12, 9, 13], "texture": "#texture"},
				"south": {"uv": [7, 12, 9, 13], "texture": "#texture"},
				"west": {"uv": [7, 12, 9, 13], "texture": "#texture"},
				"down": {"uv": [7, 12, 9, 13], "texture": "#texture"}
			}
		},
		{
			"from": [7, -0.25, 12],
			"to": [9, 0, 13],
			"faces": {
				"north": {"uv": [7, 3, 9, 4], "texture": "#texture"},
				"east": {"uv": [7, 3, 9, 4], "texture": "#texture"},
				"south": {"uv": [7, 3, 9, 4], "texture": "#texture"},
				"west": {"uv": [7, 3, 9, 4], "texture": "#texture"},
				"down": {"uv": [7, 3, 9, 4], "texture": "#texture"}
			}
		},
		{
			"from": [10, -0.25, 3],
			"to": [12, 0, 4],
			"faces": {
				"north": {"uv": [10, 12, 12, 13], "texture": "#texture"},
				"east": {"uv": [10, 12, 12, 13], "texture": "#texture"},
				"south": {"uv": [10, 12, 12, 13], "texture": "#texture"},
				"west": {"uv": [10, 12, 12, 13], "texture": "#texture"},
				"down": {"uv": [10, 12, 12, 13], "texture": "#texture"}
			}
		},
		{
			"from": [10, -0.25, 12],
			"to": [12, 0, 13],
			"faces": {
				"north": {"uv": [10, 3, 12, 4], "texture": "#texture"},
				"east": {"uv": [10, 3, 12, 4], "texture": "#texture"},
				"south": {"uv": [10, 3, 12, 4], "texture": "#texture"},
				"west": {"uv": [10, 3, 12, 4], "texture": "#texture"},
				"down": {"uv": [10, 3, 12, 4], "texture": "#texture"}
			}
		},
		{
			"from": [0, 0, 0],
			"to": [16, 3, 16],
			"faces": {
				"north": {"uv": [0, 0, 16, 3], "texture": "#texture"},
				"east": {"uv": [0, 0, 16, 3], "texture": "#texture"},
				"south": {"uv": [0, 0, 16, 3], "texture": "#texture"},
				"west": {"uv": [0, 0, 16, 3], "texture": "#texture"},
				"up": {"uv": [0, 16, 16, 0], "texture": "#texture"},
				"down": {"uv": [0, 0, 16, 16], "texture": "#texture"}
			}
		}
	],
	"display": {
		"thirdperson_righthand": {
			"rotation": [75, 45, 0],
			"translation": [0, 2.5, 0],
			"scale": [0.375, 0.375, 0.375]
		},
		"thirdperson_lefthand": {
			"rotation": [75, 45, 0],
			"translation": [0, 2.5, 0],
			"scale": [0.375, 0.375, 0.375]
		},
		"firstperson_righthand": {
			"rotation": [0, 45, 0],
			"scale": [0.4, 0.4, 0.4]
		},
		"firstperson_lefthand": {
			"rotation": [0, 225, 0],
			"scale": [0.4, 0.4, 0.4]
		},
		"ground": {
			"translation": [0, 3, 0],
			"scale": [0.25, 0.25, 0.25]
		},
		"gui": {
			"rotation": [30, 225, 0],
			"scale": [0.625, 0.625, 0.625]
		},
		"fixed": {
			"scale": [0.5, 0.5, 0.5]
		}
	},
	"groups": [
		{
			"name": "group",
			"origin": [0, 0, 0],
			"color": 0,
			"children": [
				0,
				1,
				2,
				3,
				4,
				5,
				6,
				7,
				8,
				9,
				{
					"name": "group",
					"origin": [0, 0, 0],
					"color": 0,
					"children": [10, 11, 12, 13, 14, 15, 16, 17, 18, 19]
				},
				20
			]
		}
	]
}