{
	"credit": "Made with Blockbench",
	"parent": "block/block",
	"textures": {
		"particle": "block/spruce_planks",
		"3_0": "block/spruce_planks"
	},
	"elements": [
		{
			"from": [0.5, 8, 0.5],
			"to": [15.5, 13, 15.5],
			"faces": {
				"north": {"uv": [0.3, 3, 15.7, 8], "texture": "#3_0"},
				"east": {"uv": [0.3, 3, 15.7, 8], "texture": "#3_0"},
				"south": {"uv": [0.3, 3, 15.7, 8], "texture": "#3_0"},
				"west": {"uv": [0.3, 3, 15.7, 8], "texture": "#3_0"},
				"down": {"uv": [0.3, 0.3, 15.7, 15.7], "texture": "#3_0"}
			}
		},
		{
			"from": [0, 9, 0],
			"to": [8, 12, 7],
			"rotation": {"angle": 0, "axis": "y", "origin": [8, 17, 8]},
			"faces": {
				"north": {"uv": [8, 4, 16, 7], "texture": "#3_0"},
				"east": {"uv": [9, 4, 16, 7], "texture": "#3_0"},
				"south": {"uv": [0, 4, 8, 7], "texture": "#3_0"},
				"west": {"uv": [0, 4, 7, 7], "texture": "#3_0"},
				"up": {"uv": [9, 4, 16, 7], "texture": "#3_0"},
				"down": {"uv": [9, 4, 16, 7], "texture": "#3_0"}
			}
		},
		{
			"from": [0, 9, 8],
			"to": [7, 12, 16],
			"rotation": {"angle": 0, "axis": "y", "origin": [8, 17, 16]},
			"faces": {
				"north": {"uv": [9, 4, 16, 7], "texture": "#3_0"},
				"east": {"uv": [0, 4, 8, 7], "texture": "#3_0"},
				"south": {"uv": [0, 4, 7, 7], "texture": "#3_0"},
				"west": {"uv": [8, 4, 16, 7], "texture": "#3_0"},
				"up": {"uv": [9, 4, 16, 7], "texture": "#3_0"},
				"down": {"uv": [9, 4, 16, 7], "texture": "#3_0"}
			}
		},
		{
			"from": [8, 9, 9],
			"to": [16, 12, 16],
			"rotation": {"angle": 0, "axis": "y", "origin": [16, 17, 16]},
			"faces": {
				"north": {"uv": [0, 4, 8, 7], "texture": "#3_0"},
				"east": {"uv": [0, 4, 7, 7], "texture": "#3_0"},
				"south": {"uv": [8, 4, 16, 7], "texture": "#3_0"},
				"west": {"uv": [9, 4, 16, 7], "texture": "#3_0"},
				"up": {"uv": [9, 4, 16, 7], "texture": "#3_0"},
				"down": {"uv": [9, 4, 16, 7], "texture": "#3_0"}
			}
		},
		{
			"from": [9, 9, 0],
			"to": [16, 12, 8],
			"rotation": {"angle": 0, "axis": "y", "origin": [16, 17, 8]},
			"faces": {
				"north": {"uv": [0, 4, 7, 7], "texture": "#3_0"},
				"east": {"uv": [8, 4, 16, 7], "texture": "#3_0"},
				"south": {"uv": [9, 4, 16, 7], "texture": "#3_0"},
				"west": {"uv": [0, 4, 8, 7], "texture": "#3_0"},
				"up": {"uv": [9, 4, 16, 7], "texture": "#3_0"},
				"down": {"uv": [9, 4, 16, 7], "texture": "#3_0"}
			}
		},
		{
			"from": [0, 13, 0],
			"to": [16, 16, 16],
			"rotation": {"angle": 0, "axis": "y", "origin": [8, 21, 8]},
			"faces": {
				"north": {"uv": [0, 0, 16, 3], "texture": "#3_0"},
				"east": {"uv": [0, 0, 16, 3], "texture": "#3_0"},
				"south": {"uv": [0, 0, 16, 3], "texture": "#3_0"},
				"west": {"uv": [0, 0, 16, 3], "texture": "#3_0"},
				"up": {"uv": [0, 0, 16, 16], "texture": "#3_0"},
				"down": {"uv": [0, 0, 16, 3], "texture": "#3_0"}
			}
		}
	],
	"display": {
		"thirdperson_righthand": {
			"rotation": [75, 45, 0],
			"translation": [0, 2.5, 0],
			"scale": [0.375, 0.375, 0.375]
		},
		"thirdperson_lefthand": {
			"rotation": [75, 45, 0],
			"translation": [0, 2.5, 0],
			"scale": [0.375, 0.375, 0.375]
		},
		"firstperson_righthand": {
			"rotation": [0, 45, 0],
			"scale": [0.4, 0.4, 0.4]
		},
		"firstperson_lefthand": {
			"rotation": [0, 225, 0],
			"scale": [0.4, 0.4, 0.4]
		},
		"ground": {
			"translation": [0, 3, 0],
			"scale": [0.25, 0.25, 0.25]
		},
		"gui": {
			"rotation": [30, 225, 0],
			"scale": [0.625, 0.625, 0.625]
		},
		"fixed": {
			"scale": [0.5, 0.5, 0.5]
		}
	},
	"groups": [
		{
			"name": "slab_top",
			"origin": [8, 8, 8],
			"children": [0]
		},
		{
			"name": "madeira",
			"origin": [8, 8, 8],
			"children": [1, 2, 3, 4, 5]
		}
	]
}