{
	"credit": "Made with Blockbench",
	"ambientocclusion": false,
	"textures": {
		"0": "block/spruce_door_bottom",
		"particle": "block/spruce_door_bottom"
	},
	"elements": [
		{
			"from": [0, 0, 0],
			"to": [3, 16, 16],
			"faces": {
				"north": {"uv": [3, 0, 0, 16], "texture": "#0", "cullface": "north"},
				"east": {"uv": [16, 0, 0, 16], "texture": "#0"},
				"south": {"uv": [0, 0, 3, 16], "texture": "#0", "cullface": "south"},
				"west": {"uv": [0, 0, 16, 16], "texture": "#0", "cullface": "west"},
				"down": {"uv": [13, 0, 16, 16], "texture": "#0", "cullface": "down"}
			}
		},
		{
			"from": [-0.5, 5, 0],
			"to": [0, 6, 3],
			"rotation": {"angle": 0, "axis": "y", "origin": [7, 13, 8]},
			"faces": {
				"north": {"uv": [0, 10, 0.5, 11], "texture": "#0", "cullface": "west"},
				"south": {"uv": [14, 10, 14.5, 11], "texture": "#0", "cullface": "west"},
				"west": {"uv": [0, 10, 3, 11], "texture": "#0", "cullface": "west"},
				"up": {"uv": [0, 10, 3, 10.5], "rotation": 90, "texture": "#0", "cullface": "west"},
				"down": {"uv": [0, 10, 3, 10.5], "rotation": 270, "texture": "#0", "cullface": "west"}
			}
		},
		{
			"from": [-0.5, 4, 0],
			"to": [0, 5, 1],
			"rotation": {"angle": 0, "axis": "y", "origin": [7, 12, 8]},
			"faces": {
				"north": {"uv": [0, 11, 0.5, 12], "texture": "#0", "cullface": "west"},
				"south": {"uv": [0, 11, 0.5, 12], "texture": "#0", "cullface": "west"},
				"west": {"uv": [0, 11, 1, 12], "texture": "#0", "cullface": "west"},
				"down": {"uv": [0, 11, 1, 11.5], "rotation": 90, "texture": "#0", "cullface": "west"}
			}
		},
		{
			"from": [0, 4, -0.5],
			"to": [1, 5, 0],
			"rotation": {"angle": 0, "axis": "y", "origin": [6, 12, 8]},
			"faces": {
				"north": {"uv": [0, 11, 1, 12], "texture": "#0", "cullface": "north"},
				"east": {"uv": [0, 11, 1, 12], "texture": "#0", "cullface": "north"},
				"west": {"uv": [0, 11, 0.5, 12], "texture": "#0", "cullface": "west"},
				"down": {"uv": [0, 11, 1, 12], "texture": "#0", "cullface": "north"}
			}
		},
		{
			"from": [0, 5, -0.5],
			"to": [3, 6, 0],
			"rotation": {"angle": 0, "axis": "y", "origin": [6, 13, 8]},
			"faces": {
				"north": {"uv": [0, 10, 3, 11], "texture": "#0", "cullface": "north"},
				"east": {"uv": [0, 10, 0.5, 11], "texture": "#0", "cullface": "north"},
				"west": {"uv": [2, 10, 2.5, 11], "texture": "#0", "cullface": "west"},
				"up": {"uv": [0, 10, 3, 10.5], "texture": "#0", "cullface": "north"},
				"down": {"uv": [0, 10, 3, 10.5], "rotation": 180, "texture": "#0", "cullface": "north"}
			}
		},
		{
			"from": [0, 15, -0.5],
			"to": [1, 16, 0],
			"rotation": {"angle": 0, "axis": "y", "origin": [6, 23, 8]},
			"faces": {
				"north": {"uv": [0, 0, 1, 1], "texture": "#0", "cullface": "north"},
				"east": {"uv": [0, 0, 0.5, 1], "texture": "#0", "cullface": "north"},
				"west": {"uv": [0, 0, 0.5, 1], "texture": "#0", "cullface": "west"},
				"up": {"uv": [0, 0, 0.5, 1], "rotation": 90, "texture": "#0", "cullface": "north"},
				"down": {"uv": [0, 0, 0.5, 1], "rotation": 90, "texture": "#0", "cullface": "north"}
			}
		},
		{
			"from": [-0.5, 15, 0],
			"to": [0, 16, 1],
			"rotation": {"angle": 0, "axis": "y", "origin": [7, 23, 8]},
			"faces": {
				"north": {"uv": [0, 0, 0.5, 1], "texture": "#0", "cullface": "west"},
				"south": {"uv": [0, 0, 0.5, 1], "texture": "#0", "cullface": "west"},
				"west": {"uv": [0, 0, 1, 1], "texture": "#0", "cullface": "west"},
				"up": {"uv": [0, 0, 1, 0.5], "rotation": 90, "texture": "#0", "cullface": "west"},
				"down": {"uv": [0, 0, 1, 0.5], "rotation": 90, "texture": "#0", "cullface": "west"}
			}
		},
		{
			"from": [-0.5, 5, 4],
			"to": [0, 6, 6],
			"rotation": {"angle": 0, "axis": "y", "origin": [7, 13, 12]},
			"faces": {
				"north": {"uv": [4, 10, 4.5, 11], "texture": "#0", "cullface": "west"},
				"south": {"uv": [14, 10, 14.5, 11], "texture": "#0", "cullface": "west"},
				"west": {"uv": [4, 10, 6, 11], "texture": "#0", "cullface": "west"},
				"up": {"uv": [4, 10, 6, 10.5], "rotation": 90, "texture": "#0", "cullface": "west"},
				"down": {"uv": [4, 10, 6, 10.5], "rotation": 270, "texture": "#0", "cullface": "west"}
			}
		},
		{
			"from": [-0.5, 5, 7],
			"to": [0, 6, 9],
			"rotation": {"angle": 0, "axis": "y", "origin": [7, 13, 15]},
			"faces": {
				"north": {"uv": [7, 10, 7.5, 11], "texture": "#0", "cullface": "west"},
				"south": {"uv": [14, 10, 14.5, 11], "texture": "#0", "cullface": "west"},
				"west": {"uv": [7, 10, 9, 11], "texture": "#0", "cullface": "west"},
				"up": {"uv": [7, 10, 9, 10.5], "rotation": 90, "texture": "#0", "cullface": "west"},
				"down": {"uv": [7, 10, 9, 10.5], "rotation": 270, "texture": "#0", "cullface": "west"}
			}
		},
		{
			"from": [-0.5, 5, 10],
			"to": [0, 6, 12],
			"rotation": {"angle": 0, "axis": "y", "origin": [7, 13, 18]},
			"faces": {
				"north": {"uv": [10, 10, 10.5, 11], "texture": "#0", "cullface": "west"},
				"south": {"uv": [14, 10, 14.5, 11], "texture": "#0", "cullface": "west"},
				"west": {"uv": [10, 10, 12, 11], "texture": "#0", "cullface": "west"},
				"up": {"uv": [10, 10, 12, 10.5], "rotation": 90, "texture": "#0", "cullface": "west"},
				"down": {"uv": [10, 10, 12, 10.5], "rotation": 270, "texture": "#0", "cullface": "west"}
			}
		},
		{
			"from": [-0.5, 5, 13],
			"to": [0, 6, 15],
			"rotation": {"angle": 0, "axis": "y", "origin": [7, 13, 21]},
			"faces": {
				"north": {"uv": [13, 10, 13.5, 11], "texture": "#0", "cullface": "west"},
				"south": {"uv": [14, 10, 14.5, 11], "texture": "#0", "cullface": "west"},
				"west": {"uv": [13, 10, 15, 11], "texture": "#0", "cullface": "west"},
				"up": {"uv": [13, 10, 15, 10.5], "rotation": 90, "texture": "#0", "cullface": "west"},
				"down": {"uv": [13, 10, 15, 10.5], "rotation": 270, "texture": "#0", "cullface": "west"}
			}
		},
		{
			"from": [-0.5, 12, 11],
			"to": [0, 13, 13],
			"rotation": {"angle": 0, "axis": "y", "origin": [7, 20, 19]},
			"faces": {
				"north": {"uv": [11, 3, 11.5, 4], "texture": "#0", "cullface": "west"},
				"south": {"uv": [12, 3, 12.5, 4], "texture": "#0", "cullface": "west"},
				"west": {"uv": [11, 3, 13, 4], "texture": "#0", "cullface": "west"},
				"up": {"uv": [11, 3, 13, 3.5], "rotation": 90, "texture": "#0", "cullface": "west"},
				"down": {"uv": [11, 3, 13, 3.5], "rotation": 270, "texture": "#0", "cullface": "west"}
			}
		},
		{
			"from": [-0.5, 15, 11],
			"to": [0, 16, 13],
			"rotation": {"angle": 0, "axis": "y", "origin": [7, 23, 19]},
			"faces": {
				"north": {"uv": [11, 0, 11.5, 1], "texture": "#0", "cullface": "west"},
				"south": {"uv": [11, 0, 11.5, 1], "texture": "#0", "cullface": "west"},
				"west": {"uv": [11, 0, 13, 1], "texture": "#0", "cullface": "west"},
				"up": {"uv": [11, 0, 13, 0.5], "rotation": 90, "texture": "#0", "cullface": "west"},
				"down": {"uv": [11, 0, 13, 0.5], "rotation": 270, "texture": "#0", "cullface": "west"}
			}
		},
		{
			"from": [-0.5, 13, 10],
			"to": [0, 15, 11],
			"rotation": {"angle": 0, "axis": "y", "origin": [7, 22, 18]},
			"faces": {
				"north": {"uv": [10, 1, 10.5, 3], "texture": "#0", "cullface": "west"},
				"south": {"uv": [10, 1, 10.5, 3], "texture": "#0", "cullface": "west"},
				"west": {"uv": [10, 1, 11, 3], "texture": "#0", "cullface": "west"},
				"up": {"uv": [10, 1, 11, 1.5], "rotation": 90, "texture": "#0", "cullface": "west"},
				"down": {"uv": [10, 2, 11, 2.5], "rotation": 90, "texture": "#0", "cullface": "west"}
			}
		},
		{
			"from": [-0.5, 13, 13],
			"to": [0, 15, 14],
			"rotation": {"angle": 0, "axis": "y", "origin": [7, 22, 21]},
			"faces": {
				"north": {"uv": [13, 1, 13.5, 3], "texture": "#0", "cullface": "west"},
				"south": {"uv": [13, 1, 13.5, 3], "texture": "#0", "cullface": "west"},
				"west": {"uv": [13, 1, 14, 3], "texture": "#0", "cullface": "west"},
				"up": {"uv": [13, 1, 14, 1.5], "rotation": 90, "texture": "#0", "cullface": "west"},
				"down": {"uv": [13, 2, 14, 2.5], "rotation": 90, "texture": "#0", "cullface": "west"}
			}
		},
		{
			"from": [3, 4, 0],
			"to": [3.5, 5, 1],
			"rotation": {"angle": 0, "axis": "y", "origin": [11, 12, 8]},
			"faces": {
				"north": {"uv": [0, 11, 0.5, 12], "texture": "#0", "cullface": "north"},
				"east": {"uv": [0, 11, 1, 12], "texture": "#0"},
				"south": {"uv": [0, 11, 0.5, 12], "texture": "#0"},
				"down": {"uv": [0, 11, 1, 11.5], "rotation": 90, "texture": "#0"}
			}
		},
		{
			"from": [3, 5, 0],
			"to": [3.5, 6, 3],
			"rotation": {"angle": 0, "axis": "y", "origin": [11, 13, 8]},
			"faces": {
				"north": {"uv": [14, 10, 14.5, 11], "texture": "#0", "cullface": "north"},
				"east": {"uv": [0, 10, 3, 11], "texture": "#0"},
				"south": {"uv": [0, 10, 0.5, 11], "texture": "#0"},
				"up": {"uv": [0, 10, 3, 10.5], "rotation": 270, "texture": "#0"},
				"down": {"uv": [0, 10, 3, 10.5], "rotation": 90, "texture": "#0"}
			}
		},
		{
			"from": [3, 5, 4],
			"to": [3.5, 6, 6],
			"rotation": {"angle": 0, "axis": "y", "origin": [11, 13, 10]},
			"faces": {
				"north": {"uv": [14, 10, 14.5, 11], "texture": "#0"},
				"east": {"uv": [4, 10, 6, 11], "texture": "#0"},
				"south": {"uv": [4, 10, 4.5, 11], "texture": "#0"},
				"up": {"uv": [4, 10, 6, 10.5], "rotation": 270, "texture": "#0"},
				"down": {"uv": [4, 10, 6, 10.5], "rotation": 90, "texture": "#0"}
			}
		},
		{
			"from": [3, 5, 7],
			"to": [3.5, 6, 9],
			"rotation": {"angle": 0, "axis": "y", "origin": [11, 13, 13]},
			"faces": {
				"north": {"uv": [14, 10, 14.5, 11], "texture": "#0"},
				"east": {"uv": [7, 10, 9, 11], "texture": "#0"},
				"south": {"uv": [7, 10, 7.5, 11], "texture": "#0"},
				"up": {"uv": [7, 10, 9, 10.5], "rotation": 270, "texture": "#0"},
				"down": {"uv": [7, 10, 9, 10.5], "rotation": 90, "texture": "#0"}
			}
		},
		{
			"from": [3, 5, 10],
			"to": [3.5, 6, 12],
			"rotation": {"angle": 0, "axis": "y", "origin": [11, 13, 16]},
			"faces": {
				"north": {"uv": [14, 10, 14.5, 11], "texture": "#0"},
				"east": {"uv": [10, 10, 12, 11], "texture": "#0"},
				"south": {"uv": [10, 10, 10.5, 11], "texture": "#0"},
				"up": {"uv": [10, 10, 12, 10.5], "rotation": 270, "texture": "#0"},
				"down": {"uv": [10, 10, 12, 10.5], "rotation": 90, "texture": "#0"}
			}
		},
		{
			"from": [3, 5, 13],
			"to": [3.5, 6, 15],
			"rotation": {"angle": 0, "axis": "y", "origin": [11, 13, 19]},
			"faces": {
				"north": {"uv": [14, 10, 14.5, 11], "texture": "#0"},
				"east": {"uv": [13, 10, 15, 11], "texture": "#0"},
				"south": {"uv": [13, 10, 13.5, 11], "texture": "#0"},
				"up": {"uv": [13, 10, 15, 10.5], "rotation": 270, "texture": "#0"},
				"down": {"uv": [13, 10, 15, 10.5], "rotation": 90, "texture": "#0"}
			}
		},
		{
			"from": [3, 12, 11],
			"to": [3.5, 13, 13],
			"rotation": {"angle": 0, "axis": "y", "origin": [11, 20, 17]},
			"faces": {
				"north": {"uv": [11, 3, 11.5, 4], "texture": "#0"},
				"east": {"uv": [11, 3, 13, 4], "texture": "#0"},
				"south": {"uv": [11, 3, 11.5, 4], "texture": "#0"},
				"up": {"uv": [11, 3, 13, 3.5], "rotation": 270, "texture": "#0"},
				"down": {"uv": [11, 3, 13, 3.5], "rotation": 90, "texture": "#0"}
			}
		},
		{
			"from": [3, 15, 11],
			"to": [3.5, 16, 13],
			"rotation": {"angle": 0, "axis": "y", "origin": [11, 23, 17]},
			"faces": {
				"north": {"uv": [11, 0, 11.5, 1], "texture": "#0"},
				"east": {"uv": [11, 0, 13, 1], "texture": "#0"},
				"south": {"uv": [11, 0, 11.5, 1], "texture": "#0"},
				"up": {"uv": [11, 0, 13, 0.5], "rotation": 270, "texture": "#0", "cullface": "up"},
				"down": {"uv": [11, 0, 13, 0.5], "rotation": 90, "texture": "#0"}
			}
		},
		{
			"from": [3, 13, 13],
			"to": [3.5, 15, 14],
			"rotation": {"angle": 0, "axis": "y", "origin": [11, 22, 18]},
			"faces": {
				"north": {"uv": [13, 1, 13.5, 3], "texture": "#0"},
				"east": {"uv": [13, 1, 14, 3], "texture": "#0"},
				"south": {"uv": [13, 1, 13.5, 3], "texture": "#0"},
				"up": {"uv": [13, 1, 14, 1.5], "rotation": 90, "texture": "#0"},
				"down": {"uv": [13, 1, 14, 1.5], "rotation": 90, "texture": "#0"}
			}
		},
		{
			"from": [3, 13, 10],
			"to": [3.5, 15, 11],
			"rotation": {"angle": 0, "axis": "y", "origin": [11, 22, 15]},
			"faces": {
				"north": {"uv": [10, 1, 10.5, 3], "texture": "#0"},
				"east": {"uv": [10, 1, 11, 3], "texture": "#0"},
				"south": {"uv": [10, 1, 10.5, 3], "texture": "#0"},
				"up": {"uv": [10, 1, 11, 1.5], "rotation": 90, "texture": "#0"},
				"down": {"uv": [10, 1, 11, 1.5], "rotation": 90, "texture": "#0"}
			}
		},
		{
			"from": [3, 15, 0],
			"to": [3.5, 16, 1],
			"rotation": {"angle": 0, "axis": "y", "origin": [11, 23, 5]},
			"faces": {
				"north": {"uv": [0, 0, 0.5, 1], "texture": "#0", "cullface": "north"},
				"east": {"uv": [0, 0, 1, 1], "texture": "#0"},
				"south": {"uv": [0, 0, 0.5, 1], "texture": "#0"},
				"up": {"uv": [0, 0, 1, 0.5], "rotation": 90, "texture": "#0", "cullface": "up"},
				"down": {"uv": [0, 0, 1, 0.5], "rotation": 90, "texture": "#0"}
			}
		},
		{
			"from": [0, 4, 16],
			"to": [1, 5, 16.5],
			"rotation": {"angle": 0, "axis": "y", "origin": [8, 12, 24]},
			"faces": {
				"east": {"uv": [0, 11, 1, 12], "texture": "#0", "cullface": "south"},
				"south": {"uv": [0, 11, 1, 12], "texture": "#0", "cullface": "south"},
				"west": {"uv": [0, 11, 1, 12], "texture": "#0", "cullface": "west"},
				"down": {"uv": [0, 11, 1, 12], "texture": "#0", "cullface": "south"}
			}
		},
		{
			"from": [0, 5, 16],
			"to": [3, 6, 16.5],
			"rotation": {"angle": 0, "axis": "y", "origin": [8, 13, 24]},
			"faces": {
				"east": {"uv": [2, 10, 2.5, 11], "texture": "#0", "cullface": "south"},
				"south": {"uv": [0, 10, 3, 11], "texture": "#0", "cullface": "south"},
				"west": {"uv": [0, 10, 0.5, 11], "texture": "#0", "cullface": "west"},
				"up": {"uv": [0, 10, 3, 11], "texture": "#0", "cullface": "south"},
				"down": {"uv": [0, 10, 3, 11], "texture": "#0", "cullface": "south"}
			}
		},
		{
			"from": [0, 15, 16],
			"to": [1, 16, 16.5],
			"rotation": {"angle": 0, "axis": "y", "origin": [8, 23, 24]},
			"faces": {
				"east": {"uv": [0, 0, 1, 1], "texture": "#0", "cullface": "south"},
				"south": {"uv": [0, 0, 1, 1], "texture": "#0", "cullface": "south"},
				"west": {"uv": [0, 0, 1, 1], "texture": "#0", "cullface": "west"},
				"up": {"uv": [0, 0, 1, 1], "texture": "#0", "cullface": "up"},
				"down": {"uv": [0, 0, 1, 1], "texture": "#0", "cullface": "south"}
			}
		}
	],
	"groups": [
		{
			"name": "door_bottom",
			"origin": [8, 8, 8],
			"children": [0, 1, 2, 3, 4, 5, 6, 7, 8, 9, 10, 11, 12, 13, 14, 15, 16, 17, 18, 19, 20, 21, 22, 23, 24, 25, 26, 27, 28]
		}
	]
}