{
	"credit": "Made with Blockbench",
	"ambientocclusion": false,
	"textures": {
		"1": "block/spruce_door_top",
		"particle": "block/spruce_door_top"
	},
	"elements": [
		{
			"from": [-0.5, 0, 13],
			"to": [0, 1, 16],
			"rotation": {"angle": 0, "axis": "y", "origin": [7, 8, 21]},
			"faces": {
				"north": {"uv": [14, 15, 14.5, 16], "texture": "#1", "cullface": "west"},
				"south": {"uv": [0, 15, 0.5, 16], "texture": "#1", "cullface": "west"},
				"west": {"uv": [3, 15, 0, 16], "texture": "#1", "cullface": "west"},
				"up": {"uv": [3, 15, 0, 16], "rotation": 90, "texture": "#1", "cullface": "west"},
				"down": {"uv": [3, 15, 0, 16], "rotation": 270, "texture": "#1", "cullface": "west"}
			}
		},
		{
			"from": [-0.5, 11, 13],
			"to": [0, 12, 16],
			"rotation": {"angle": 0, "axis": "y", "origin": [7, 19, 21]},
			"faces": {
				"north": {"uv": [14, 15, 14.5, 16], "texture": "#1", "cullface": "west"},
				"south": {"uv": [0, 15, 0.5, 16], "texture": "#1", "cullface": "west"},
				"west": {"uv": [3, 4, 0, 5], "texture": "#1", "cullface": "west"},
				"up": {"uv": [3, 4, 0, 5], "rotation": 90, "texture": "#1", "cullface": "west"},
				"down": {"uv": [3, 4, 0, 5], "rotation": 270, "texture": "#1", "cullface": "west"}
			}
		},
		{
			"from": [-0.5, 10, 15],
			"to": [0, 11, 16],
			"rotation": {"angle": 0, "axis": "y", "origin": [7, 18, 23]},
			"faces": {
				"north": {"uv": [0, 5, 1, 6], "texture": "#1", "cullface": "west"},
				"south": {"uv": [0, 5, 1, 6], "texture": "#1", "cullface": "west"},
				"west": {"uv": [1, 5, 0, 6], "texture": "#1", "cullface": "west"},
				"down": {"uv": [0, 5, 1, 6], "texture": "#1", "cullface": "west"}
			}
		},
		{
			"from": [-0.5, 11, 4],
			"to": [0, 12, 6],
			"rotation": {"angle": 0, "axis": "y", "origin": [7, 19, 12]},
			"faces": {
				"north": {"uv": [14, 15, 14.5, 16], "texture": "#1", "cullface": "west"},
				"south": {"uv": [4, 15, 4.5, 16], "texture": "#1", "cullface": "west"},
				"west": {"uv": [6, 4, 4, 5], "texture": "#1", "cullface": "west"},
				"up": {"uv": [6, 4, 4, 5], "rotation": 90, "texture": "#1", "cullface": "west"},
				"down": {"uv": [6, 4, 4, 5], "rotation": 270, "texture": "#1", "cullface": "west"}
			}
		},
		{
			"from": [-0.5, 0, 4],
			"to": [0, 1, 6],
			"rotation": {"angle": 0, "axis": "y", "origin": [7, 8, 12]},
			"faces": {
				"north": {"uv": [14, 15, 14.5, 16], "texture": "#1", "cullface": "west"},
				"south": {"uv": [4, 15, 4.5, 16], "texture": "#1", "cullface": "west"},
				"west": {"uv": [6, 15, 4, 16], "texture": "#1", "cullface": "west"},
				"up": {"uv": [6, 15, 4, 16], "rotation": 90, "texture": "#1", "cullface": "west"},
				"down": {"uv": [6, 15, 4, 16], "rotation": 270, "texture": "#1", "cullface": "west"}
			}
		},
		{
			"from": [-0.5, 11, 7],
			"to": [0, 12, 9],
			"rotation": {"angle": 0, "axis": "y", "origin": [7, 19, 15]},
			"faces": {
				"north": {"uv": [14, 15, 14.5, 16], "texture": "#1", "cullface": "west"},
				"south": {"uv": [4, 15, 4.5, 16], "texture": "#1", "cullface": "west"},
				"west": {"uv": [9, 4, 7, 5], "texture": "#1", "cullface": "west"},
				"up": {"uv": [9, 4, 7, 5], "rotation": 90, "texture": "#1", "cullface": "west"},
				"down": {"uv": [9, 4, 7, 5], "rotation": 270, "texture": "#1", "cullface": "west"}
			}
		},
		{
			"from": [-0.5, 0, 7],
			"to": [0, 1, 9],
			"rotation": {"angle": 0, "axis": "y", "origin": [7, 8, 15]},
			"faces": {
				"north": {"uv": [14, 15, 14.5, 16], "texture": "#1", "cullface": "west"},
				"south": {"uv": [4, 15, 4.5, 16], "texture": "#1", "cullface": "west"},
				"west": {"uv": [9, 15, 7, 16], "texture": "#1", "cullface": "west"},
				"up": {"uv": [9, 15, 7, 16], "rotation": 90, "texture": "#1", "cullface": "west"},
				"down": {"uv": [9, 15, 7, 16], "rotation": 270, "texture": "#1", "cullface": "west"}
			}
		},
		{
			"from": [-0.5, 11, 10],
			"to": [0, 12, 12],
			"rotation": {"angle": 0, "axis": "y", "origin": [7, 19, 18]},
			"faces": {
				"north": {"uv": [14, 15, 14.5, 16], "texture": "#1", "cullface": "west"},
				"south": {"uv": [4, 15, 4.5, 16], "texture": "#1", "cullface": "west"},
				"west": {"uv": [12, 4, 10, 5], "texture": "#1", "cullface": "west"},
				"up": {"uv": [12, 4, 10, 5], "rotation": 90, "texture": "#1", "cullface": "west"},
				"down": {"uv": [12, 4, 10, 5], "rotation": 270, "texture": "#1", "cullface": "west"}
			}
		},
		{
			"from": [-0.5, 0, 10],
			"to": [0, 1, 12],
			"rotation": {"angle": 0, "axis": "y", "origin": [7, 8, 18]},
			"faces": {
				"north": {"uv": [14, 15, 14.5, 16], "texture": "#1", "cullface": "west"},
				"south": {"uv": [4, 15, 4.5, 16], "texture": "#1", "cullface": "west"},
				"west": {"uv": [12, 15, 10, 16], "texture": "#1", "cullface": "west"},
				"up": {"uv": [12, 15, 10, 16], "rotation": 90, "texture": "#1", "cullface": "west"},
				"down": {"uv": [12, 15, 10, 16], "rotation": 270, "texture": "#1", "cullface": "west"}
			}
		},
		{
			"from": [-0.5, 11, 1],
			"to": [0, 12, 3],
			"rotation": {"angle": 0, "axis": "y", "origin": [7, 19, 9]},
			"faces": {
				"north": {"uv": [14, 15, 14.5, 16], "texture": "#1", "cullface": "west"},
				"south": {"uv": [4, 15, 4.5, 16], "texture": "#1", "cullface": "west"},
				"west": {"uv": [15, 4, 13, 5], "texture": "#1", "cullface": "west"},
				"up": {"uv": [15, 4, 13, 5], "rotation": 90, "texture": "#1", "cullface": "west"},
				"down": {"uv": [15, 4, 13, 5], "rotation": 270, "texture": "#1", "cullface": "west"}
			}
		},
		{
			"from": [-0.5, 0, 1],
			"to": [0, 1, 3],
			"rotation": {"angle": 0, "axis": "y", "origin": [7, 8, 9]},
			"faces": {
				"north": {"uv": [14, 15, 14.5, 16], "texture": "#1", "cullface": "west"},
				"south": {"uv": [4, 15, 4.5, 16], "texture": "#1", "cullface": "west"},
				"west": {"uv": [15, 15, 13, 16], "texture": "#1", "cullface": "west"},
				"up": {"uv": [15, 15, 13, 16], "rotation": 90, "texture": "#1", "cullface": "west"},
				"down": {"uv": [15, 15, 13, 16], "rotation": 270, "texture": "#1", "cullface": "west"}
			}
		},
		{
			"from": [0, 0, -0.5],
			"to": [3, 1, 0],
			"rotation": {"angle": 0, "axis": "y", "origin": [8, 8, 7]},
			"faces": {
				"north": {"uv": [0, 15, 3, 16], "texture": "#1", "cullface": "north"},
				"east": {"uv": [0, 15, 0.5, 16], "texture": "#1", "cullface": "north"},
				"west": {"uv": [2.5, 15, 2, 16], "texture": "#1", "cullface": "west"},
				"up": {"uv": [0, 15, 3, 16], "rotation": 180, "texture": "#1", "cullface": "north"},
				"down": {"uv": [0, 15, 3, 16], "rotation": 180, "texture": "#1", "cullface": "down"}
			}
		},
		{
			"from": [0, 11, -0.5],
			"to": [3, 12, 0],
			"rotation": {"angle": 0, "axis": "y", "origin": [8, 19, 7]},
			"faces": {
				"north": {"uv": [0, 4, 3, 5], "texture": "#1", "cullface": "north"},
				"east": {"uv": [0, 4, 0.5, 5], "texture": "#1", "cullface": "north"},
				"west": {"uv": [2.5, 15, 2, 16], "texture": "#1", "cullface": "west"},
				"up": {"uv": [0, 4, 3, 5], "rotation": 180, "texture": "#1", "cullface": "north"},
				"down": {"uv": [0, 4, 3, 5], "rotation": 180, "texture": "#1", "cullface": "north"}
			}
		},
		{
			"from": [0, 10, -0.5],
			"to": [1, 11, 0],
			"rotation": {"angle": 0, "axis": "y", "origin": [8, 18, 7]},
			"faces": {
				"north": {"uv": [0, 5, 1, 6], "texture": "#1", "cullface": "north"},
				"east": {"uv": [0, 5, 1, 6], "texture": "#1", "cullface": "north"},
				"west": {"uv": [1, 5, 0, 6], "texture": "#1", "cullface": "west"},
				"down": {"uv": [0, 5, 1, 6], "texture": "#1", "cullface": "north"}
			}
		},
		{
			"from": [0, 16, 4],
			"to": [2, 16.5, 5],
			"rotation": {"angle": 0, "axis": "y", "origin": [8, 24, 12]},
			"faces": {
				"north": {"uv": [0, 4, 2, 4.5], "rotation": 180, "texture": "#1", "cullface": "up"},
				"east": {"uv": [1, 15, 2, 15.5], "texture": "#1", "cullface": "up"},
				"south": {"uv": [0, 4, 2, 4.5], "texture": "#1", "cullface": "up"},
				"west": {"uv": [1, 4, 0, 4.5], "texture": "#1", "cullface": "west"},
				"up": {"uv": [0, 4, 2, 5], "texture": "#1", "cullface": "up"}
			}
		},
		{
			"from": [0, 16, 15],
			"to": [2, 16.5, 16],
			"rotation": {"angle": 0, "axis": "y", "origin": [8, 24, 23]},
			"faces": {
				"north": {"uv": [0, 15, 2, 15.5], "rotation": 180, "texture": "#1", "cullface": "up"},
				"east": {"uv": [1, 15, 2, 15.5], "texture": "#1", "cullface": "up"},
				"south": {"uv": [0, 15, 2, 15.5], "texture": "#1", "cullface": "up"},
				"west": {"uv": [1, 15, 0, 15.5], "texture": "#1", "cullface": "west"},
				"up": {"uv": [0, 15, 2, 16], "texture": "#1", "cullface": "up"}
			}
		},
		{
			"from": [0, 0, 16],
			"to": [3, 1, 16.5],
			"rotation": {"angle": 0, "axis": "y", "origin": [8, 8, 24]},
			"faces": {
				"east": {"uv": [2, 15, 2.5, 16], "texture": "#1", "cullface": "south"},
				"south": {"uv": [0, 15, 3, 16], "texture": "#1", "cullface": "south"},
				"west": {"uv": [0.5, 15, 0, 16], "texture": "#1", "cullface": "west"},
				"up": {"uv": [0, 15, 3, 16], "texture": "#1", "cullface": "south"},
				"down": {"uv": [0, 15, 3, 16], "texture": "#1", "cullface": "down"}
			}
		},
		{
			"from": [0, 11, 16],
			"to": [3, 12, 16.5],
			"rotation": {"angle": 0, "axis": "y", "origin": [8, 19, 24]},
			"faces": {
				"east": {"uv": [2, 15, 2.5, 16], "texture": "#1", "cullface": "south"},
				"south": {"uv": [0, 4, 3, 5], "texture": "#1", "cullface": "south"},
				"west": {"uv": [0.5, 4, 0, 5], "texture": "#1", "cullface": "west"},
				"up": {"uv": [0, 4, 3, 5], "texture": "#1", "cullface": "south"},
				"down": {"uv": [0, 4, 3, 5], "texture": "#1", "cullface": "south"}
			}
		},
		{
			"from": [0, 10, 16],
			"to": [1, 11, 16.5],
			"rotation": {"angle": 0, "axis": "y", "origin": [8, 18, 24]},
			"faces": {
				"east": {"uv": [0, 5, 1, 6], "texture": "#1", "cullface": "south"},
				"south": {"uv": [0, 5, 1, 6], "texture": "#1", "cullface": "south"},
				"west": {"uv": [1, 5, 0, 6], "texture": "#1", "cullface": "west"},
				"down": {"uv": [0, 5, 1, 6], "texture": "#1", "cullface": "south"}
			}
		},
		{
			"from": [3, 0, 13],
			"to": [3.5, 1, 16],
			"rotation": {"angle": 0, "axis": "y", "origin": [11, 8, 21]},
			"faces": {
				"north": {"uv": [2.5, 15, 2, 16], "texture": "#1"},
				"east": {"uv": [0, 15, 3, 16], "texture": "#1"},
				"south": {"uv": [0.5, 15, 0, 16], "texture": "#1", "cullface": "south"},
				"up": {"uv": [0, 15, 3, 16], "rotation": 270, "texture": "#1"},
				"down": {"uv": [0, 15, 3, 16], "rotation": 90, "texture": "#1", "cullface": "down"}
			}
		},
		{
			"from": [3, 11, 13],
			"to": [3.5, 12, 16],
			"rotation": {"angle": 0, "axis": "y", "origin": [11, 19, 21]},
			"faces": {
				"north": {"uv": [2.5, 15, 2, 16], "texture": "#1"},
				"east": {"uv": [0, 4, 3, 5], "texture": "#1"},
				"south": {"uv": [0.5, 15, 0, 16], "texture": "#1", "cullface": "south"},
				"up": {"uv": [0, 4, 3, 5], "rotation": 270, "texture": "#1"},
				"down": {"uv": [0, 4, 3, 5], "rotation": 90, "texture": "#1"}
			}
		},
		{
			"from": [3, 10, 15],
			"to": [3.5, 11, 16],
			"rotation": {"angle": 0, "axis": "y", "origin": [11, 18, 23]},
			"faces": {
				"north": {"uv": [1, 5, 0, 6], "texture": "#1"},
				"east": {"uv": [0, 5, 1, 6], "texture": "#1"},
				"south": {"uv": [1, 5, 0, 6], "texture": "#1", "cullface": "south"},
				"down": {"uv": [1, 5, 0, 6], "rotation": 90, "texture": "#1"}
			}
		},
		{
			"from": [3, 11, 4],
			"to": [3.5, 12, 6],
			"rotation": {"angle": 0, "axis": "y", "origin": [11, 19, 12]},
			"faces": {
				"north": {"uv": [2.5, 15, 2, 16], "texture": "#1"},
				"east": {"uv": [10, 4, 12, 5], "texture": "#1"},
				"south": {"uv": [0.5, 15, 0, 16], "texture": "#1"},
				"up": {"uv": [10, 4, 12, 5], "rotation": 270, "texture": "#1"},
				"down": {"uv": [10, 4, 12, 5], "rotation": 90, "texture": "#1"}
			}
		},
		{
			"from": [3, 0, 4],
			"to": [3.5, 1, 6],
			"rotation": {"angle": 0, "axis": "y", "origin": [11, 8, 12]},
			"faces": {
				"north": {"uv": [2.5, 15, 2, 16], "texture": "#1"},
				"east": {"uv": [10, 15, 12, 16], "texture": "#1"},
				"south": {"uv": [0.5, 15, 0, 16], "texture": "#1"},
				"up": {"uv": [10, 15, 12, 16], "rotation": 270, "texture": "#1"},
				"down": {"uv": [10, 15, 12, 16], "rotation": 90, "texture": "#1", "cullface": "down"}
			}
		},
		{
			"from": [3, 11, 7],
			"to": [3.5, 12, 9],
			"rotation": {"angle": 0, "axis": "y", "origin": [11, 19, 15]},
			"faces": {
				"north": {"uv": [2.5, 15, 2, 16], "texture": "#1"},
				"east": {"uv": [7, 4, 9, 5], "texture": "#1"},
				"south": {"uv": [0.5, 15, 0, 16], "texture": "#1"},
				"up": {"uv": [7, 4, 9, 5], "rotation": 270, "texture": "#1"},
				"down": {"uv": [7, 4, 9, 5], "rotation": 90, "texture": "#1"}
			}
		},
		{
			"from": [3, 0, 7],
			"to": [3.5, 1, 9],
			"rotation": {"angle": 0, "axis": "y", "origin": [11, 8, 15]},
			"faces": {
				"north": {"uv": [2.5, 15, 2, 16], "texture": "#1"},
				"east": {"uv": [7, 15, 9, 16], "texture": "#1"},
				"south": {"uv": [0.5, 15, 0, 16], "texture": "#1"},
				"up": {"uv": [7, 15, 9, 16], "rotation": 270, "texture": "#1"},
				"down": {"uv": [7, 15, 9, 16], "rotation": 90, "texture": "#1", "cullface": "down"}
			}
		},
		{
			"from": [3, 11, 10],
			"to": [3.5, 12, 12],
			"rotation": {"angle": 0, "axis": "y", "origin": [11, 19, 18]},
			"faces": {
				"north": {"uv": [2.5, 15, 2, 16], "texture": "#1"},
				"east": {"uv": [4, 4, 6, 5], "texture": "#1"},
				"south": {"uv": [0.5, 15, 0, 16], "texture": "#1"},
				"up": {"uv": [4, 4, 6, 5], "rotation": 270, "texture": "#1"},
				"down": {"uv": [4, 4, 6, 5], "rotation": 90, "texture": "#1"}
			}
		},
		{
			"from": [3, 0, 10],
			"to": [3.5, 1, 12],
			"rotation": {"angle": 0, "axis": "y", "origin": [11, 8, 18]},
			"faces": {
				"north": {"uv": [2.5, 15, 2, 16], "texture": "#1"},
				"east": {"uv": [4, 15, 6, 16], "texture": "#1"},
				"south": {"uv": [0.5, 15, 0, 16], "texture": "#1"},
				"up": {"uv": [4, 15, 6, 16], "rotation": 270, "texture": "#1"},
				"down": {"uv": [4, 15, 6, 16], "rotation": 90, "texture": "#1", "cullface": "down"}
			}
		},
		{
			"from": [3, 11, 1],
			"to": [3.5, 12, 3],
			"rotation": {"angle": 0, "axis": "y", "origin": [11, 19, 9]},
			"faces": {
				"north": {"uv": [2.5, 15, 2, 16], "texture": "#1"},
				"east": {"uv": [1, 4, 3, 5], "texture": "#1"},
				"south": {"uv": [0.5, 15, 0, 16], "texture": "#1"},
				"up": {"uv": [1, 4, 3, 5], "rotation": 270, "texture": "#1"},
				"down": {"uv": [1, 4, 3, 5], "rotation": 90, "texture": "#1"}
			}
		},
		{
			"from": [3, 0, 1],
			"to": [3.5, 1, 3],
			"rotation": {"angle": 0, "axis": "y", "origin": [11, 8, 9]},
			"faces": {
				"north": {"uv": [2.5, 15, 2, 16], "texture": "#1"},
				"east": {"uv": [1, 15, 3, 16], "texture": "#1"},
				"south": {"uv": [0.5, 15, 0, 16], "texture": "#1"},
				"up": {"uv": [1, 15, 3, 16], "rotation": 270, "texture": "#1"},
				"down": {"uv": [1, 15, 3, 16], "rotation": 90, "texture": "#1", "cullface": "down"}
			}
		},
		{
			"from": [0, 0, 0],
			"to": [3, 16, 16],
			"faces": {
				"north": {"uv": [3, 0, 0, 16], "texture": "#1", "cullface": "north"},
				"east": {"uv": [0, 0, 16, 16], "texture": "#1"},
				"south": {"uv": [0, 0, 3, 16], "texture": "#1", "cullface": "south"},
				"west": {"uv": [16, 0, 0, 16], "texture": "#1", "cullface": "west"},
				"up": {"uv": [13, 0, 16, 16], "texture": "#1", "cullface": "up"}
			}
		}
	],
	"groups": [
		{
			"name": "door_top",
			"origin": [8, 8, 8],
			"children": [0, 1, 2, 3, 4, 5, 6, 7, 8, 9, 10, 11, 12, 13, 14, 15, 16, 17, 18, 19, 20, 21, 22, 23, 24, 25, 26, 27, 28, 29, 30]
		}
	]
}