{
	"credit": "By GORIBBY. Made with Blockbench.",
	"parent": "minecraft:block/template_orientable_trapdoor_bottom",
	"textures": {
		"particle": "block/acacia_trapdoor",
		"texture": "block/acacia_trapdoor"
	},
	"elements": [
		{
			"from": [0, 0, 3],
			"to": [2, 3, 13],
			"faces": {
				"east": {"uv": [13, 0, 3, 3], "texture": "#texture"},
				"west": {"uv": [3, 0, 13, 3], "texture": "#texture"},
				"up": {"uv": [0, 3, 2, 13], "rotation": 180, "texture": "#texture"},
				"down": {"uv": [0, 3, 2, 13], "texture": "#texture"}
			}
		},
		{
			"from": [14, 0, 3],
			"to": [16, 3, 13],
			"faces": {
				"east": {"uv": [3, 0, 13, 3], "texture": "#texture"},
				"west": {"uv": [13, 0, 3, 3], "texture": "#texture"},
				"up": {"uv": [16, 3, 14, 13], "rotation": 180, "texture": "#texture"},
				"down": {"uv": [14, 3, 16, 13], "texture": "#texture"}
			}
		},
		{
			"from": [9, 0, 3],
			"to": [12, 3, 13],
			"faces": {
				"east": {"uv": [13, 0, 3, 3], "texture": "#texture"},
				"west": {"uv": [13, 0, 3, 3], "texture": "#texture"},
				"up": {"uv": [7, 3, 4, 13], "rotation": 180, "texture": "#texture"},
				"down": {"uv": [9, 3, 12, 13], "texture": "#texture"}
			}
		},
		{
			"from": [4, 0, 3],
			"to": [7, 3, 13],
			"faces": {
				"east": {"uv": [13, 0, 3, 3], "texture": "#texture"},
				"west": {"uv": [13, 0, 3, 3], "texture": "#texture"},
				"up": {"uv": [12, 3, 9, 13], "rotation": 180, "texture": "#texture"},
				"down": {"uv": [4, 3, 7, 13], "texture": "#texture"}
			}
		},
		{
			"from": [0, 0, 13],
			"to": [16, 3, 16],
			"faces": {
				"north": {"uv": [0, 0, 16, 3], "texture": "#texture"},
				"east": {"uv": [0, 0, 3, 3], "texture": "#texture"},
				"south": {"uv": [0, 0, 16, 3], "texture": "#texture"},
				"west": {"uv": [13, 0, 16, 3], "texture": "#texture"},
				"up": {"uv": [16, 0, 0, 3], "rotation": 180, "texture": "#texture"},
				"down": {"uv": [0, 0, 16, 3], "texture": "#texture"}
			}
		},
		{
			"from": [0, 0, 0],
			"to": [16, 3, 3],
			"faces": {
				"north": {"uv": [0, 0, 16, 3], "texture": "#texture"},
				"east": {"uv": [13, 0, 16, 3], "texture": "#texture"},
				"south": {"uv": [0, 0, 16, 3], "texture": "#texture"},
				"west": {"uv": [0, 0, 3, 3], "texture": "#texture"},
				"up": {"uv": [0, 13, 16, 16], "rotation": 180, "texture": "#texture"},
				"down": {"uv": [0, 13, 16, 16], "texture": "#texture"}
			}
		},
		{
			"from": [5, 3, 0],
			"to": [11, 3.25, 2],
			"faces": {
				"north": {"uv": [5, 14.25, 11, 14], "texture": "#texture"},
				"east": {"uv": [5, 14.25, 7, 14], "texture": "#texture"},
				"south": {"uv": [5, 14.25, 11, 14], "texture": "#texture"},
				"west": {"uv": [5, 14.25, 7, 14], "texture": "#texture"},
				"up": {"uv": [5, 16, 11, 14], "texture": "#texture"}
			}
		},
		{
			"from": [5, -0.25, 0],
			"to": [11, 0, 2],
			"faces": {
				"north": {"uv": [5, 14.25, 11, 14], "texture": "#texture"},
				"east": {"uv": [5, 14.25, 7, 14], "texture": "#texture"},
				"south": {"uv": [5, 14.25, 11, 14], "texture": "#texture"},
				"west": {"uv": [5, 14.25, 7, 14], "texture": "#texture"},
				"down": {"uv": [5, 14, 11, 16], "texture": "#texture"}
			}
		}
	],
	"display": {
		"thirdperson_righthand": {
			"rotation": [75, 45, 0],
			"translation": [0, 2.5, 0],
			"scale": [0.375, 0.375, 0.375]
		},
		"thirdperson_lefthand": {
			"rotation": [75, 45, 0],
			"translation": [0, 2.5, 0],
			"scale": [0.375, 0.375, 0.375]
		},
		"firstperson_righthand": {
			"rotation": [0, 45, 0],
			"scale": [0.4, 0.4, 0.4]
		},
		"firstperson_lefthand": {
			"rotation": [0, 225, 0],
			"scale": [0.4, 0.4, 0.4]
		},
		"ground": {
			"translation": [0, 3, 0],
			"scale": [0.25, 0.25, 0.25]
		},
		"gui": {
			"rotation": [30, 225, 0],
			"scale": [0.625, 0.625, 0.625]
		},
		"fixed": {
			"scale": [0.5, 0.5, 0.5]
		}
	},
	"groups": [
		0,
		1,
		2,
		3,
		{
			"name": "group",
			"origin": [0, 0, 0],
			"color": 0,
			"children": [4, 5]
		},
		6,
		7
	]
}