{
	"credit": "Made with Blockbench",
	"parent": "minecraft:block/door_top_rh",
	"ambientocclusion": false,
	"textures": {
		"particle": "block/acacia_door_bottom",
		"bottom": "block/acacia_door_bottom"
	},
	"elements": [
		{
			"from": [0, 0, 0],
			"to": [3, 3, 16],
			"faces": {
				"north": {"uv": [16, 13, 13, 16], "texture": "#bottom", "cullface": "north"},
				"east": {"uv": [0, 13, 16, 16], "texture": "#bottom"},
				"south": {"uv": [0, 13, 3, 16], "texture": "#bottom", "cullface": "south"},
				"west": {"uv": [16, 13, 0, 16], "texture": "#bottom", "cullface": "west"},
				"up": {"uv": [0, 13, 16, 15], "rotation": 90, "texture": "#bottom"},
				"down": {"uv": [13, 0, 16, 16], "texture": "#bottom", "cullface": "down"}
			}
		},
		{
			"from": [0, 3, 0],
			"to": [3, 16, 3],
			"rotation": {"angle": 0, "axis": "y", "origin": [8, 11, 8]},
			"faces": {
				"north": {"uv": [3, 0, 0, 13], "texture": "#bottom", "cullface": "north"},
				"east": {"uv": [13, 0, 16, 13], "texture": "#bottom"},
				"south": {"uv": [1, 0, 3, 13], "texture": "#bottom"},
				"west": {"uv": [13, 0, 16, 13], "texture": "#bottom", "cullface": "west"}
			}
		},
		{
			"from": [0, 3, 13],
			"to": [3, 16, 16],
			"rotation": {"angle": 0, "axis": "y", "origin": [8, 11, 21]},
			"faces": {
				"north": {"uv": [13, 0, 16, 13], "texture": "#bottom"},
				"east": {"uv": [0, 0, 3, 13], "texture": "#bottom"},
				"south": {"uv": [0, 0, 3, 13], "texture": "#bottom", "cullface": "south"},
				"west": {"uv": [3, 0, 0, 13], "texture": "#bottom", "cullface": "west"}
			}
		},
		{
			"from": [0, 3, 9],
			"to": [3, 15, 11],
			"rotation": {"angle": 0, "axis": "y", "origin": [8, 11, 17]},
			"faces": {
				"north": {"uv": [13, 1, 16, 13], "texture": "#bottom"},
				"east": {"uv": [5, 1, 7, 13], "texture": "#bottom"},
				"south": {"uv": [1, 1, 3, 13], "texture": "#bottom"},
				"west": {"uv": [11, 1, 9, 13], "texture": "#bottom", "cullface": "west"}
			}
		},
		{
			"from": [0, 3, 5],
			"to": [3, 15, 7],
			"rotation": {"angle": 0, "axis": "y", "origin": [8, 11, 13]},
			"faces": {
				"north": {"uv": [13, 1, 16, 13], "texture": "#bottom"},
				"east": {"uv": [9, 1, 11, 13], "texture": "#bottom"},
				"south": {"uv": [1, 1, 3, 13], "texture": "#bottom"},
				"west": {"uv": [7, 1, 5, 13], "texture": "#bottom", "cullface": "west"}
			}
		},
		{
			"from": [0, 15, 3],
			"to": [3, 16, 13],
			"rotation": {"angle": 0, "axis": "y", "origin": [8, 12, 13]},
			"faces": {
				"east": {"uv": [3, 0, 13, 1], "texture": "#bottom"},
				"west": {"uv": [13, 0, 3, 1], "texture": "#bottom", "cullface": "west"},
				"down": {"uv": [3, 0, 13, 1], "rotation": 90, "texture": "#bottom"}
			}
		},
		{
			"from": [-0.5, 15, 1],
			"to": [0, 16, 2],
			"rotation": {"angle": 0, "axis": "y", "origin": [8, 23, 9]},
			"faces": {
				"north": {"uv": [14, 0, 15, 1], "texture": "#bottom", "cullface": "west"},
				"south": {"uv": [14, 0, 15, 1], "texture": "#bottom", "cullface": "west"},
				"west": {"uv": [14, 0, 15, 1], "texture": "#bottom", "cullface": "west"},
				"up": {"uv": [14, 0, 15, 1], "texture": "#bottom", "cullface": "west"},
				"down": {"uv": [14, 0, 15, 1], "texture": "#bottom", "cullface": "west"}
			}
		},
		{
			"from": [3, 15, 1],
			"to": [3.5, 16, 2],
			"rotation": {"angle": 0, "axis": "y", "origin": [11.5, 23, 9]},
			"faces": {
				"north": {"uv": [14, 0, 15, 1], "texture": "#bottom"},
				"east": {"uv": [14, 0, 15, 1], "texture": "#bottom"},
				"south": {"uv": [14, 0, 15, 1], "texture": "#bottom"},
				"up": {"uv": [14, 0, 15, 1], "texture": "#bottom", "cullface": "up"},
				"down": {"uv": [14, 0, 15, 1], "texture": "#bottom"}
			}
		}
	],
	"display": {
		"thirdperson_righthand": {
			"rotation": [75, 45, 0],
			"translation": [0, 2.5, 0],
			"scale": [0.375, 0.375, 0.375]
		},
		"thirdperson_lefthand": {
			"rotation": [75, 45, 0],
			"translation": [0, 2.5, 0],
			"scale": [0.375, 0.375, 0.375]
		},
		"firstperson_righthand": {
			"rotation": [0, 45, 0],
			"scale": [0.4, 0.4, 0.4]
		},
		"firstperson_lefthand": {
			"rotation": [0, 225, 0],
			"scale": [0.4, 0.4, 0.4]
		},
		"ground": {
			"translation": [0, 3, 0],
			"scale": [0.25, 0.25, 0.25]
		},
		"gui": {
			"rotation": [30, 225, 0],
			"scale": [0.625, 0.625, 0.625]
		},
		"fixed": {
			"scale": [0.5, 0.5, 0.5]
		}
	},
	"groups": [
		{
			"name": "door_bottom_rh",
			"origin": [8, 8, 8],
			"children": [0, 1, 2, 3, 4, 5, 6, 7]
		}
	]
}