{
	"credit": "By GORIBBY. Made with Blockbench.",
	"parent": "minecraft:block/template_orientable_trapdoor_open",
	"textures": {
		"particle": "block/acacia_trapdoor",
		"texture": "block/acacia_trapdoor"
	},
	"elements": [
		{
			"from": [0, 3, 13],
			"to": [2, 13, 16],
			"faces": {
				"north": {"uv": [0, 3, 2, 13], "rotation": 180, "texture": "#texture"},
				"east": {"uv": [13, 0, 3, 3], "rotation": 270, "texture": "#texture"},
				"south": {"uv": [0, 3, 2, 13], "rotation": 180, "texture": "#texture"},
				"west": {"uv": [3, 0, 13, 3], "rotation": 90, "texture": "#texture"}
			}
		},
		{
			"from": [14, 3, 13],
			"to": [16, 13, 16],
			"faces": {
				"north": {"uv": [14, 3, 16, 13], "rotation": 180, "texture": "#texture"},
				"east": {"uv": [3, 0, 13, 3], "rotation": 270, "texture": "#texture"},
				"south": {"uv": [16, 3, 14, 13], "rotation": 180, "texture": "#texture"},
				"west": {"uv": [13, 0, 3, 3], "rotation": 90, "texture": "#texture"}
			}
		},
		{
			"from": [9, 3, 13],
			"to": [12, 13, 16],
			"faces": {
				"north": {"uv": [9, 3, 12, 13], "rotation": 180, "texture": "#texture"},
				"east": {"uv": [13, 0, 3, 3], "rotation": 270, "texture": "#texture"},
				"south": {"uv": [7, 3, 4, 13], "rotation": 180, "texture": "#texture"},
				"west": {"uv": [13, 0, 3, 3], "rotation": 90, "texture": "#texture"}
			}
		},
		{
			"from": [4, 3, 13],
			"to": [7, 13, 16],
			"faces": {
				"north": {"uv": [4, 3, 7, 13], "rotation": 180, "texture": "#texture"},
				"east": {"uv": [13, 0, 3, 3], "rotation": 270, "texture": "#texture"},
				"south": {"uv": [12, 3, 9, 13], "rotation": 180, "texture": "#texture"},
				"west": {"uv": [13, 0, 3, 3], "rotation": 90, "texture": "#texture"}
			}
		},
		{
			"from": [0, 0, 13],
			"to": [16, 3, 16],
			"faces": {
				"north": {"uv": [0, 0, 16, 3], "rotation": 180, "texture": "#texture"},
				"east": {"uv": [0, 0, 3, 3], "rotation": 270, "texture": "#texture"},
				"south": {"uv": [16, 0, 0, 3], "rotation": 180, "texture": "#texture"},
				"west": {"uv": [13, 0, 16, 3], "rotation": 90, "texture": "#texture"},
				"up": {"uv": [0, 0, 16, 3], "rotation": 180, "texture": "#texture"},
				"down": {"uv": [0, 0, 16, 3], "texture": "#texture"}
			}
		},
		{
			"from": [0, 13, 13],
			"to": [16, 16, 16],
			"faces": {
				"north": {"uv": [0, 13, 16, 16], "rotation": 180, "texture": "#texture"},
				"east": {"uv": [13, 0, 16, 3], "rotation": 270, "texture": "#texture"},
				"south": {"uv": [0, 13, 16, 16], "rotation": 180, "texture": "#texture"},
				"west": {"uv": [0, 0, 3, 3], "rotation": 90, "texture": "#texture"},
				"up": {"uv": [0, 0, 16, 3], "rotation": 180, "texture": "#texture"},
				"down": {"uv": [0, 0, 16, 3], "texture": "#texture"}
			}
		},
		{
			"from": [5, 14, 16],
			"to": [11, 16, 16.25],
			"faces": {
				"east": {"uv": [5, 14.25, 7, 14], "rotation": 270, "texture": "#texture"},
				"south": {"uv": [5, 16, 11, 14], "texture": "#texture"},
				"west": {"uv": [5, 14.25, 7, 14], "rotation": 90, "texture": "#texture"},
				"up": {"uv": [5, 14.25, 11, 14], "rotation": 180, "texture": "#texture"},
				"down": {"uv": [5, 14.25, 11, 14], "texture": "#texture"}
			}
		},
		{
			"from": [5, 14, 12.75],
			"to": [11, 16, 13],
			"faces": {
				"north": {"uv": [5, 14, 11, 16], "rotation": 180, "texture": "#texture"},
				"east": {"uv": [5, 14.25, 7, 14], "rotation": 270, "texture": "#texture"},
				"west": {"uv": [5, 14.25, 7, 14], "rotation": 90, "texture": "#texture"},
				"up": {"uv": [5, 14.25, 11, 14], "rotation": 180, "texture": "#texture"},
				"down": {"uv": [5, 14.25, 11, 14], "texture": "#texture"}
			}
		}
	],
	"groups": [
		{
			"name": "group",
			"origin": [0, 0, 0],
			"color": 0,
			"children": [0, 1, 2, 3, 4, 5, 6, 7]
		}
	]
}