{
	"credit": "Made with Blockbench",
	"textures": {
		"0": "block/ancient_debris_side",
		"1": "block/ancient_debris_top",
		"particle": "block/ancient_debris_side"
	},
	"elements": [
		{
			"name": "base",
			"from": [0, 0, 0],
			"to": [16, 16, 16],
			"faces": {
				"north": {"uv": [0.032, 0.032, 15.968, 15.968], "texture": "#0", "cullface": "north"},
				"east": {"uv": [0.032, 0.032, 15.968, 15.968], "texture": "#0", "cullface": "east"},
				"south": {"uv": [0.032, 0.032, 15.968, 15.968], "texture": "#0", "cullface": "south"},
				"west": {"uv": [0.032, 0.032, 15.968, 15.968], "texture": "#0", "cullface": "west"},
				"up": {"uv": [0.032, 0.032, 15.968, 15.968], "texture": "#1", "cullface": "up"},
				"down": {"uv": [0.032, 0.032, 15.968, 15.968], "texture": "#1", "cullface": "down"}
			}
		},
		{
			"from": [2, 1, -0.2],
			"to": [7, 8, 0],
			"rotation": {"angle": 0, "axis": "y", "origin": [10, 9, 7]},
			"faces": {
				"north": {"uv": [9.032, 8.032, 13.968, 14.968], "texture": "#0", "cullface": "north"},
				"east": {"uv": [9.032, 8.032, 9.2, 14.968], "texture": "#0", "cullface": "north"},
				"up": {"uv": [9.032, 8.032, 13.968, 8.2], "texture": "#0", "cullface": "north"}
			}
		},
		{
			"from": [0, 4, -0.2],
			"to": [2, 8, 0],
			"rotation": {"angle": 0, "axis": "y", "origin": [8, 9, 7]},
			"faces": {
				"north": {"uv": [14.032, 8.032, 15.968, 11.968], "texture": "#0", "cullface": "north"},
				"west": {"uv": [14.032, 8.032, 14.2, 11.968], "texture": "#0", "cullface": "west"}
			}
		},
		{
			"from": [0, 0, -0.5],
			"to": [2, 4, 0],
			"faces": {
				"north": {"uv": [14.032, 12.032, 15.968, 15.968], "texture": "#0", "cullface": "north"},
				"east": {"uv": [14.032, 12.032, 14.5, 15.968], "texture": "#0", "cullface": "north"},
				"west": {"uv": [14.032, 12.032, 14.5, 15.968], "texture": "#0", "cullface": "west"},
				"up": {"uv": [14.032, 12.032, 15.968, 12.5], "texture": "#0", "cullface": "north"},
				"down": {"uv": [14.032, 12.032, 15.968, 12.5], "texture": "#0", "cullface": "down"}
			}
		},
		{
			"from": [13, 0, -0.7],
			"to": [16, 3, 0],
			"rotation": {"angle": 0, "axis": "y", "origin": [22, 8, 8]},
			"faces": {
				"north": {"uv": [0.032, 13.032, 2.968, 15.968], "texture": "#0", "cullface": "north"},
				"east": {"uv": [0.032, 13.032, 0.7, 15.968], "texture": "#0", "cullface": "north"},
				"west": {"uv": [0.032, 13.032, 0.7, 15.968], "texture": "#0", "cullface": "north"},
				"up": {"uv": [0.032, 13.032, 2.968, 13.7], "texture": "#0", "cullface": "north"},
				"down": {"uv": [0.032, 13.032, 2.968, 13.7], "texture": "#0", "cullface": "down"}
			}
		},
		{
			"from": [12, 0, -0.7],
			"to": [13, 2, 0],
			"rotation": {"angle": 0, "axis": "y", "origin": [21, 8, 8]},
			"faces": {
				"north": {"uv": [3.032, 14.032, 3.968, 15.968], "texture": "#0", "cullface": "north"},
				"west": {"uv": [3.032, 14.032, 3.7, 15.968], "texture": "#0", "cullface": "north"},
				"up": {"uv": [3.032, 14.032, 3.968, 14.7], "texture": "#0", "cullface": "north"},
				"down": {"uv": [3.032, 14.032, 3.968, 14.7], "texture": "#0", "cullface": "down"}
			}
		},
		{
			"from": [2, 0, -0.5],
			"to": [3, 1, 0],
			"rotation": {"angle": 0, "axis": "y", "origin": [9, 8, 8]},
			"faces": {
				"north": {"uv": [13.032, 15.032, 13.968, 15.968], "texture": "#0", "cullface": "north"},
				"east": {"uv": [13.032, 15.032, 13.5, 15.968], "texture": "#0", "cullface": "north"},
				"up": {"uv": [13.032, 15.032, 13.968, 15.5], "texture": "#0", "cullface": "north"},
				"down": {"uv": [13.032, 15.032, 13.968, 15.5], "texture": "#0", "cullface": "down"}
			}
		},
		{
			"from": [3, 0, -0.3],
			"to": [8, 1, 0],
			"rotation": {"angle": 0, "axis": "y", "origin": [10, 8, 8]},
			"faces": {
				"north": {"uv": [8.032, 15.032, 12.968, 15.968], "texture": "#0", "cullface": "north"},
				"east": {"uv": [8.032, 15.032, 8.3, 15.968], "texture": "#0", "cullface": "north"},
				"up": {"uv": [8.032, 15.032, 12.968, 15.3], "texture": "#0", "cullface": "north"},
				"down": {"uv": [8.032, 15.032, 12.968, 15.3], "texture": "#0", "cullface": "down"}
			}
		},
		{
			"from": [9, 0, -0.4],
			"to": [12, 5, 0],
			"rotation": {"angle": 0, "axis": "y", "origin": [18, 8, 8]},
			"faces": {
				"north": {"uv": [4.032, 11.032, 6.968, 15.968], "texture": "#0", "cullface": "north"},
				"west": {"uv": [4.032, 11.032, 4.4, 15.968], "texture": "#0", "cullface": "north"},
				"down": {"uv": [4.032, 11.032, 6.968, 11.4], "texture": "#0", "cullface": "down"}
			}
		},
		{
			"from": [11, 2, -0.4],
			"to": [13, 6, 0],
			"rotation": {"angle": 0, "axis": "y", "origin": [19, 9, 8]},
			"faces": {
				"north": {"uv": [3.032, 10.032, 4.968, 13.968], "texture": "#0", "cullface": "north"},
				"east": {"uv": [3.032, 10.032, 3.4, 13.968], "texture": "#0", "cullface": "north"}
			}
		},
		{
			"from": [13, 4, -0.4],
			"to": [14, 6, 0],
			"rotation": {"angle": 0, "axis": "y", "origin": [20, 9, 8]},
			"faces": {
				"north": {"uv": [2.032, 10.032, 2.968, 11.968], "texture": "#0", "cullface": "north"},
				"east": {"uv": [2.032, 10.032, 2.4, 11.968], "texture": "#0", "cullface": "north"},
				"up": {"uv": [2.032, 10.032, 2.968, 10.4], "texture": "#0", "cullface": "north"},
				"down": {"uv": [2.032, 10.032, 2.968, 10.4], "texture": "#0", "cullface": "north"}
			}
		},
		{
			"from": [8, 1, -0.4],
			"to": [9, 5, 0],
			"rotation": {"angle": 0, "axis": "y", "origin": [17, 8, 8]},
			"faces": {
				"north": {"uv": [7.032, 11.032, 7.968, 14.968], "texture": "#0", "cullface": "north"},
				"west": {"uv": [7.032, 11.032, 7.4, 14.968], "texture": "#0", "cullface": "north"},
				"down": {"uv": [7.032, 11.032, 7.968, 11.4], "texture": "#0", "cullface": "north"}
			}
		},
		{
			"from": [8, 5, -0.5],
			"to": [11, 11, 0],
			"rotation": {"angle": 0, "axis": "y", "origin": [16, 13, 8]},
			"faces": {
				"north": {"uv": [5.032, 5.032, 7.968, 10.968], "texture": "#0", "cullface": "north"},
				"east": {"uv": [5.032, 5.032, 5.5, 10.968], "texture": "#0", "cullface": "north"},
				"west": {"uv": [5.032, 5.032, 5.5, 10.968], "texture": "#0", "cullface": "north"},
				"up": {"uv": [5.032, 5.032, 7.968, 5.5], "texture": "#0", "cullface": "north"},
				"down": {"uv": [5.032, 5.032, 7.968, 5.5], "texture": "#0", "cullface": "north"}
			}
		},
		{
			"from": [11, 6, -0.5],
			"to": [13, 10, 0],
			"rotation": {"angle": 0, "axis": "y", "origin": [18, 13, 8]},
			"faces": {
				"north": {"uv": [3.032, 6.032, 4.968, 9.968], "texture": "#0", "cullface": "north"},
				"east": {"uv": [3.032, 6.032, 3.5, 9.968], "texture": "#0", "cullface": "north"},
				"down": {"uv": [3.032, 6.032, 4.968, 6.5], "texture": "#0", "cullface": "north"}
			}
		},
		{
			"from": [6, 6, -0.5],
			"to": [8, 10, 0],
			"rotation": {"angle": 0, "axis": "y", "origin": [13, 13, 8]},
			"faces": {
				"north": {"uv": [8.032, 6.032, 9.968, 9.968], "texture": "#0", "cullface": "north"},
				"west": {"uv": [8.032, 6.032, 8.5, 9.968], "texture": "#0", "cullface": "north"},
				"up": {"uv": [8.032, 6.032, 9.968, 6.5], "texture": "#0", "cullface": "north"},
				"down": {"uv": [8.032, 6.032, 9.968, 6.5], "texture": "#0", "cullface": "north"}
			}
		},
		{
			"from": [11, 10, -0.5],
			"to": [12, 11, 0],
			"rotation": {"angle": 0, "axis": "y", "origin": [17, 14, 8]},
			"faces": {
				"north": {"uv": [4.032, 5.032, 4.968, 5.968], "texture": "#0", "cullface": "north"}
			}
		},
		{
			"from": [0, 8, -0.5],
			"to": [5, 13, 0],
			"rotation": {"angle": 0, "axis": "y", "origin": [8, 16, 8]},
			"faces": {
				"north": {"uv": [11.032, 3.032, 15.968, 7.968], "texture": "#0", "cullface": "north"},
				"east": {"uv": [11.032, 3.032, 11.5, 7.968], "texture": "#0", "cullface": "north"},
				"west": {"uv": [11.032, 3.032, 11.5, 7.968], "texture": "#0", "cullface": "west"},
				"up": {"uv": [11.032, 3.032, 15.968, 3.5], "texture": "#0", "cullface": "north"},
				"down": {"uv": [11.032, 3.032, 15.968, 3.5], "texture": "#0", "cullface": "north"}
			}
		},
		{
			"from": [7, 12, -0.7],
			"to": [13, 14, 0],
			"rotation": {"angle": 0, "axis": "y", "origin": [15, 17, 8]},
			"faces": {
				"north": {"uv": [3.032, 2.032, 8.968, 3.968], "texture": "#0", "cullface": "north"},
				"east": {"uv": [3.032, 2.032, 3.7, 3.968], "texture": "#0", "cullface": "north"},
				"west": {"uv": [3.032, 2.032, 3.7, 3.968], "texture": "#0", "cullface": "north"},
				"up": {"uv": [3.032, 2.032, 8.968, 2.7], "texture": "#0", "cullface": "north"},
				"down": {"uv": [3.032, 2.032, 8.968, 2.7], "texture": "#0", "cullface": "north"}
			}
		},
		{
			"from": [3, 13, -0.3],
			"to": [8, 16, 0],
			"rotation": {"angle": 0, "axis": "y", "origin": [11, 18, 8]},
			"faces": {
				"north": {"uv": [8.032, 0.032, 12.968, 2.968], "texture": "#0", "cullface": "north"},
				"east": {"uv": [8.032, 0.032, 8.3, 2.968], "texture": "#0", "cullface": "north"},
				"west": {"uv": [8.032, 0.032, 8.3, 2.968], "texture": "#0", "cullface": "north"},
				"up": {"uv": [8.032, 0.032, 12.968, 0.3], "texture": "#0", "cullface": "north"},
				"down": {"uv": [8.032, 0.032, 12.968, 0.3], "texture": "#0", "cullface": "north"}
			}
		},
		{
			"from": [13, 13, -0.3],
			"to": [16, 16, 0],
			"rotation": {"angle": 0, "axis": "y", "origin": [19, 18, 8]},
			"faces": {
				"north": {"uv": [0.032, 0.032, 2.968, 2.968], "texture": "#0", "cullface": "north"},
				"east": {"uv": [0.032, 0.032, 0.3, 2.968], "texture": "#0", "cullface": "north"},
				"west": {"uv": [0.032, 0.032, 0.3, 2.968], "texture": "#0", "cullface": "north"},
				"up": {"uv": [0.032, 0.032, 2.968, 0.3], "texture": "#0", "cullface": "north"},
				"down": {"uv": [0.032, 0.032, 2.968, 0.3], "texture": "#0", "cullface": "north"}
			}
		},
		{
			"from": [0, 13, -0.3],
			"to": [2, 16, 0],
			"rotation": {"angle": 0, "axis": "y", "origin": [8, 18, 8]},
			"faces": {
				"north": {"uv": [14.032, 0.032, 15.968, 2.968], "texture": "#0", "cullface": "north"},
				"east": {"uv": [14.032, 0.032, 14.3, 2.968], "texture": "#0", "cullface": "north"},
				"west": {"uv": [14.032, 0.032, 14.3, 2.968], "texture": "#0", "cullface": "west"},
				"up": {"uv": [14.032, 0.032, 15.968, 0.3], "texture": "#0", "cullface": "north"}
			}
		},
		{
			"from": [2, 13, -0.3],
			"to": [3, 15, 0],
			"rotation": {"angle": 0, "axis": "y", "origin": [9, 18, 8]},
			"faces": {
				"north": {"uv": [13.032, 1.032, 13.968, 2.968], "texture": "#0", "cullface": "north"},
				"up": {"uv": [13.032, 1.032, 13.968, 1.3], "texture": "#0", "cullface": "north"}
			}
		},
		{
			"from": [9, 14, -0.7],
			"to": [13, 15, 0],
			"rotation": {"angle": 0, "axis": "y", "origin": [15, 18, 8]},
			"faces": {
				"north": {"uv": [3.032, 1.032, 6.968, 1.968], "texture": "#0", "cullface": "north"},
				"east": {"uv": [3.032, 1.032, 3.7, 1.968], "texture": "#0", "cullface": "north"},
				"west": {"uv": [3.032, 1.032, 3.7, 1.968], "texture": "#0", "cullface": "north"},
				"up": {"uv": [3.032, 1.032, 6.968, 1.7], "texture": "#0", "cullface": "north"}
			}
		},
		{
			"from": [9, 11, -0.7],
			"to": [15, 13, 0],
			"rotation": {"angle": 0, "axis": "y", "origin": [17, 16, 8]},
			"faces": {
				"north": {"uv": [1.032, 3.032, 6.968, 4.968], "texture": "#0", "cullface": "north"},
				"east": {"uv": [1.032, 3.032, 1.7, 4.968], "texture": "#0", "cullface": "north"},
				"west": {"uv": [1.032, 3.032, 1.7, 4.968], "texture": "#0", "cullface": "north"},
				"up": {"uv": [1.032, 3.032, 6.968, 3.7], "texture": "#0", "cullface": "north"},
				"down": {"uv": [1.032, 3.032, 6.968, 3.7], "texture": "#0", "cullface": "north"}
			}
		},
		{
			"from": [12, 10, -0.7],
			"to": [15, 11, 0],
			"rotation": {"angle": 0, "axis": "y", "origin": [17, 15, 8]},
			"faces": {
				"north": {"uv": [1.032, 5.032, 3.968, 5.968], "texture": "#0", "cullface": "north"},
				"east": {"uv": [1.032, 5.032, 1.7, 5.968], "texture": "#0", "cullface": "north"},
				"west": {"uv": [1.032, 5.032, 1.7, 5.968], "texture": "#0", "cullface": "north"},
				"down": {"uv": [1.032, 5.032, 3.968, 5.7], "texture": "#0", "cullface": "north"}
			}
		},
		{
			"from": [5, 9, -0.5],
			"to": [6, 12, 0],
			"rotation": {"angle": 0, "axis": "y", "origin": [9, 16, 8]},
			"faces": {
				"north": {"uv": [10.032, 4.032, 10.968, 6.968], "texture": "#0", "cullface": "north"},
				"east": {"uv": [10.032, 4.032, 10.5, 6.968], "texture": "#0", "cullface": "north"},
				"up": {"uv": [10.032, 4.032, 10.968, 4.5], "texture": "#0", "cullface": "north"},
				"down": {"uv": [10.032, 4.032, 10.968, 4.5], "texture": "#0", "cullface": "north"}
			}
		},
		{
			"from": [-0.181, 1, 9.001],
			"to": [0.019, 8, 14.001],
			"rotation": {"angle": 0, "axis": "y", "origin": [8.21, 7.74, -0.234]},
			"faces": {
				"north": {"uv": [9.032, 8.032, 9.2, 14.968], "texture": "#0", "cullface": "west"},
				"west": {"uv": [9.032, 8.032, 13.968, 14.968], "texture": "#0", "cullface": "west"},
				"up": {"uv": [9.032, 8.032, 13.968, 8.2], "rotation": 270, "texture": "#0", "cullface": "west"}
			}
		},
		{
			"from": [-0.181, 4, 14.001],
			"to": [0.019, 8, 16.001],
			"rotation": {"angle": 0, "axis": "y", "origin": [8.21, 7.74, -0.234]},
			"faces": {
				"south": {"uv": [14.032, 8.032, 14.2, 11.968], "texture": "#0", "cullface": "south"},
				"west": {"uv": [14.032, 8.032, 15.968, 11.968], "texture": "#0", "cullface": "west"}
			}
		},
		{
			"from": [-0.481, 0, 14.001],
			"to": [0.019, 4, 16.001],
			"rotation": {"angle": 0, "axis": "y", "origin": [8.21, 7.74, -0.234]},
			"faces": {
				"north": {"uv": [14.032, 12.032, 14.5, 15.968], "texture": "#0", "cullface": "west"},
				"south": {"uv": [14.032, 12.032, 14.5, 15.968], "texture": "#0", "cullface": "south"},
				"west": {"uv": [14.032, 12.032, 15.968, 15.968], "texture": "#0", "cullface": "west"},
				"up": {"uv": [14.032, 12.032, 15.968, 12.5], "rotation": 270, "texture": "#0", "cullface": "west"},
				"down": {"uv": [14.032, 12.032, 15.968, 12.5], "rotation": 90, "texture": "#0", "cullface": "west"}
			}
		},
		{
			"from": [-0.681, 0, 0.001],
			"to": [0.019, 3, 3.001],
			"rotation": {"angle": 0, "axis": "y", "origin": [8.21, 7.74, -0.234]},
			"faces": {
				"north": {"uv": [0.032, 13.032, 0.7, 15.968], "texture": "#0", "cullface": "west"},
				"south": {"uv": [0.032, 13.032, 0.7, 15.968], "texture": "#0", "cullface": "west"},
				"west": {"uv": [0.032, 13.032, 2.968, 15.968], "texture": "#0", "cullface": "west"},
				"up": {"uv": [0.032, 13.032, 2.968, 13.7], "rotation": 270, "texture": "#0", "cullface": "west"},
				"down": {"uv": [0.032, 13.032, 2.968, 13.7], "rotation": 90, "texture": "#0", "cullface": "west"}
			}
		},
		{
			"from": [-0.681, 0, 3.001],
			"to": [0.019, 2, 4.001],
			"rotation": {"angle": 0, "axis": "y", "origin": [8.21, 7.74, -0.234]},
			"faces": {
				"south": {"uv": [3.032, 14.032, 3.7, 15.968], "texture": "#0", "cullface": "west"},
				"west": {"uv": [3.032, 14.032, 3.968, 15.968], "texture": "#0", "cullface": "west"},
				"up": {"uv": [3.032, 14.032, 3.968, 14.7], "rotation": 270, "texture": "#0", "cullface": "west"},
				"down": {"uv": [3.032, 14.032, 3.968, 14.7], "rotation": 90, "texture": "#0", "cullface": "west"}
			}
		},
		{
			"from": [-0.481, 0, 13.001],
			"to": [0.019, 1, 14.001],
			"rotation": {"angle": 0, "axis": "y", "origin": [8.21, 7.74, -0.234]},
			"faces": {
				"north": {"uv": [13.032, 15.032, 13.5, 15.968], "texture": "#0", "cullface": "west"},
				"west": {"uv": [13.032, 15.032, 13.968, 15.968], "texture": "#0", "cullface": "west"},
				"up": {"uv": [13.032, 15.032, 13.968, 15.5], "rotation": 270, "texture": "#0", "cullface": "west"},
				"down": {"uv": [13.032, 15.032, 13.968, 15.5], "rotation": 90, "texture": "#0", "cullface": "west"}
			}
		},
		{
			"from": [-0.281, 0, 8.001],
			"to": [0.019, 1, 13.001],
			"rotation": {"angle": 0, "axis": "y", "origin": [8.21, 7.74, -0.234]},
			"faces": {
				"north": {"uv": [8.032, 15.032, 8.3, 15.968], "texture": "#0", "cullface": "west"},
				"west": {"uv": [8.032, 15.032, 12.968, 15.968], "texture": "#0", "cullface": "west"},
				"up": {"uv": [8.032, 15.032, 12.968, 15.3], "rotation": 270, "texture": "#0", "cullface": "west"},
				"down": {"uv": [8.032, 15.032, 12.968, 15.3], "rotation": 90, "texture": "#0", "cullface": "west"}
			}
		},
		{
			"from": [-0.381, 0, 4.001],
			"to": [0.019, 5, 7.001],
			"rotation": {"angle": 0, "axis": "y", "origin": [8.21, 7.74, -0.234]},
			"faces": {
				"south": {"uv": [4.032, 11.032, 4.4, 15.968], "texture": "#0", "cullface": "west"},
				"west": {"uv": [4.032, 11.032, 6.968, 15.968], "texture": "#0", "cullface": "west"},
				"down": {"uv": [4.032, 11.032, 6.968, 11.4], "rotation": 90, "texture": "#0", "cullface": "west"}
			}
		},
		{
			"from": [-0.381, 2, 3.001],
			"to": [0.019, 6, 5.001],
			"rotation": {"angle": 0, "axis": "y", "origin": [8.21, 7.74, -0.234]},
			"faces": {
				"north": {"uv": [3.032, 10.032, 3.4, 13.968], "texture": "#0", "cullface": "west"},
				"west": {"uv": [3.032, 10.032, 4.968, 13.968], "texture": "#0", "cullface": "west"}
			}
		},
		{
			"from": [-0.381, 4, 2.001],
			"to": [0.019, 6, 3.001],
			"rotation": {"angle": 0, "axis": "y", "origin": [8.21, 7.74, -0.234]},
			"faces": {
				"north": {"uv": [2.032, 10.032, 2.4, 11.968], "texture": "#0", "cullface": "west"},
				"west": {"uv": [2.032, 10.032, 2.968, 11.968], "texture": "#0", "cullface": "west"},
				"up": {"uv": [2.032, 10.032, 2.968, 10.4], "rotation": 270, "texture": "#0", "cullface": "west"},
				"down": {"uv": [2.032, 10.032, 2.968, 10.4], "rotation": 90, "texture": "#0", "cullface": "west"}
			}
		},
		{
			"from": [-0.381, 1, 7.001],
			"to": [0.019, 5, 8.001],
			"rotation": {"angle": 0, "axis": "y", "origin": [8.21, 7.74, -0.234]},
			"faces": {
				"south": {"uv": [7.032, 11.032, 7.4, 14.968], "texture": "#0", "cullface": "west"},
				"west": {"uv": [7.032, 11.032, 7.968, 14.968], "texture": "#0", "cullface": "west"},
				"down": {"uv": [7.032, 11.032, 7.968, 11.4], "rotation": 90, "texture": "#0", "cullface": "west"}
			}
		},
		{
			"from": [-0.481, 5, 5.001],
			"to": [0.019, 11, 8.001],
			"rotation": {"angle": 0, "axis": "y", "origin": [8.21, 7.74, -0.234]},
			"faces": {
				"north": {"uv": [5.032, 5.032, 5.5, 10.968], "texture": "#0", "cullface": "west"},
				"south": {"uv": [5.032, 5.032, 5.5, 10.968], "texture": "#0", "cullface": "west"},
				"west": {"uv": [5.032, 5.032, 7.968, 10.968], "texture": "#0", "cullface": "west"},
				"up": {"uv": [5.032, 5.032, 7.968, 5.5], "rotation": 270, "texture": "#0", "cullface": "west"},
				"down": {"uv": [5.032, 5.032, 7.968, 5.5], "rotation": 90, "texture": "#0", "cullface": "west"}
			}
		},
		{
			"from": [-0.481, 6, 3.001],
			"to": [0.019, 10, 5.001],
			"rotation": {"angle": 0, "axis": "y", "origin": [8.21, 7.74, -0.234]},
			"faces": {
				"north": {"uv": [3.032, 6.032, 3.5, 9.968], "texture": "#0", "cullface": "west"},
				"west": {"uv": [3.032, 6.032, 4.968, 9.968], "texture": "#0", "cullface": "west"},
				"down": {"uv": [3.032, 6.032, 4.968, 6.5], "rotation": 90, "texture": "#0", "cullface": "west"}
			}
		},
		{
			"from": [-0.481, 6, 8.001],
			"to": [0.019, 10, 10.001],
			"rotation": {"angle": 0, "axis": "y", "origin": [8.21, 7.74, -0.234]},
			"faces": {
				"south": {"uv": [8.032, 6.032, 8.5, 9.968], "texture": "#0", "cullface": "west"},
				"west": {"uv": [8.032, 6.032, 9.968, 9.968], "texture": "#0", "cullface": "west"},
				"up": {"uv": [8.032, 6.032, 9.968, 6.5], "rotation": 270, "texture": "#0", "cullface": "west"},
				"down": {"uv": [8.032, 6.032, 9.968, 6.5], "rotation": 90, "texture": "#0", "cullface": "west"}
			}
		},
		{
			"from": [-0.481, 10, 4.001],
			"to": [0.019, 11, 5.001],
			"rotation": {"angle": 0, "axis": "y", "origin": [8.21, 7.74, -0.234]},
			"faces": {
				"west": {"uv": [4.032, 5.032, 4.968, 5.968], "texture": "#0", "cullface": "west"}
			}
		},
		{
			"from": [-0.481, 8, 11.001],
			"to": [0.019, 13, 16.001],
			"rotation": {"angle": 0, "axis": "y", "origin": [8.21, 7.74, -0.234]},
			"faces": {
				"north": {"uv": [11.032, 3.032, 11.5, 7.968], "texture": "#0", "cullface": "west"},
				"south": {"uv": [11.032, 3.032, 11.5, 7.968], "texture": "#0", "cullface": "south"},
				"west": {"uv": [11.032, 3.032, 15.968, 7.968], "texture": "#0", "cullface": "west"},
				"up": {"uv": [11.032, 3.032, 15.968, 3.5], "rotation": 270, "texture": "#0", "cullface": "west"},
				"down": {"uv": [11.032, 3.032, 15.968, 3.5], "rotation": 90, "texture": "#0", "cullface": "west"}
			}
		},
		{
			"from": [-0.681, 12, 3.001],
			"to": [0.019, 14, 9.001],
			"rotation": {"angle": 0, "axis": "y", "origin": [8.21, 7.74, -0.234]},
			"faces": {
				"north": {"uv": [3.032, 2.032, 3.7, 3.968], "texture": "#0", "cullface": "west"},
				"south": {"uv": [3.032, 2.032, 3.7, 3.968], "texture": "#0", "cullface": "west"},
				"west": {"uv": [3.032, 2.032, 8.968, 3.968], "texture": "#0", "cullface": "west"},
				"up": {"uv": [3.032, 2.032, 8.968, 2.7], "rotation": 270, "texture": "#0", "cullface": "west"},
				"down": {"uv": [3.032, 2.032, 8.968, 2.7], "rotation": 90, "texture": "#0", "cullface": "west"}
			}
		},
		{
			"from": [-0.281, 13, 8.001],
			"to": [0.019, 16, 13.001],
			"rotation": {"angle": 0, "axis": "y", "origin": [8.21, 7.74, -0.234]},
			"faces": {
				"north": {"uv": [8.032, 0.032, 8.3, 2.968], "texture": "#0", "cullface": "west"},
				"south": {"uv": [8.032, 0.032, 8.3, 2.968], "texture": "#0", "cullface": "west"},
				"west": {"uv": [8.032, 0.032, 12.968, 2.968], "texture": "#0", "cullface": "west"},
				"up": {"uv": [8.032, 0.032, 12.968, 0.3], "rotation": 270, "texture": "#0", "cullface": "west"},
				"down": {"uv": [8.032, 0.032, 12.968, 0.3], "rotation": 90, "texture": "#0", "cullface": "west"}
			}
		},
		{
			"from": [-0.281, 13, 0.001],
			"to": [0.019, 16, 3.001],
			"rotation": {"angle": 0, "axis": "y", "origin": [8.21, 7.74, -0.234]},
			"faces": {
				"north": {"uv": [0.032, 0.032, 0.3, 2.968], "texture": "#0", "cullface": "west"},
				"south": {"uv": [0.032, 0.032, 0.3, 2.968], "texture": "#0", "cullface": "west"},
				"west": {"uv": [0.032, 0.032, 2.968, 2.968], "texture": "#0", "cullface": "west"},
				"up": {"uv": [0.032, 0.032, 2.968, 0.3], "rotation": 270, "texture": "#0", "cullface": "west"},
				"down": {"uv": [0.032, 0.032, 2.968, 0.3], "rotation": 90, "texture": "#0", "cullface": "west"}
			}
		},
		{
			"from": [-0.281, 13, 14.001],
			"to": [0.019, 16, 16.001],
			"rotation": {"angle": 0, "axis": "y", "origin": [8.21, 7.74, -0.234]},
			"faces": {
				"north": {"uv": [14.032, 0.032, 14.3, 2.968], "texture": "#0", "cullface": "west"},
				"south": {"uv": [14.032, 0.032, 14.3, 2.968], "texture": "#0", "cullface": "west"},
				"west": {"uv": [14.032, 0.032, 15.968, 2.968], "texture": "#0", "cullface": "west"},
				"up": {"uv": [14.032, 0.032, 15.968, 0.3], "rotation": 270, "texture": "#0", "cullface": "west"}
			}
		},
		{
			"from": [-0.281, 13, 13.001],
			"to": [0.019, 15, 14.001],
			"rotation": {"angle": 0, "axis": "y", "origin": [8.21, 7.74, -0.234]},
			"faces": {
				"west": {"uv": [13.032, 1.032, 13.968, 2.968], "texture": "#0", "cullface": "west"},
				"up": {"uv": [13.032, 1.032, 13.968, 1.3], "rotation": 270, "texture": "#0", "cullface": "west"}
			}
		},
		{
			"from": [-0.681, 14, 3.001],
			"to": [0.019, 15, 7.001],
			"rotation": {"angle": 0, "axis": "y", "origin": [8.21, 7.74, -0.234]},
			"faces": {
				"north": {"uv": [3.032, 1.032, 3.7, 1.968], "texture": "#0", "cullface": "west"},
				"south": {"uv": [3.032, 1.032, 3.7, 1.968], "texture": "#0", "cullface": "west"},
				"west": {"uv": [3.032, 1.032, 6.968, 1.968], "texture": "#0", "cullface": "west"},
				"up": {"uv": [3.032, 1.032, 6.968, 1.7], "rotation": 270, "texture": "#0", "cullface": "west"}
			}
		},
		{
			"from": [-0.681, 11, 1.001],
			"to": [0.019, 13, 7.001],
			"rotation": {"angle": 0, "axis": "y", "origin": [8.21, 7.74, -0.234]},
			"faces": {
				"north": {"uv": [1.032, 3.032, 1.7, 4.968], "texture": "#0", "cullface": "west"},
				"south": {"uv": [1.032, 3.032, 1.7, 4.968], "texture": "#0", "cullface": "west"},
				"west": {"uv": [1.032, 3.032, 6.968, 4.968], "texture": "#0", "cullface": "west"},
				"up": {"uv": [1.032, 3.032, 6.968, 3.7], "rotation": 270, "texture": "#0", "cullface": "west"},
				"down": {"uv": [1.032, 3.032, 6.968, 3.7], "rotation": 90, "texture": "#0", "cullface": "west"}
			}
		},
		{
			"from": [-0.681, 10, 1.001],
			"to": [0.019, 11, 4.001],
			"rotation": {"angle": 0, "axis": "y", "origin": [8.21, 7.74, -0.234]},
			"faces": {
				"north": {"uv": [1.032, 5.032, 1.7, 5.968], "texture": "#0", "cullface": "west"},
				"south": {"uv": [1.032, 5.032, 1.7, 5.968], "texture": "#0", "cullface": "west"},
				"west": {"uv": [1.032, 5.032, 3.968, 5.968], "texture": "#0", "cullface": "west"},
				"down": {"uv": [1.032, 5.032, 3.968, 5.7], "rotation": 90, "texture": "#0", "cullface": "west"}
			}
		},
		{
			"from": [-0.481, 9, 10.001],
			"to": [0.019, 12, 11.001],
			"rotation": {"angle": 0, "axis": "y", "origin": [8.21, 7.74, -0.234]},
			"faces": {
				"north": {"uv": [10.032, 4.032, 10.5, 6.968], "texture": "#0", "cullface": "west"},
				"west": {"uv": [10.032, 4.032, 10.968, 6.968], "texture": "#0", "cullface": "west"},
				"up": {"uv": [10.032, 4.032, 10.968, 4.5], "rotation": 270, "texture": "#0", "cullface": "west"},
				"down": {"uv": [10.032, 4.032, 10.968, 4.5], "rotation": 90, "texture": "#0", "cullface": "west"}
			}
		},
		{
			"from": [8.895, 1, 16],
			"to": [13.895, 8, 16.2],
			"rotation": {"angle": 0, "axis": "y", "origin": [-0.265, 7.74, 7.841]},
			"faces": {
				"south": {"uv": [9.032, 8.032, 13.968, 14.968], "texture": "#0", "cullface": "south"},
				"west": {"uv": [9.032, 8.032, 9.2, 14.968], "texture": "#0", "cullface": "south"},
				"up": {"uv": [9.032, 8.032, 13.968, 8.2], "rotation": 180, "texture": "#0", "cullface": "south"}
			}
		},
		{
			"from": [13.895, 4, 16],
			"to": [15.895, 8, 16.2],
			"rotation": {"angle": 0, "axis": "y", "origin": [-0.265, 7.74, 7.841]},
			"faces": {
				"east": {"uv": [14.032, 8.032, 14.2, 11.968], "texture": "#0", "cullface": "south"},
				"south": {"uv": [14.032, 8.032, 15.968, 11.968], "texture": "#0", "cullface": "south"}
			}
		},
		{
			"from": [13.895, 0, 16],
			"to": [15.895, 4, 16.5],
			"rotation": {"angle": 0, "axis": "y", "origin": [-0.265, 7.74, 7.841]},
			"faces": {
				"east": {"uv": [14.032, 12.032, 14.5, 15.968], "texture": "#0", "cullface": "south"},
				"south": {"uv": [14.032, 12.032, 15.968, 15.968], "texture": "#0", "cullface": "south"},
				"west": {"uv": [14.032, 12.032, 14.5, 15.968], "texture": "#0", "cullface": "south"},
				"up": {"uv": [14.032, 12.032, 15.968, 12.5], "rotation": 180, "texture": "#0", "cullface": "south"},
				"down": {"uv": [14.032, 12.032, 15.968, 12.5], "rotation": 180, "texture": "#0", "cullface": "down"}
			}
		},
		{
			"from": [-0.105, 0, 16],
			"to": [2.895, 3, 16.7],
			"rotation": {"angle": 0, "axis": "y", "origin": [-0.265, 7.74, 7.841]},
			"faces": {
				"east": {"uv": [0.032, 13.032, 0.7, 15.968], "texture": "#0", "cullface": "south"},
				"south": {"uv": [0.032, 13.032, 2.968, 15.968], "texture": "#0", "cullface": "south"},
				"west": {"uv": [0.032, 13.032, 0.7, 15.968], "texture": "#0", "cullface": "west"},
				"up": {"uv": [0.032, 13.032, 2.968, 13.7], "rotation": 180, "texture": "#0", "cullface": "south"},
				"down": {"uv": [0.032, 13.032, 2.968, 13.7], "rotation": 180, "texture": "#0", "cullface": "down"}
			}
		},
		{
			"from": [2.895, 0, 16],
			"to": [3.895, 2, 16.7],
			"rotation": {"angle": 0, "axis": "y", "origin": [-0.265, 7.74, 7.841]},
			"faces": {
				"east": {"uv": [3.032, 14.032, 3.7, 15.968], "texture": "#0", "cullface": "south"},
				"south": {"uv": [3.032, 14.032, 3.968, 15.968], "texture": "#0", "cullface": "south"},
				"up": {"uv": [3.032, 14.032, 3.968, 14.7], "rotation": 180, "texture": "#0", "cullface": "south"},
				"down": {"uv": [3.032, 14.032, 3.968, 14.7], "rotation": 180, "texture": "#0", "cullface": "down"}
			}
		},
		{
			"from": [12.895, 0, 16],
			"to": [13.895, 1, 16.5],
			"rotation": {"angle": 0, "axis": "y", "origin": [-0.265, 7.74, 7.841]},
			"faces": {
				"south": {"uv": [13.032, 15.032, 13.968, 15.968], "texture": "#0", "cullface": "south"},
				"west": {"uv": [13.032, 15.032, 13.5, 15.968], "texture": "#0", "cullface": "south"},
				"up": {"uv": [13.032, 15.032, 13.968, 15.5], "rotation": 180, "texture": "#0", "cullface": "south"},
				"down": {"uv": [13.032, 15.032, 13.968, 15.5], "rotation": 180, "texture": "#0", "cullface": "down"}
			}
		},
		{
			"from": [7.895, 0, 16],
			"to": [12.895, 1, 16.3],
			"rotation": {"angle": 0, "axis": "y", "origin": [-0.265, 7.74, 7.841]},
			"faces": {
				"south": {"uv": [8.032, 15.032, 12.968, 15.968], "texture": "#0", "cullface": "south"},
				"west": {"uv": [8.032, 15.032, 8.3, 15.968], "texture": "#0", "cullface": "south"},
				"up": {"uv": [8.032, 15.032, 12.968, 15.3], "rotation": 180, "texture": "#0", "cullface": "south"},
				"down": {"uv": [8.032, 15.032, 12.968, 15.3], "rotation": 180, "texture": "#0", "cullface": "down"}
			}
		},
		{
			"from": [3.895, 0, 16],
			"to": [6.895, 5, 16.4],
			"rotation": {"angle": 0, "axis": "y", "origin": [-0.265, 7.74, 7.841]},
			"faces": {
				"east": {"uv": [4.032, 11.032, 4.4, 15.968], "texture": "#0", "cullface": "south"},
				"south": {"uv": [4.032, 11.032, 6.968, 15.968], "texture": "#0", "cullface": "south"},
				"down": {"uv": [4.032, 11.032, 6.968, 11.4], "rotation": 180, "texture": "#0", "cullface": "down"}
			}
		},
		{
			"from": [2.895, 2, 16],
			"to": [4.895, 6, 16.4],
			"rotation": {"angle": 0, "axis": "y", "origin": [-0.265, 7.74, 7.841]},
			"faces": {
				"south": {"uv": [3.032, 10.032, 4.968, 13.968], "texture": "#0", "cullface": "south"},
				"west": {"uv": [3.032, 10.032, 3.4, 13.968], "texture": "#0", "cullface": "south"}
			}
		},
		{
			"from": [1.895, 4, 16],
			"to": [2.895, 6, 16.4],
			"rotation": {"angle": 0, "axis": "y", "origin": [-0.265, 7.74, 7.841]},
			"faces": {
				"south": {"uv": [2.032, 10.032, 2.968, 11.968], "texture": "#0", "cullface": "south"},
				"west": {"uv": [2.032, 10.032, 2.4, 11.968], "texture": "#0", "cullface": "south"},
				"up": {"uv": [2.032, 10.032, 2.968, 10.4], "rotation": 180, "texture": "#0", "cullface": "south"},
				"down": {"uv": [2.032, 10.032, 2.968, 10.4], "rotation": 180, "texture": "#0", "cullface": "south"}
			}
		},
		{
			"from": [6.895, 1, 16],
			"to": [7.895, 5, 16.4],
			"rotation": {"angle": 0, "axis": "y", "origin": [-0.265, 7.74, 7.841]},
			"faces": {
				"east": {"uv": [7.032, 11.032, 7.4, 14.968], "texture": "#0", "cullface": "south"},
				"south": {"uv": [7.032, 11.032, 7.968, 14.968], "texture": "#0", "cullface": "south"},
				"down": {"uv": [7.032, 11.032, 7.968, 11.4], "rotation": 180, "texture": "#0", "cullface": "south"}
			}
		},
		{
			"from": [4.895, 5, 16],
			"to": [7.895, 11, 16.5],
			"rotation": {"angle": 0, "axis": "y", "origin": [-0.265, 7.74, 7.841]},
			"faces": {
				"east": {"uv": [5.032, 5.032, 5.5, 10.968], "texture": "#0", "cullface": "south"},
				"south": {"uv": [5.032, 5.032, 7.968, 10.968], "texture": "#0", "cullface": "south"},
				"west": {"uv": [5.032, 5.032, 5.5, 10.968], "texture": "#0", "cullface": "south"},
				"up": {"uv": [5.032, 5.032, 7.968, 5.5], "rotation": 180, "texture": "#0", "cullface": "south"},
				"down": {"uv": [5.032, 5.032, 7.968, 5.5], "rotation": 180, "texture": "#0", "cullface": "south"}
			}
		},
		{
			"from": [2.895, 6, 16],
			"to": [4.895, 10, 16.5],
			"rotation": {"angle": 0, "axis": "y", "origin": [-0.265, 7.74, 7.841]},
			"faces": {
				"south": {"uv": [3.032, 6.032, 4.968, 9.968], "texture": "#0", "cullface": "south"},
				"west": {"uv": [3.032, 6.032, 3.5, 9.968], "texture": "#0", "cullface": "south"},
				"down": {"uv": [3.032, 6.032, 4.968, 6.5], "rotation": 180, "texture": "#0", "cullface": "south"}
			}
		},
		{
			"from": [7.895, 6, 16],
			"to": [9.895, 10, 16.5],
			"rotation": {"angle": 0, "axis": "y", "origin": [-0.265, 7.74, 7.841]},
			"faces": {
				"east": {"uv": [8.032, 6.032, 8.5, 9.968], "texture": "#0", "cullface": "south"},
				"south": {"uv": [8.032, 6.032, 9.968, 9.968], "texture": "#0", "cullface": "south"},
				"up": {"uv": [8.032, 6.032, 9.968, 6.5], "rotation": 180, "texture": "#0", "cullface": "south"},
				"down": {"uv": [8.032, 6.032, 9.968, 6.5], "rotation": 180, "texture": "#0", "cullface": "south"}
			}
		},
		{
			"from": [3.895, 10, 16],
			"to": [4.895, 11, 16.5],
			"rotation": {"angle": 0, "axis": "y", "origin": [-0.265, 7.74, 7.841]},
			"faces": {
				"south": {"uv": [4.032, 5.032, 4.968, 5.968], "texture": "#0", "cullface": "south"}
			}
		},
		{
			"from": [10.895, 8, 16],
			"to": [15.895, 13, 16.5],
			"rotation": {"angle": 0, "axis": "y", "origin": [-0.265, 7.74, 7.841]},
			"faces": {
				"east": {"uv": [11.032, 3.032, 11.5, 7.968], "texture": "#0", "cullface": "south"},
				"south": {"uv": [11.032, 3.032, 15.968, 7.968], "texture": "#0", "cullface": "south"},
				"west": {"uv": [11.032, 3.032, 11.5, 7.968], "texture": "#0", "cullface": "south"},
				"up": {"uv": [11.032, 3.032, 15.968, 3.5], "rotation": 180, "texture": "#0", "cullface": "south"},
				"down": {"uv": [11.032, 3.032, 15.968, 3.5], "rotation": 180, "texture": "#0", "cullface": "south"}
			}
		},
		{
			"from": [2.895, 12, 16],
			"to": [8.895, 14, 16.7],
			"rotation": {"angle": 0, "axis": "y", "origin": [-0.265, 7.74, 7.841]},
			"faces": {
				"east": {"uv": [3.032, 2.032, 3.7, 3.968], "texture": "#0", "cullface": "south"},
				"south": {"uv": [3.032, 2.032, 8.968, 3.968], "texture": "#0", "cullface": "south"},
				"west": {"uv": [3.032, 2.032, 3.7, 3.968], "texture": "#0", "cullface": "south"},
				"up": {"uv": [3.032, 2.032, 8.968, 2.7], "rotation": 180, "texture": "#0", "cullface": "south"},
				"down": {"uv": [3.032, 2.032, 8.968, 2.7], "rotation": 180, "texture": "#0", "cullface": "south"}
			}
		},
		{
			"from": [7.895, 13, 16],
			"to": [12.895, 16, 16.3],
			"rotation": {"angle": 0, "axis": "y", "origin": [-0.265, 7.74, 7.841]},
			"faces": {
				"east": {"uv": [8.032, 0.032, 8.3, 2.968], "texture": "#0", "cullface": "south"},
				"south": {"uv": [8.032, 0.032, 12.968, 2.968], "texture": "#0", "cullface": "south"},
				"west": {"uv": [8.032, 0.032, 8.3, 2.968], "texture": "#0", "cullface": "south"},
				"up": {"uv": [8.032, 0.032, 12.968, 0.3], "rotation": 180, "texture": "#0", "cullface": "up"},
				"down": {"uv": [8.032, 0.032, 12.968, 0.3], "rotation": 180, "texture": "#0", "cullface": "south"}
			}
		},
		{
			"from": [-0.105, 13, 16],
			"to": [2.895, 16, 16.3],
			"rotation": {"angle": 0, "axis": "y", "origin": [-0.265, 7.74, 7.841]},
			"faces": {
				"east": {"uv": [0.032, 0.032, 0.3, 2.968], "texture": "#0", "cullface": "south"},
				"south": {"uv": [0.032, 0.032, 2.968, 2.968], "texture": "#0", "cullface": "south"},
				"west": {"uv": [0.032, 0.032, 0.3, 2.968], "texture": "#0", "cullface": "west"},
				"up": {"uv": [0.032, 0.032, 2.968, 0.3], "rotation": 180, "texture": "#0", "cullface": "up"},
				"down": {"uv": [0.032, 0.032, 2.968, 0.3], "rotation": 180, "texture": "#0", "cullface": "south"}
			}
		},
		{
			"from": [13.895, 13, 16],
			"to": [15.895, 16, 16.3],
			"rotation": {"angle": 0, "axis": "y", "origin": [-0.265, 7.74, 7.841]},
			"faces": {
				"east": {"uv": [14.032, 0.032, 14.3, 2.968], "texture": "#0", "cullface": "south"},
				"south": {"uv": [14.032, 0.032, 15.968, 2.968], "texture": "#0", "cullface": "south"},
				"west": {"uv": [14.032, 0.032, 14.3, 2.968], "texture": "#0", "cullface": "south"},
				"up": {"uv": [14.032, 0.032, 15.968, 0.3], "rotation": 180, "texture": "#0", "cullface": "up"}
			}
		},
		{
			"from": [12.895, 13, 16],
			"to": [13.895, 15, 16.3],
			"rotation": {"angle": 0, "axis": "y", "origin": [-0.265, 7.74, 7.841]},
			"faces": {
				"south": {"uv": [13.032, 1.032, 13.968, 2.968], "texture": "#0", "cullface": "south"},
				"up": {"uv": [13.032, 1.032, 13.968, 1.3], "rotation": 180, "texture": "#0", "cullface": "south"}
			}
		},
		{
			"from": [2.895, 14, 16],
			"to": [6.895, 15, 16.7],
			"rotation": {"angle": 0, "axis": "y", "origin": [-0.265, 7.74, 7.841]},
			"faces": {
				"east": {"uv": [3.032, 1.032, 3.7, 1.968], "texture": "#0", "cullface": "south"},
				"south": {"uv": [3.032, 1.032, 6.968, 1.968], "texture": "#0", "cullface": "south"},
				"west": {"uv": [3.032, 1.032, 3.7, 1.968], "texture": "#0", "cullface": "south"},
				"up": {"uv": [3.032, 1.032, 6.968, 1.7], "rotation": 180, "texture": "#0", "cullface": "south"}
			}
		},
		{
			"from": [0.895, 11, 16],
			"to": [6.895, 13, 16.7],
			"rotation": {"angle": 0, "axis": "y", "origin": [-0.265, 7.74, 7.841]},
			"faces": {
				"east": {"uv": [1.032, 3.032, 1.7, 4.968], "texture": "#0", "cullface": "south"},
				"south": {"uv": [1.032, 3.032, 6.968, 4.968], "texture": "#0", "cullface": "south"},
				"west": {"uv": [1.032, 3.032, 1.7, 4.968], "texture": "#0", "cullface": "south"},
				"up": {"uv": [1.032, 3.032, 6.968, 3.7], "rotation": 180, "texture": "#0", "cullface": "south"},
				"down": {"uv": [1.032, 3.032, 6.968, 3.7], "rotation": 180, "texture": "#0", "cullface": "south"}
			}
		},
		{
			"from": [0.895, 10, 16],
			"to": [3.895, 11, 16.7],
			"rotation": {"angle": 0, "axis": "y", "origin": [-0.265, 7.74, 7.841]},
			"faces": {
				"east": {"uv": [1.032, 5.032, 1.7, 5.968], "texture": "#0", "cullface": "south"},
				"south": {"uv": [1.032, 5.032, 3.968, 5.968], "texture": "#0", "cullface": "south"},
				"west": {"uv": [1.032, 5.032, 1.7, 5.968], "texture": "#0", "cullface": "south"},
				"down": {"uv": [1.032, 5.032, 3.968, 5.7], "rotation": 180, "texture": "#0", "cullface": "south"}
			}
		},
		{
			"from": [9.895, 9, 16],
			"to": [10.895, 12, 16.5],
			"rotation": {"angle": 0, "axis": "y", "origin": [-0.265, 7.74, 7.841]},
			"faces": {
				"south": {"uv": [10.032, 4.032, 10.968, 6.968], "texture": "#0", "cullface": "south"},
				"west": {"uv": [10.032, 4.032, 10.5, 6.968], "texture": "#0", "cullface": "south"},
				"up": {"uv": [10.032, 4.032, 10.968, 4.5], "rotation": 180, "texture": "#0", "cullface": "south"},
				"down": {"uv": [10.032, 4.032, 10.968, 4.5], "rotation": 180, "texture": "#0", "cullface": "south"}
			}
		},
		{
			"from": [16, 1, 2.081],
			"to": [16.2, 8, 7.081],
			"rotation": {"angle": 0, "axis": "y", "origin": [7.735, 7.74, 16.241]},
			"faces": {
				"east": {"uv": [9.032, 8.032, 13.968, 14.968], "texture": "#0", "cullface": "east"},
				"south": {"uv": [9.032, 8.032, 9.2, 14.968], "texture": "#0", "cullface": "east"},
				"up": {"uv": [9.032, 8.032, 13.968, 8.2], "rotation": 90, "texture": "#0", "cullface": "east"}
			}
		},
		{
			"from": [16, 4, 0.081],
			"to": [16.2, 8, 2.081],
			"rotation": {"angle": 0, "axis": "y", "origin": [7.735, 7.74, 16.241]},
			"faces": {
				"north": {"uv": [14.032, 8.032, 14.2, 11.968], "texture": "#0", "cullface": "east"},
				"east": {"uv": [14.032, 8.032, 15.968, 11.968], "texture": "#0", "cullface": "east"}
			}
		},
		{
			"from": [16, 0, 0.081],
			"to": [16.5, 4, 2.081],
			"rotation": {"angle": 0, "axis": "y", "origin": [7.735, 7.74, 16.241]},
			"faces": {
				"north": {"uv": [14.032, 12.032, 14.5, 15.968], "texture": "#0", "cullface": "east"},
				"east": {"uv": [14.032, 12.032, 15.968, 15.968], "texture": "#0", "cullface": "east"},
				"south": {"uv": [14.032, 12.032, 14.5, 15.968], "texture": "#0", "cullface": "east"},
				"up": {"uv": [14.032, 12.032, 15.968, 12.5], "rotation": 90, "texture": "#0", "cullface": "east"},
				"down": {"uv": [14.032, 12.032, 15.968, 12.5], "rotation": 270, "texture": "#0", "cullface": "down"}
			}
		},
		{
			"from": [16, 0, 13.081],
			"to": [16.7, 3, 16.081],
			"rotation": {"angle": 0, "axis": "y", "origin": [7.735, 7.74, 16.241]},
			"faces": {
				"north": {"uv": [0.032, 13.032, 0.7, 15.968], "texture": "#0", "cullface": "east"},
				"east": {"uv": [0.032, 13.032, 2.968, 15.968], "texture": "#0", "cullface": "east"},
				"south": {"uv": [0.032, 13.032, 0.7, 15.968], "texture": "#0", "cullface": "east"},
				"up": {"uv": [0.032, 13.032, 2.968, 13.7], "rotation": 90, "texture": "#0", "cullface": "east"},
				"down": {"uv": [0.032, 13.032, 2.968, 13.7], "rotation": 270, "texture": "#0", "cullface": "down"}
			}
		},
		{
			"from": [16, 0, 12.081],
			"to": [16.7, 2, 13.081],
			"rotation": {"angle": 0, "axis": "y", "origin": [7.735, 7.74, 16.241]},
			"faces": {
				"north": {"uv": [3.032, 14.032, 3.7, 15.968], "texture": "#0", "cullface": "east"},
				"east": {"uv": [3.032, 14.032, 3.968, 15.968], "texture": "#0", "cullface": "east"},
				"up": {"uv": [3.032, 14.032, 3.968, 14.7], "rotation": 90, "texture": "#0", "cullface": "east"},
				"down": {"uv": [3.032, 14.032, 3.968, 14.7], "rotation": 270, "texture": "#0", "cullface": "down"}
			}
		},
		{
			"from": [16, 0, 2.081],
			"to": [16.5, 1, 3.081],
			"rotation": {"angle": 0, "axis": "y", "origin": [7.735, 7.74, 16.241]},
			"faces": {
				"east": {"uv": [13.032, 15.032, 13.968, 15.968], "texture": "#0", "cullface": "east"},
				"south": {"uv": [13.032, 15.032, 13.5, 15.968], "texture": "#0", "cullface": "east"},
				"up": {"uv": [13.032, 15.032, 13.968, 15.5], "rotation": 90, "texture": "#0", "cullface": "east"},
				"down": {"uv": [13.032, 15.032, 13.968, 15.5], "rotation": 270, "texture": "#0", "cullface": "down"}
			}
		},
		{
			"from": [16, 0, 3.081],
			"to": [16.3, 1, 8.081],
			"rotation": {"angle": 0, "axis": "y", "origin": [7.735, 7.74, 16.241]},
			"faces": {
				"east": {"uv": [8.032, 15.032, 12.968, 15.968], "texture": "#0", "cullface": "east"},
				"south": {"uv": [8.032, 15.032, 8.3, 15.968], "texture": "#0", "cullface": "east"},
				"up": {"uv": [8.032, 15.032, 12.968, 15.3], "rotation": 90, "texture": "#0", "cullface": "east"},
				"down": {"uv": [8.032, 15.032, 12.968, 15.3], "rotation": 270, "texture": "#0", "cullface": "down"}
			}
		},
		{
			"from": [16, 0, 9.081],
			"to": [16.4, 5, 12.081],
			"rotation": {"angle": 0, "axis": "y", "origin": [7.735, 7.74, 16.241]},
			"faces": {
				"north": {"uv": [4.032, 11.032, 4.4, 15.968], "texture": "#0", "cullface": "east"},
				"east": {"uv": [4.032, 11.032, 6.968, 15.968], "texture": "#0", "cullface": "east"},
				"down": {"uv": [4.032, 11.032, 6.968, 11.4], "rotation": 270, "texture": "#0", "cullface": "down"}
			}
		},
		{
			"from": [16, 2, 11.081],
			"to": [16.4, 6, 13.081],
			"rotation": {"angle": 0, "axis": "y", "origin": [7.735, 7.74, 16.241]},
			"faces": {
				"east": {"uv": [3.032, 10.032, 4.968, 13.968], "texture": "#0", "cullface": "east"},
				"south": {"uv": [3.032, 10.032, 3.4, 13.968], "texture": "#0", "cullface": "east"}
			}
		},
		{
			"from": [16, 4, 13.081],
			"to": [16.4, 6, 14.081],
			"rotation": {"angle": 0, "axis": "y", "origin": [7.735, 7.74, 16.241]},
			"faces": {
				"east": {"uv": [2.032, 10.032, 2.968, 11.968], "texture": "#0", "cullface": "east"},
				"south": {"uv": [2.032, 10.032, 2.4, 11.968], "texture": "#0", "cullface": "east"},
				"up": {"uv": [2.032, 10.032, 2.968, 10.4], "rotation": 90, "texture": "#0", "cullface": "east"},
				"down": {"uv": [2.032, 10.032, 2.968, 10.4], "rotation": 270, "texture": "#0", "cullface": "east"}
			}
		},
		{
			"from": [16, 1, 8.081],
			"to": [16.4, 5, 9.081],
			"rotation": {"angle": 0, "axis": "y", "origin": [7.735, 7.74, 16.241]},
			"faces": {
				"north": {"uv": [7.032, 11.032, 7.4, 14.968], "texture": "#0", "cullface": "east"},
				"east": {"uv": [7.032, 11.032, 7.968, 14.968], "texture": "#0", "cullface": "east"},
				"down": {"uv": [7.032, 11.032, 7.968, 11.4], "rotation": 270, "texture": "#0", "cullface": "east"}
			}
		},
		{
			"from": [16, 5, 8.081],
			"to": [16.5, 11, 11.081],
			"rotation": {"angle": 0, "axis": "y", "origin": [7.735, 7.74, 16.241]},
			"faces": {
				"north": {"uv": [5.032, 5.032, 5.5, 10.968], "texture": "#0", "cullface": "east"},
				"east": {"uv": [5.032, 5.032, 7.968, 10.968], "texture": "#0", "cullface": "east"},
				"south": {"uv": [5.032, 5.032, 5.5, 10.968], "texture": "#0", "cullface": "east"},
				"up": {"uv": [5.032, 5.032, 7.968, 5.5], "rotation": 90, "texture": "#0", "cullface": "east"},
				"down": {"uv": [5.032, 5.032, 7.968, 5.5], "rotation": 270, "texture": "#0", "cullface": "east"}
			}
		},
		{
			"from": [16, 6, 11.081],
			"to": [16.5, 10, 13.081],
			"rotation": {"angle": 0, "axis": "y", "origin": [7.735, 7.74, 16.241]},
			"faces": {
				"east": {"uv": [3.032, 6.032, 4.968, 9.968], "texture": "#0", "cullface": "east"},
				"south": {"uv": [3.032, 6.032, 3.5, 9.968], "texture": "#0", "cullface": "east"},
				"down": {"uv": [3.032, 6.032, 4.968, 6.5], "rotation": 270, "texture": "#0", "cullface": "east"}
			}
		},
		{
			"from": [16, 6, 6.081],
			"to": [16.5, 10, 8.081],
			"rotation": {"angle": 0, "axis": "y", "origin": [7.735, 7.74, 16.241]},
			"faces": {
				"north": {"uv": [8.032, 6.032, 8.5, 9.968], "texture": "#0", "cullface": "east"},
				"east": {"uv": [8.032, 6.032, 9.968, 9.968], "texture": "#0", "cullface": "east"},
				"up": {"uv": [8.032, 6.032, 9.968, 6.5], "rotation": 90, "texture": "#0", "cullface": "east"},
				"down": {"uv": [8.032, 6.032, 9.968, 6.5], "rotation": 270, "texture": "#0", "cullface": "east"}
			}
		},
		{
			"from": [16, 10, 11.081],
			"to": [16.5, 11, 12.081],
			"rotation": {"angle": 0, "axis": "y", "origin": [7.735, 7.74, 16.241]},
			"faces": {
				"east": {"uv": [4.032, 5.032, 4.968, 5.968], "texture": "#0", "cullface": "east"}
			}
		},
		{
			"from": [16, 8, 0.081],
			"to": [16.5, 13, 5.081],
			"rotation": {"angle": 0, "axis": "y", "origin": [7.735, 7.74, 16.241]},
			"faces": {
				"north": {"uv": [11.032, 3.032, 11.5, 7.968], "texture": "#0", "cullface": "east"},
				"east": {"uv": [11.032, 3.032, 15.968, 7.968], "texture": "#0", "cullface": "east"},
				"south": {"uv": [11.032, 3.032, 11.5, 7.968], "texture": "#0", "cullface": "east"},
				"up": {"uv": [11.032, 3.032, 15.968, 3.5], "rotation": 90, "texture": "#0", "cullface": "east"},
				"down": {"uv": [11.032, 3.032, 15.968, 3.5], "rotation": 270, "texture": "#0", "cullface": "east"}
			}
		},
		{
			"from": [16, 12, 7.081],
			"to": [16.7, 14, 13.081],
			"rotation": {"angle": 0, "axis": "y", "origin": [7.735, 7.74, 16.241]},
			"faces": {
				"north": {"uv": [3.032, 2.032, 3.7, 3.968], "texture": "#0", "cullface": "east"},
				"east": {"uv": [3.032, 2.032, 8.968, 3.968], "texture": "#0", "cullface": "east"},
				"south": {"uv": [3.032, 2.032, 3.7, 3.968], "texture": "#0", "cullface": "east"},
				"up": {"uv": [3.032, 2.032, 8.968, 2.7], "rotation": 90, "texture": "#0", "cullface": "east"},
				"down": {"uv": [3.032, 2.032, 8.968, 2.7], "rotation": 270, "texture": "#0", "cullface": "east"}
			}
		},
		{
			"from": [16, 13, 3.081],
			"to": [16.3, 16, 8.081],
			"rotation": {"angle": 0, "axis": "y", "origin": [7.735, 7.74, 16.241]},
			"faces": {
				"north": {"uv": [8.032, 0.032, 8.3, 2.968], "texture": "#0", "cullface": "east"},
				"east": {"uv": [8.032, 0.032, 12.968, 2.968], "texture": "#0", "cullface": "east"},
				"south": {"uv": [8.032, 0.032, 8.3, 2.968], "texture": "#0", "cullface": "east"},
				"up": {"uv": [8.032, 0.032, 12.968, 0.3], "rotation": 90, "texture": "#0", "cullface": "east"},
				"down": {"uv": [8.032, 0.032, 12.968, 0.3], "rotation": 270, "texture": "#0", "cullface": "east"}
			}
		},
		{
			"from": [16, 13, 13.081],
			"to": [16.3, 16, 16.081],
			"rotation": {"angle": 0, "axis": "y", "origin": [7.735, 7.74, 16.241]},
			"faces": {
				"north": {"uv": [0.032, 0.032, 0.3, 2.968], "texture": "#0", "cullface": "east"},
				"east": {"uv": [0.032, 0.032, 2.968, 2.968], "texture": "#0", "cullface": "east"},
				"south": {"uv": [0.032, 0.032, 0.3, 2.968], "texture": "#0", "cullface": "east"},
				"up": {"uv": [0.032, 0.032, 2.968, 0.3], "rotation": 90, "texture": "#0", "cullface": "east"},
				"down": {"uv": [0.032, 0.032, 2.968, 0.3], "rotation": 270, "texture": "#0", "cullface": "east"}
			}
		},
		{
			"from": [16, 13, 0.081],
			"to": [16.3, 16, 2.081],
			"rotation": {"angle": 0, "axis": "y", "origin": [7.735, 7.74, 16.241]},
			"faces": {
				"north": {"uv": [14.032, 0.032, 14.3, 2.968], "texture": "#0", "cullface": "east"},
				"east": {"uv": [14.032, 0.032, 15.968, 2.968], "texture": "#0", "cullface": "east"},
				"south": {"uv": [14.032, 0.032, 14.3, 2.968], "texture": "#0", "cullface": "east"},
				"up": {"uv": [14.032, 0.032, 15.968, 0.3], "rotation": 90, "texture": "#0", "cullface": "east"}
			}
		},
		{
			"from": [16, 13, 2.081],
			"to": [16.3, 15, 3.081],
			"rotation": {"angle": 0, "axis": "y", "origin": [7.735, 7.74, 16.241]},
			"faces": {
				"east": {"uv": [13.032, 1.032, 13.968, 2.968], "texture": "#0", "cullface": "east"},
				"up": {"uv": [13.032, 1.032, 13.968, 1.3], "rotation": 90, "texture": "#0", "cullface": "east"}
			}
		},
		{
			"from": [16, 14, 9.081],
			"to": [16.7, 15, 13.081],
			"rotation": {"angle": 0, "axis": "y", "origin": [7.735, 7.74, 16.241]},
			"faces": {
				"north": {"uv": [3.032, 1.032, 3.7, 1.968], "texture": "#0", "cullface": "east"},
				"east": {"uv": [3.032, 1.032, 6.968, 1.968], "texture": "#0", "cullface": "east"},
				"south": {"uv": [3.032, 1.032, 3.7, 1.968], "texture": "#0", "cullface": "east"},
				"up": {"uv": [3.032, 1.032, 6.968, 1.7], "rotation": 90, "texture": "#0", "cullface": "east"}
			}
		},
		{
			"from": [16, 11, 9.081],
			"to": [16.7, 13, 15.081],
			"rotation": {"angle": 0, "axis": "y", "origin": [7.735, 7.74, 16.241]},
			"faces": {
				"north": {"uv": [1.032, 3.032, 1.7, 4.968], "texture": "#0", "cullface": "east"},
				"east": {"uv": [1.032, 3.032, 6.968, 4.968], "texture": "#0", "cullface": "east"},
				"south": {"uv": [1.032, 3.032, 1.7, 4.968], "texture": "#0", "cullface": "east"},
				"up": {"uv": [1.032, 3.032, 6.968, 3.7], "rotation": 90, "texture": "#0", "cullface": "east"},
				"down": {"uv": [1.032, 3.032, 6.968, 3.7], "rotation": 270, "texture": "#0", "cullface": "east"}
			}
		},
		{
			"from": [16, 10, 12.081],
			"to": [16.7, 11, 15.081],
			"rotation": {"angle": 0, "axis": "y", "origin": [7.735, 7.74, 16.241]},
			"faces": {
				"north": {"uv": [1.032, 5.032, 1.7, 5.968], "texture": "#0", "cullface": "east"},
				"east": {"uv": [1.032, 5.032, 3.968, 5.968], "texture": "#0", "cullface": "east"},
				"south": {"uv": [1.032, 5.032, 1.7, 5.968], "texture": "#0", "cullface": "east"},
				"down": {"uv": [1.032, 5.032, 3.968, 5.7], "rotation": 270, "texture": "#0", "cullface": "east"}
			}
		},
		{
			"from": [16, 9, 5.081],
			"to": [16.5, 12, 6.081],
			"rotation": {"angle": 0, "axis": "y", "origin": [7.735, 7.74, 16.241]},
			"faces": {
				"east": {"uv": [10.032, 4.032, 10.968, 6.968], "texture": "#0", "cullface": "east"},
				"south": {"uv": [10.032, 4.032, 10.5, 6.968], "texture": "#0", "cullface": "east"},
				"up": {"uv": [10.032, 4.032, 10.968, 4.5], "rotation": 90, "texture": "#0", "cullface": "east"},
				"down": {"uv": [10.032, 4.032, 10.968, 4.5], "rotation": 270, "texture": "#0", "cullface": "east"}
			}
		},
		{
			"from": [2, 16, 6],
			"to": [3, 16.5, 13],
			"rotation": {"angle": 0, "axis": "y", "origin": [10, 24, 14]},
			"faces": {
				"north": {"uv": [2.032, 6.032, 2.968, 6.5], "texture": "#1", "cullface": "up"},
				"east": {"uv": [2.032, 6.032, 8.968, 6.5], "texture": "#1", "cullface": "up"},
				"west": {"uv": [2.032, 6.032, 8.968, 6.5], "texture": "#1", "cullface": "up"},
				"up": {"uv": [2.032, 6.032, 2.968, 12.968], "texture": "#1", "cullface": "up"}
			}
		},
		{
			"from": [13, 16, 4],
			"to": [14, 16.5, 12],
			"rotation": {"angle": 0, "axis": "y", "origin": [21, 24, 13]},
			"faces": {
				"north": {"uv": [13.032, 4.032, 13.968, 4.5], "texture": "#1", "cullface": "up"},
				"east": {"uv": [13.032, 4.032, 13.5, 11.968], "rotation": 90, "texture": "#1", "cullface": "up"},
				"west": {"uv": [13.032, 4.032, 13.5, 11.968], "rotation": 90, "texture": "#1", "cullface": "up"},
				"up": {"uv": [13.032, 4.032, 13.968, 11.968], "texture": "#1", "cullface": "up"}
			}
		},
		{
			"from": [11, 16, 3],
			"to": [12, 16.5, 10],
			"rotation": {"angle": 0, "axis": "y", "origin": [19, 24, 12]},
			"faces": {
				"north": {"uv": [11.032, 3.032, 11.968, 3.5], "texture": "#1", "cullface": "up"},
				"east": {"uv": [11.032, 3.032, 11.5, 9.968], "rotation": 90, "texture": "#1", "cullface": "up"},
				"south": {"uv": [11.032, 3.032, 11.968, 3.5], "texture": "#1", "cullface": "up"},
				"west": {"uv": [11.032, 3.032, 11.5, 9.968], "rotation": 90, "texture": "#1", "cullface": "up"},
				"up": {"uv": [11.032, 3.032, 11.968, 9.968], "texture": "#1", "cullface": "up"}
			}
		},
		{
			"from": [4, 16, 5],
			"to": [5, 16.5, 10],
			"rotation": {"angle": 0, "axis": "y", "origin": [12, 24, 12]},
			"faces": {
				"north": {"uv": [4.032, 5.032, 4.968, 5.5], "texture": "#1", "cullface": "up"},
				"east": {"uv": [4.032, 5.032, 8.968, 5.5], "texture": "#1", "cullface": "up"},
				"south": {"uv": [4.032, 5.032, 4.968, 5.5], "texture": "#1", "cullface": "up"},
				"west": {"uv": [4.032, 5.032, 8.968, 5.5], "texture": "#1", "cullface": "up"},
				"up": {"uv": [4.032, 5.032, 4.968, 9.968], "texture": "#1", "cullface": "up"}
			}
		},
		{
			"from": [5, 16, 10],
			"to": [11, 16.5, 11],
			"rotation": {"angle": 0, "axis": "y", "origin": [13, 24, 13]},
			"faces": {
				"north": {"uv": [5.032, 10.032, 10.968, 10.5], "texture": "#1", "cullface": "up"},
				"east": {"uv": [5.032, 10.032, 5.968, 10.5], "texture": "#1", "cullface": "up"},
				"south": {"uv": [5.032, 10.032, 10.968, 10.5], "texture": "#1", "cullface": "up"},
				"west": {"uv": [5.032, 10.032, 5.968, 10.5], "texture": "#1", "cullface": "up"},
				"up": {"uv": [5.032, 10.032, 10.968, 10.968], "texture": "#1", "cullface": "up"}
			}
		},
		{
			"from": [6, 16, 3],
			"to": [10, 16.5, 4],
			"rotation": {"angle": 0, "axis": "y", "origin": [13, 24, 6]},
			"faces": {
				"north": {"uv": [6.032, 3.032, 9.968, 3.5], "texture": "#1", "cullface": "up"},
				"east": {"uv": [6.032, 3.032, 6.968, 3.5], "texture": "#1", "cullface": "up"},
				"south": {"uv": [6.032, 3.032, 9.968, 3.5], "texture": "#1", "cullface": "up"},
				"west": {"uv": [6.032, 3.032, 6.968, 3.5], "texture": "#1", "cullface": "up"},
				"up": {"uv": [6.032, 3.032, 9.968, 3.968], "texture": "#1", "cullface": "up"}
			}
		},
		{
			"from": [10, 16, 4],
			"to": [11, 16.5, 5],
			"rotation": {"angle": 0, "axis": "y", "origin": [13, 24, 7]},
			"faces": {
				"north": {"uv": [10.032, 4.032, 10.968, 4.5], "texture": "#1", "cullface": "up"},
				"south": {"uv": [10.032, 4.032, 10.968, 4.5], "texture": "#1", "cullface": "up"},
				"west": {"uv": [10.032, 4.032, 10.968, 4.5], "texture": "#1", "cullface": "up"},
				"up": {"uv": [10.032, 4.032, 10.968, 4.968], "texture": "#1", "cullface": "up"}
			}
		},
		{
			"from": [9, 16, 5],
			"to": [10, 16.5, 9],
			"rotation": {"angle": 0, "axis": "y", "origin": [12, 24, 8]},
			"faces": {
				"north": {"uv": [9.032, 5.032, 9.968, 5.5], "texture": "#1", "cullface": "up"},
				"east": {"uv": [9.032, 5.032, 12.968, 5.5], "texture": "#1", "cullface": "up"},
				"south": {"uv": [9.032, 5.032, 9.968, 5.5], "texture": "#1", "cullface": "up"},
				"west": {"uv": [9.032, 5.032, 12.968, 5.5], "texture": "#1", "cullface": "up"},
				"up": {"uv": [9.032, 5.032, 9.968, 8.968], "texture": "#1", "cullface": "up"}
			}
		},
		{
			"from": [6, 16, 5],
			"to": [7, 16.5, 9],
			"rotation": {"angle": 0, "axis": "y", "origin": [9, 24, 8]},
			"faces": {
				"north": {"uv": [6.032, 5.032, 6.968, 5.5], "texture": "#1", "cullface": "up"},
				"east": {"uv": [6.032, 5.032, 9.968, 5.5], "texture": "#1", "cullface": "up"},
				"south": {"uv": [6.032, 5.032, 6.968, 5.5], "texture": "#1", "cullface": "up"},
				"west": {"uv": [6.032, 5.032, 9.968, 5.5], "texture": "#1", "cullface": "up"},
				"up": {"uv": [6.032, 5.032, 6.968, 8.968], "texture": "#1", "cullface": "up"}
			}
		},
		{
			"from": [7, 16, 8],
			"to": [9, 16.5, 9],
			"rotation": {"angle": 0, "axis": "y", "origin": [10, 24, 8]},
			"faces": {
				"north": {"uv": [7.032, 8.032, 8.968, 8.5], "texture": "#1", "cullface": "up"},
				"south": {"uv": [7.032, 8.032, 8.968, 8.5], "texture": "#1", "cullface": "up"},
				"up": {"uv": [7.032, 8.032, 8.968, 8.968], "texture": "#1", "cullface": "up"}
			}
		},
		{
			"from": [7, 16, 5],
			"to": [9, 16.5, 6],
			"rotation": {"angle": 0, "axis": "y", "origin": [10, 24, 5]},
			"faces": {
				"north": {"uv": [7.032, 5.032, 8.968, 5.5], "texture": "#1", "cullface": "up"},
				"south": {"uv": [7.032, 5.032, 8.968, 5.5], "texture": "#1", "cullface": "up"},
				"up": {"uv": [7.032, 5.032, 8.968, 5.968], "texture": "#1", "cullface": "up"}
			}
		},
		{
			"from": [0, 16, 2],
			"to": [6, 16.5, 3],
			"rotation": {"angle": 0, "axis": "y", "origin": [7, 24, 2]},
			"faces": {
				"north": {"uv": [0.032, 2.032, 5.968, 2.5], "texture": "#1", "cullface": "up"},
				"east": {"uv": [0.032, 2.032, 0.968, 2.5], "texture": "#1", "cullface": "up"},
				"south": {"uv": [0.032, 2.032, 5.968, 2.5], "texture": "#1", "cullface": "up"},
				"west": {"uv": [0.032, 2.032, 0.968, 2.5], "texture": "#1", "cullface": "west"},
				"up": {"uv": [0.032, 2.032, 5.968, 2.968], "texture": "#1", "cullface": "up"}
			}
		},
		{
			"from": [2, 16, 0],
			"to": [8, 16.5, 1],
			"rotation": {"angle": 0, "axis": "y", "origin": [9, 24, 0]},
			"faces": {
				"north": {"uv": [2.032, 0.032, 7.968, 0.5], "texture": "#1", "cullface": "north"},
				"east": {"uv": [2.032, 0.032, 2.968, 0.5], "texture": "#1", "cullface": "up"},
				"south": {"uv": [2.032, 0.032, 7.968, 0.5], "texture": "#1", "cullface": "up"},
				"west": {"uv": [2.032, 0.032, 2.968, 0.5], "texture": "#1", "cullface": "up"},
				"up": {"uv": [2.032, 0.032, 7.968, 0.968], "texture": "#1", "cullface": "up"}
			}
		},
		{
			"from": [8, 16, 1],
			"to": [14, 16.5, 2],
			"rotation": {"angle": 0, "axis": "y", "origin": [15, 24, 1]},
			"faces": {
				"north": {"uv": [8.032, 1.032, 13.968, 1.5], "texture": "#1", "cullface": "up"},
				"east": {"uv": [8.032, 1.032, 8.968, 1.5], "texture": "#1", "cullface": "up"},
				"south": {"uv": [8.032, 1.032, 13.968, 1.5], "texture": "#1", "cullface": "up"},
				"west": {"uv": [8.032, 1.032, 8.968, 1.5], "texture": "#1", "cullface": "up"},
				"up": {"uv": [8.032, 1.032, 13.968, 1.968], "texture": "#1", "cullface": "up"}
			}
		},
		{
			"from": [13, 16, 2],
			"to": [15, 16.5, 3],
			"rotation": {"angle": 0, "axis": "y", "origin": [16, 24, 2]},
			"faces": {
				"north": {"uv": [13.032, 2.032, 14.968, 2.5], "texture": "#1", "cullface": "up"},
				"south": {"uv": [13.032, 2.032, 14.968, 2.5], "texture": "#1", "cullface": "up"},
				"west": {"uv": [13.032, 2.032, 13.968, 2.5], "texture": "#1", "cullface": "up"},
				"up": {"uv": [13.032, 2.032, 14.968, 2.968], "texture": "#1", "cullface": "up"}
			}
		},
		{
			"from": [13, 16, 13],
			"to": [15, 16.5, 14],
			"rotation": {"angle": 0, "axis": "y", "origin": [16, 24, 13]},
			"faces": {
				"east": {"uv": [13.032, 13.032, 13.968, 13.5], "texture": "#1", "cullface": "up"},
				"south": {"uv": [13.032, 13.032, 14.968, 13.5], "texture": "#1", "cullface": "up"},
				"west": {"uv": [13.032, 13.032, 13.968, 13.5], "texture": "#1", "cullface": "up"},
				"up": {"uv": [13.032, 13.032, 14.968, 13.968], "texture": "#1", "cullface": "up"}
			}
		},
		{
			"from": [14, 16, 12],
			"to": [16, 16.5, 13],
			"rotation": {"angle": 0, "axis": "y", "origin": [17, 24, 12]},
			"faces": {
				"north": {"uv": [14.032, 12.032, 15.968, 12.5], "texture": "#1", "cullface": "up"},
				"east": {"uv": [14.032, 12.032, 14.968, 12.5], "texture": "#1", "cullface": "east"},
				"south": {"uv": [14.032, 12.032, 15.968, 12.5], "texture": "#1", "cullface": "up"},
				"up": {"uv": [14.032, 12.032, 15.968, 12.968], "texture": "#1", "cullface": "up"}
			}
		},
		{
			"from": [1, 16, 15],
			"to": [14, 16.5, 16],
			"rotation": {"angle": 0, "axis": "y", "origin": [15, 24, 15]},
			"faces": {
				"north": {"uv": [1.032, 15.032, 13.968, 15.5], "texture": "#1", "cullface": "up"},
				"east": {"uv": [1.032, 15.032, 1.968, 15.5], "texture": "#1", "cullface": "up"},
				"south": {"uv": [1.032, 15.032, 13.968, 15.5], "texture": "#1", "cullface": "up"},
				"west": {"uv": [1.032, 15.032, 1.968, 15.5], "texture": "#1", "cullface": "up"},
				"up": {"uv": [1.032, 15.032, 13.968, 15.968], "texture": "#1", "cullface": "up"}
			}
		},
		{
			"from": [2, 16, 14],
			"to": [10, 16.5, 15],
			"rotation": {"angle": 0, "axis": "y", "origin": [11, 24, 14]},
			"faces": {
				"north": {"uv": [2.032, 14.032, 9.968, 14.5], "texture": "#1", "cullface": "up"},
				"east": {"uv": [2.032, 14.032, 2.968, 14.5], "texture": "#1", "cullface": "up"},
				"west": {"uv": [2.032, 14.032, 2.968, 14.5], "texture": "#1", "cullface": "up"},
				"up": {"uv": [2.032, 14.032, 9.968, 14.968], "texture": "#1", "cullface": "up"}
			}
		},
		{
			"from": [0, 16, 13],
			"to": [3, 16.5, 14],
			"rotation": {"angle": 0, "axis": "y", "origin": [9, 24, 13]},
			"faces": {
				"north": {"uv": [0.032, 13.032, 2.968, 13.5], "texture": "#1", "cullface": "up"},
				"east": {"uv": [0.032, 13.032, 0.968, 13.5], "texture": "#1", "cullface": "up"},
				"south": {"uv": [0.032, 13.032, 2.968, 13.5], "texture": "#1", "cullface": "up"},
				"west": {"uv": [0.032, 13.032, 0.968, 13.5], "texture": "#1", "cullface": "west"},
				"up": {"uv": [0.032, 13.032, 2.968, 13.968], "texture": "#1", "cullface": "up"}
			}
		},
		{
			"from": [0, 16, 8],
			"to": [1, 16.5, 13],
			"rotation": {"angle": 0, "axis": "y", "origin": [9, 24, 12]},
			"faces": {
				"north": {"uv": [0.032, 8.032, 0.968, 8.5], "texture": "#1", "cullface": "up"},
				"east": {"uv": [0.032, 8.032, 4.968, 8.5], "texture": "#1", "cullface": "up"},
				"west": {"uv": [0.032, 8.032, 4.968, 8.5], "texture": "#1", "cullface": "west"},
				"up": {"uv": [0.032, 8.032, 0.968, 12.968], "texture": "#1", "cullface": "up"}
			}
		},
		{
			"from": [3, 16, 4],
			"to": [4, 16.5, 6],
			"rotation": {"angle": 0, "axis": "y", "origin": [12, 24, 8]},
			"faces": {
				"north": {"uv": [3.032, 4.032, 3.968, 4.5], "texture": "#1", "cullface": "up"},
				"east": {"uv": [3.032, 4.032, 4.968, 4.5], "texture": "#1", "cullface": "up"},
				"south": {"uv": [3.032, 4.032, 3.968, 4.5], "texture": "#1", "cullface": "up"},
				"west": {"uv": [3.032, 4.032, 4.968, 4.5], "texture": "#1", "cullface": "up"},
				"up": {"uv": [3.032, 4.032, 3.968, 5.968], "texture": "#1", "cullface": "up"}
			}
		},
		{
			"from": [1, 16, 3],
			"to": [2, 16.5, 4],
			"rotation": {"angle": 0, "axis": "y", "origin": [10, 24, 7]},
			"faces": {
				"east": {"uv": [1.032, 3.032, 1.968, 3.5], "texture": "#1", "cullface": "up"},
				"south": {"uv": [1.032, 3.032, 1.968, 3.5], "texture": "#1", "cullface": "up"},
				"west": {"uv": [1.032, 3.032, 1.968, 3.5], "texture": "#1", "cullface": "up"},
				"up": {"uv": [1.032, 3.032, 1.968, 3.968], "texture": "#1", "cullface": "up"}
			}
		},
		{
			"from": [1, 16, 1],
			"to": [3, 16.5, 2],
			"rotation": {"angle": 0, "axis": "y", "origin": [10, 24, 5]},
			"faces": {
				"north": {"uv": [1.032, 1.032, 2.968, 1.5], "texture": "#1", "cullface": "up"},
				"east": {"uv": [1.032, 1.032, 1.968, 1.5], "texture": "#1", "cullface": "up"},
				"west": {"uv": [1.032, 1.032, 1.968, 1.5], "texture": "#1", "cullface": "up"},
				"up": {"uv": [1.032, 1.032, 2.968, 1.968], "texture": "#1", "cullface": "up"}
			}
		},
		{
			"from": [13, 16, 14],
			"to": [14, 16.5, 15],
			"rotation": {"angle": 0, "axis": "y", "origin": [15, 24, 14]},
			"faces": {
				"east": {"uv": [13.032, 14.032, 13.968, 14.5], "texture": "#1", "cullface": "up"},
				"west": {"uv": [13.032, 14.032, 13.968, 14.5], "texture": "#1", "cullface": "up"},
				"up": {"uv": [13.032, 14.032, 13.968, 14.968], "texture": "#1", "cullface": "up"}
			}
		},
		{
			"from": [15, 16, 14],
			"to": [16, 16.5, 16],
			"rotation": {"angle": 0, "axis": "y", "origin": [17, 24, 14]},
			"faces": {
				"north": {"uv": [15.032, 14.032, 15.968, 14.5], "texture": "#1", "cullface": "up"},
				"east": {"uv": [15.032, 14.032, 15.5, 15.968], "rotation": 90, "texture": "#1", "cullface": "east"},
				"south": {"uv": [15.032, 14.032, 15.968, 14.5], "texture": "#1", "cullface": "up"},
				"west": {"uv": [15.032, 14.032, 15.5, 15.968], "rotation": 90, "texture": "#1", "cullface": "up"},
				"up": {"uv": [15.032, 14.032, 15.968, 15.968], "texture": "#1", "cullface": "up"}
			}
		},
		{
			"from": [15, 16, 0],
			"to": [16, 16.5, 8],
			"rotation": {"angle": 0, "axis": "y", "origin": [17, 24, 7]},
			"faces": {
				"north": {"uv": [15.032, 0.032, 15.968, 0.5], "texture": "#1", "cullface": "north"},
				"east": {"uv": [15.032, 0.032, 15.5, 7.968], "rotation": 90, "texture": "#1", "cullface": "east"},
				"south": {"uv": [15.032, 0.032, 15.968, 0.5], "texture": "#1", "cullface": "up"},
				"west": {"uv": [15.032, 0.032, 15.5, 7.968], "rotation": 90, "texture": "#1", "cullface": "up"},
				"up": {"uv": [15.032, 0.032, 15.968, 7.968], "texture": "#1", "cullface": "up"}
			}
		},
		{
			"from": [3, 16, 12],
			"to": [14, 16.5, 13],
			"rotation": {"angle": 0, "axis": "y", "origin": [11, 24, 14]},
			"faces": {
				"north": {"uv": [3.032, 12.032, 13.968, 12.5], "texture": "#1", "cullface": "up"},
				"south": {"uv": [3.032, 12.032, 13.968, 12.5], "texture": "#1", "cullface": "up"},
				"up": {"uv": [3.032, 12.032, 13.968, 12.968], "texture": "#1", "cullface": "up"}
			}
		},
		{
			"from": [2, -0.5, 3.01071],
			"to": [3, 0, 10.01071],
			"rotation": {"angle": 0, "axis": "y", "origin": [-10.85714, -0.75, 7.89286]},
			"faces": {
				"east": {"uv": [2.032, 6.032, 8.968, 6.48929], "texture": "#1", "cullface": "down"},
				"south": {"uv": [2.032, 6.032, 2.968, 6.48929], "texture": "#1", "cullface": "down"},
				"west": {"uv": [2.032, 6.032, 8.968, 6.48929], "texture": "#1", "cullface": "down"},
				"down": {"uv": [2.032, 6.032, 2.968, 12.98929], "texture": "#1", "cullface": "down"}
			}
		},
		{
			"from": [13, -0.5, 4.01071],
			"to": [14, 0, 12.01071],
			"rotation": {"angle": 0, "axis": "y", "origin": [-10.85714, -0.75, 7.89286]},
			"faces": {
				"east": {"uv": [13.032, 4.032, 13.5, 11.98929], "rotation": 90, "texture": "#1", "cullface": "down"},
				"south": {"uv": [13.032, 4.032, 13.968, 4.48929], "texture": "#1", "cullface": "down"},
				"west": {"uv": [13.032, 4.032, 13.5, 11.98929], "rotation": 90, "texture": "#1", "cullface": "down"},
				"down": {"uv": [13.032, 4.032, 13.968, 11.98929], "texture": "#1", "cullface": "down"}
			}
		},
		{
			"from": [11, -0.5, 6.01071],
			"to": [12, 0, 13.01071],
			"rotation": {"angle": 0, "axis": "y", "origin": [-10.85714, -0.75, 7.89286]},
			"faces": {
				"north": {"uv": [11.032, 3.032, 11.968, 3.48929], "texture": "#1", "cullface": "down"},
				"east": {"uv": [11.032, 3.032, 11.5, 9.98929], "rotation": 90, "texture": "#1", "cullface": "down"},
				"south": {"uv": [11.032, 3.032, 11.968, 3.48929], "texture": "#1", "cullface": "down"},
				"west": {"uv": [11.032, 3.032, 11.5, 9.98929], "rotation": 90, "texture": "#1", "cullface": "down"},
				"down": {"uv": [11.032, 3.032, 11.968, 9.98929], "texture": "#1", "cullface": "down"}
			}
		},
		{
			"from": [4, -0.5, 6.01071],
			"to": [5, 0, 11.01071],
			"rotation": {"angle": 0, "axis": "y", "origin": [-10.85714, -0.75, 7.89286]},
			"faces": {
				"north": {"uv": [4.032, 5.032, 4.968, 5.48929], "texture": "#1", "cullface": "down"},
				"east": {"uv": [4.032, 5.032, 8.968, 5.48929], "texture": "#1", "cullface": "down"},
				"south": {"uv": [4.032, 5.032, 4.968, 5.48929], "texture": "#1", "cullface": "down"},
				"west": {"uv": [4.032, 5.032, 8.968, 5.48929], "texture": "#1", "cullface": "down"},
				"down": {"uv": [4.032, 5.032, 4.968, 9.98929], "texture": "#1", "cullface": "down"}
			}
		},
		{
			"from": [5, -0.5, 5.01071],
			"to": [11, 0, 6.01071],
			"rotation": {"angle": 0, "axis": "y", "origin": [-10.85714, -0.75, 7.89286]},
			"faces": {
				"north": {"uv": [5.032, 10.032, 10.968, 10.48929], "texture": "#1", "cullface": "down"},
				"east": {"uv": [5.032, 10.032, 5.968, 10.48929], "texture": "#1", "cullface": "down"},
				"south": {"uv": [5.032, 10.032, 10.968, 10.48929], "texture": "#1", "cullface": "down"},
				"west": {"uv": [5.032, 10.032, 5.968, 10.48929], "texture": "#1", "cullface": "down"},
				"down": {"uv": [5.032, 10.032, 10.968, 10.98929], "texture": "#1", "cullface": "down"}
			}
		},
		{
			"from": [6, -0.5, 12.01071],
			"to": [10, 0, 13.01071],
			"rotation": {"angle": 0, "axis": "y", "origin": [-10.85714, -0.75, 7.89286]},
			"faces": {
				"north": {"uv": [6.032, 3.032, 9.968, 3.48929], "texture": "#1", "cullface": "down"},
				"east": {"uv": [6.032, 3.032, 6.968, 3.48929], "texture": "#1", "cullface": "down"},
				"south": {"uv": [6.032, 3.032, 9.968, 3.48929], "texture": "#1", "cullface": "down"},
				"west": {"uv": [6.032, 3.032, 6.968, 3.48929], "texture": "#1", "cullface": "down"},
				"down": {"uv": [6.032, 3.032, 9.968, 3.98929], "texture": "#1", "cullface": "down"}
			}
		},
		{
			"from": [10, -0.5, 11.01071],
			"to": [11, 0, 12.01071],
			"rotation": {"angle": 0, "axis": "y", "origin": [-10.85714, -0.75, 7.89286]},
			"faces": {
				"north": {"uv": [10.032, 4.032, 10.968, 4.48929], "texture": "#1", "cullface": "down"},
				"south": {"uv": [10.032, 4.032, 10.968, 4.48929], "texture": "#1", "cullface": "down"},
				"west": {"uv": [10.032, 4.032, 10.968, 4.48929], "texture": "#1", "cullface": "down"},
				"down": {"uv": [10.032, 4.032, 10.968, 4.98929], "texture": "#1", "cullface": "down"}
			}
		},
		{
			"from": [9, -0.5, 7.01071],
			"to": [10, 0, 11.01071],
			"rotation": {"angle": 0, "axis": "y", "origin": [-10.85714, -0.75, 7.89286]},
			"faces": {
				"north": {"uv": [9.032, 5.032, 9.968, 5.48929], "texture": "#1", "cullface": "down"},
				"east": {"uv": [9.032, 5.032, 12.968, 5.48929], "texture": "#1", "cullface": "down"},
				"south": {"uv": [9.032, 5.032, 9.968, 5.48929], "texture": "#1", "cullface": "down"},
				"west": {"uv": [9.032, 5.032, 12.968, 5.48929], "texture": "#1", "cullface": "down"},
				"down": {"uv": [9.032, 5.032, 9.968, 8.98929], "texture": "#1", "cullface": "down"}
			}
		},
		{
			"from": [6, -0.5, 7.01071],
			"to": [7, 0, 11.01071],
			"rotation": {"angle": 0, "axis": "y", "origin": [-10.85714, -0.75, 7.89286]},
			"faces": {
				"north": {"uv": [6.032, 5.032, 6.968, 5.48929], "texture": "#1", "cullface": "down"},
				"east": {"uv": [6.032, 5.032, 9.968, 5.48929], "texture": "#1", "cullface": "down"},
				"south": {"uv": [6.032, 5.032, 6.968, 5.48929], "texture": "#1", "cullface": "down"},
				"west": {"uv": [6.032, 5.032, 9.968, 5.48929], "texture": "#1", "cullface": "down"},
				"down": {"uv": [6.032, 5.032, 6.968, 8.98929], "texture": "#1", "cullface": "down"}
			}
		},
		{
			"from": [7, -0.5, 7.01071],
			"to": [9, 0, 8.01071],
			"rotation": {"angle": 0, "axis": "y", "origin": [-10.85714, -0.75, 7.89286]},
			"faces": {
				"north": {"uv": [7.032, 8.032, 8.968, 8.48929], "texture": "#1", "cullface": "down"},
				"south": {"uv": [7.032, 8.032, 8.968, 8.48929], "texture": "#1", "cullface": "down"},
				"down": {"uv": [7.032, 8.032, 8.968, 8.98929], "texture": "#1", "cullface": "down"}
			}
		},
		{
			"from": [7, -0.5, 10.01071],
			"to": [9, 0, 11.01071],
			"rotation": {"angle": 0, "axis": "y", "origin": [-10.85714, -0.75, 7.89286]},
			"faces": {
				"north": {"uv": [7.032, 5.032, 8.968, 5.48929], "texture": "#1", "cullface": "down"},
				"south": {"uv": [7.032, 5.032, 8.968, 5.48929], "texture": "#1", "cullface": "down"},
				"down": {"uv": [7.032, 5.032, 8.968, 5.98929], "texture": "#1", "cullface": "down"}
			}
		},
		{
			"from": [0, -0.5, 13.01071],
			"to": [6, 0, 14.01071],
			"rotation": {"angle": 0, "axis": "y", "origin": [-10.85714, -0.75, 7.89286]},
			"faces": {
				"north": {"uv": [0.032, 2.032, 5.968, 2.48929], "texture": "#1", "cullface": "down"},
				"east": {"uv": [0.032, 2.032, 0.968, 2.48929], "texture": "#1", "cullface": "down"},
				"south": {"uv": [0.032, 2.032, 5.968, 2.48929], "texture": "#1", "cullface": "down"},
				"west": {"uv": [0.032, 2.032, 0.968, 2.48929], "texture": "#1", "cullface": "west"},
				"down": {"uv": [0.032, 2.032, 5.968, 2.98929], "texture": "#1", "cullface": "down"}
			}
		},
		{
			"from": [2, -0.5, 15.01071],
			"to": [8, 0, 16.01071],
			"rotation": {"angle": 0, "axis": "y", "origin": [-10.85714, -0.75, 7.89286]},
			"faces": {
				"north": {"uv": [2.032, 0.032, 7.968, 0.5], "texture": "#1", "cullface": "down"},
				"east": {"uv": [2.032, 0.032, 2.968, 0.5], "texture": "#1", "cullface": "down"},
				"south": {"uv": [2.032, 0.032, 7.968, 0.5], "texture": "#1", "cullface": "down"},
				"west": {"uv": [2.032, 0.032, 2.968, 0.5], "texture": "#1", "cullface": "down"},
				"up": {"uv": [2.032, 0.032, 7.968, 0.968], "texture": "#1", "cullface": "down"},
				"down": {"uv": [2.032, 0.032, 7.968, 0.98929], "texture": "#1", "cullface": "down"}
			}
		},
		{
			"from": [8, -0.5, 14.01071],
			"to": [14, 0, 15.01071],
			"rotation": {"angle": 0, "axis": "y", "origin": [-10.85714, -0.75, 7.89286]},
			"faces": {
				"north": {"uv": [8.032, 1.032, 13.968, 1.48929], "texture": "#1", "cullface": "down"},
				"east": {"uv": [8.032, 1.032, 8.968, 1.48929], "texture": "#1", "cullface": "down"},
				"south": {"uv": [8.032, 1.032, 13.968, 1.48929], "texture": "#1", "cullface": "down"},
				"west": {"uv": [8.032, 1.032, 8.968, 1.48929], "texture": "#1", "cullface": "down"},
				"down": {"uv": [8.032, 1.032, 13.968, 1.98929], "texture": "#1", "cullface": "down"}
			}
		},
		{
			"from": [13, -0.5, 13.01071],
			"to": [15, 0, 14.01071],
			"rotation": {"angle": 0, "axis": "y", "origin": [-10.85714, -0.75, 7.89286]},
			"faces": {
				"north": {"uv": [13.032, 2.032, 14.968, 2.48929], "texture": "#1", "cullface": "down"},
				"south": {"uv": [13.032, 2.032, 14.968, 2.48929], "texture": "#1", "cullface": "down"},
				"west": {"uv": [13.032, 2.032, 13.968, 2.48929], "texture": "#1", "cullface": "down"},
				"down": {"uv": [13.032, 2.032, 14.968, 2.98929], "texture": "#1", "cullface": "down"}
			}
		},
		{
			"from": [13, -0.5, 2.01071],
			"to": [15, 0, 3.01071],
			"rotation": {"angle": 0, "axis": "y", "origin": [-10.85714, -0.75, 7.89286]},
			"faces": {
				"north": {"uv": [13.032, 13.032, 14.968, 13.48929], "texture": "#1", "cullface": "down"},
				"east": {"uv": [13.032, 13.032, 13.968, 13.48929], "texture": "#1", "cullface": "down"},
				"west": {"uv": [13.032, 13.032, 13.968, 13.48929], "texture": "#1", "cullface": "down"},
				"down": {"uv": [13.032, 13.032, 14.968, 13.98929], "texture": "#1", "cullface": "down"}
			}
		},
		{
			"from": [14, -0.5, 3.01071],
			"to": [16, 0, 4.01071],
			"rotation": {"angle": 0, "axis": "y", "origin": [-10.85714, -0.75, 7.89286]},
			"faces": {
				"north": {"uv": [14.032, 12.032, 15.968, 12.48929], "texture": "#1", "cullface": "down"},
				"east": {"uv": [14.032, 12.032, 14.968, 12.48929], "texture": "#1", "cullface": "down"},
				"south": {"uv": [14.032, 12.032, 15.968, 12.48929], "texture": "#1", "cullface": "down"},
				"down": {"uv": [14.032, 12.032, 15.968, 12.98929], "texture": "#1", "cullface": "down"}
			}
		},
		{
			"from": [1, -0.5, 0.01071],
			"to": [14, 0, 1.01071],
			"rotation": {"angle": 0, "axis": "y", "origin": [-10.85714, -0.75, 7.89286]},
			"faces": {
				"north": {"uv": [1.032, 15.032, 13.968, 15.48929], "texture": "#1", "cullface": "down"},
				"east": {"uv": [1.032, 15.032, 1.968, 15.48929], "texture": "#1", "cullface": "down"},
				"south": {"uv": [1.032, 15.032, 13.968, 15.48929], "texture": "#1", "cullface": "down"},
				"west": {"uv": [1.032, 15.032, 1.968, 15.48929], "texture": "#1", "cullface": "down"},
				"down": {"uv": [1.032, 15.032, 13.968, 15.98929], "texture": "#1", "cullface": "down"}
			}
		},
		{
			"from": [2, -0.5, 1.01071],
			"to": [10, 0, 2.01071],
			"rotation": {"angle": 0, "axis": "y", "origin": [-10.85714, -0.75, 7.89286]},
			"faces": {
				"east": {"uv": [2.032, 14.032, 2.968, 14.48929], "texture": "#1", "cullface": "down"},
				"south": {"uv": [2.032, 14.032, 9.968, 14.48929], "texture": "#1", "cullface": "down"},
				"west": {"uv": [2.032, 14.032, 2.968, 14.48929], "texture": "#1", "cullface": "down"},
				"down": {"uv": [2.032, 14.032, 9.968, 14.98929], "texture": "#1", "cullface": "down"}
			}
		},
		{
			"from": [0, -0.5, 2.01071],
			"to": [3, 0, 3.01071],
			"rotation": {"angle": 0, "axis": "y", "origin": [-10.85714, -0.75, 7.89286]},
			"faces": {
				"north": {"uv": [0.032, 13.032, 2.968, 13.48929], "texture": "#1", "cullface": "down"},
				"east": {"uv": [0.032, 13.032, 0.968, 13.48929], "texture": "#1", "cullface": "down"},
				"south": {"uv": [0.032, 13.032, 2.968, 13.48929], "texture": "#1", "cullface": "down"},
				"west": {"uv": [0.032, 13.032, 0.968, 13.48929], "texture": "#1", "cullface": "west"},
				"down": {"uv": [0.032, 13.032, 2.968, 13.98929], "texture": "#1", "cullface": "down"}
			}
		},
		{
			"from": [0, -0.5, 3.01071],
			"to": [1, 0, 8.01071],
			"rotation": {"angle": 0, "axis": "y", "origin": [-10.85714, -0.75, 7.89286]},
			"faces": {
				"east": {"uv": [0.032, 8.032, 4.968, 8.48929], "texture": "#1", "cullface": "down"},
				"south": {"uv": [0.032, 8.032, 0.968, 8.48929], "texture": "#1", "cullface": "down"},
				"west": {"uv": [0.032, 8.032, 4.968, 8.48929], "texture": "#1", "cullface": "west"},
				"down": {"uv": [0.032, 8.032, 0.968, 12.98929], "texture": "#1", "cullface": "down"}
			}
		},
		{
			"from": [3, -0.5, 10.01071],
			"to": [4, 0, 12.01071],
			"rotation": {"angle": 0, "axis": "y", "origin": [-10.85714, -0.75, 7.89286]},
			"faces": {
				"north": {"uv": [3.032, 4.032, 3.968, 4.48929], "texture": "#1", "cullface": "down"},
				"east": {"uv": [3.032, 4.032, 4.968, 4.48929], "texture": "#1", "cullface": "down"},
				"south": {"uv": [3.032, 4.032, 3.968, 4.48929], "texture": "#1", "cullface": "down"},
				"west": {"uv": [3.032, 4.032, 4.968, 4.48929], "texture": "#1", "cullface": "down"},
				"down": {"uv": [3.032, 4.032, 3.968, 5.98929], "texture": "#1", "cullface": "down"}
			}
		},
		{
			"from": [1, -0.5, 12.01071],
			"to": [2, 0, 13.01071],
			"rotation": {"angle": 0, "axis": "y", "origin": [-10.85714, -0.75, 7.89286]},
			"faces": {
				"north": {"uv": [1.032, 3.032, 1.968, 3.48929], "texture": "#1", "cullface": "down"},
				"east": {"uv": [1.032, 3.032, 1.968, 3.48929], "texture": "#1", "cullface": "down"},
				"west": {"uv": [1.032, 3.032, 1.968, 3.48929], "texture": "#1", "cullface": "down"},
				"down": {"uv": [1.032, 3.032, 1.968, 3.98929], "texture": "#1", "cullface": "down"}
			}
		},
		{
			"from": [1, -0.5, 14.01071],
			"to": [3, 0, 15.01071],
			"rotation": {"angle": 0, "axis": "y", "origin": [-10.85714, -0.75, 7.89286]},
			"faces": {
				"east": {"uv": [1.032, 1.032, 1.968, 1.48929], "texture": "#1", "cullface": "down"},
				"south": {"uv": [1.032, 1.032, 2.968, 1.48929], "texture": "#1", "cullface": "down"},
				"west": {"uv": [1.032, 1.032, 1.968, 1.48929], "texture": "#1", "cullface": "down"},
				"down": {"uv": [1.032, 1.032, 2.968, 1.98929], "texture": "#1", "cullface": "down"}
			}
		},
		{
			"from": [13, -0.5, 1.01071],
			"to": [14, 0, 2.01071],
			"rotation": {"angle": 0, "axis": "y", "origin": [-10.85714, -0.75, 7.89286]},
			"faces": {
				"east": {"uv": [13.032, 14.032, 13.968, 14.48929], "texture": "#1", "cullface": "down"},
				"west": {"uv": [13.032, 14.032, 13.968, 14.48929], "texture": "#1", "cullface": "down"},
				"down": {"uv": [13.032, 14.032, 13.968, 14.98929], "texture": "#1", "cullface": "down"}
			}
		},
		{
			"from": [15, -0.5, 0.01071],
			"to": [16, 0, 2.01071],
			"rotation": {"angle": 0, "axis": "y", "origin": [-10.85714, -0.75, 7.89286]},
			"faces": {
				"north": {"uv": [15.032, 14.032, 15.968, 14.48929], "texture": "#1", "cullface": "down"},
				"east": {"uv": [15.032, 14.032, 15.5, 15.98929], "rotation": 90, "texture": "#1", "cullface": "down"},
				"south": {"uv": [15.032, 14.032, 15.968, 14.48929], "texture": "#1", "cullface": "down"},
				"west": {"uv": [15.032, 14.032, 15.5, 15.98929], "rotation": 90, "texture": "#1", "cullface": "down"},
				"down": {"uv": [15.032, 14.032, 15.968, 15.98929], "texture": "#1", "cullface": "down"}
			}
		},
		{
			"from": [15, -0.5, 8.01071],
			"to": [16, 0, 16.01071],
			"rotation": {"angle": 0, "axis": "y", "origin": [-10.85714, -0.75, 7.89286]},
			"faces": {
				"north": {"uv": [15.032, 0.032, 15.968, 0.5], "texture": "#1", "cullface": "down"},
				"east": {"uv": [15.032, 0.032, 15.5, 7.968], "rotation": 90, "texture": "#1", "cullface": "down"},
				"south": {"uv": [15.032, 0.032, 15.968, 0.5], "texture": "#1", "cullface": "down"},
				"west": {"uv": [15.032, 0.032, 15.5, 7.968], "rotation": 90, "texture": "#1", "cullface": "down"},
				"up": {"uv": [15.032, 0.032, 15.968, 7.968], "texture": "#1", "cullface": "down"},
				"down": {"uv": [15.032, 0.032, 15.968, 7.98929], "texture": "#1", "cullface": "down"}
			}
		},
		{
			"from": [3, -0.5, 3.01071],
			"to": [14, 0, 4.01071],
			"rotation": {"angle": 0, "axis": "y", "origin": [-10.85714, -0.75, 7.89286]},
			"faces": {
				"north": {"uv": [3.032, 12.032, 13.968, 12.48929], "texture": "#1", "cullface": "down"},
				"south": {"uv": [3.032, 12.032, 13.968, 12.48929], "texture": "#1", "cullface": "down"},
				"down": {"uv": [3.032, 12.032, 13.968, 12.98929], "texture": "#1", "cullface": "down"}
			}
		}
	],
	"display": {
		"thirdperson_righthand": {
			"rotation": [75, 45, 0],
			"translation": [0, 2.5, 0],
			"scale": [0.375, 0.375, 0.375]
		},
		"thirdperson_lefthand": {
			"rotation": [75, 45, 0],
			"translation": [0, 2.5, 0],
			"scale": [0.375, 0.375, 0.375]
		},
		"firstperson_righthand": {
			"rotation": [0, 45, 0],
			"scale": [0.4, 0.4, 0.4]
		},
		"firstperson_lefthand": {
			"rotation": [0, 225, 0],
			"scale": [0.4, 0.4, 0.4]
		},
		"ground": {
			"translation": [0, 3, 0],
			"scale": [0.25, 0.25, 0.25]
		},
		"gui": {
			"rotation": [30, 225, 0],
			"scale": [0.625, 0.625, 0.625]
		},
		"fixed": {
			"scale": [0.5, 0.5, 0.5]
		}
	},
	"groups": [0,
		{
			"name": "1",
			"origin": [8, 8, 8],
			"children": [
				{
					"name": "group",
					"origin": [8.16, 7.74, -0.234],
					"children": [1, 2, 3, 4, 5, 6, 7, 8, 9, 10, 11, 12, 13, 14, 15, 16, 17, 18, 19, 20, 21, 22, 23, 24, 25, 26, 27, 28, 29, 30, 31, 32, 33, 34, 35, 36, 37, 38, 39, 40, 41, 42, 43, 44, 45, 46, 47, 48, 49, 50]
				},
				{
					"name": "group",
					"origin": [8.16, 7.74, -0.234],
					"children": [51, 52, 53, 54, 55, 56, 57, 58, 59, 60, 61, 62, 63, 64, 65, 66, 67, 68, 69, 70, 71, 72, 73, 74, 75]
				},
				{
					"name": "group",
					"origin": [8.16, 7.74, -0.234],
					"children": [76, 77, 78, 79, 80, 81, 82, 83, 84, 85, 86, 87, 88, 89, 90, 91, 92, 93, 94, 95, 96, 97, 98, 99, 100]
				}
			]
		},
		{
			"name": "2",
			"origin": [8, 8, 8],
			"children": [101, 102, 103, 104, 105, 106, 107, 108, 109, 110, 111, 112, 113, 114, 115, 116, 117, 118, 119, 120, 121, 122, 123, 124, 125, 126, 127, 128]
		},
		{
			"name": "3",
			"origin": [8, 8, 8],
			"children": [129, 130, 131, 132, 133, 134, 135, 136, 137, 138, 139, 140, 141, 142, 143, 144, 145, 146, 147, 148, 149, 150, 151, 152, 153, 154, 155, 156]
		}
	]
}