{
	"credit": "Made with Blockbench",
	"parent": "minecraft:block/cube_bottom_top",
	"textures": {
		"3": "item/apple",
		"top": "block/barrel_top_open",
		"bottom": "block/barrel_bottom",
		"particle": "block/barrel_side",
		"side": "block/barrel_side"
	},
	"elements": [
		{
			"from": [-0.5, 11, 16],
			"to": [16.5, 13, 16.5],
			"rotation": {"angle": 0, "axis": "y", "origin": [8, 19, 7]},
			"faces": {
				"east": {"uv": [0, 3, 0.5, 5], "texture": "#side", "cullface": "east"},
				"south": {"uv": [0, 3, 16, 5], "texture": "#side", "cullface": "south"},
				"west": {"uv": [15, 3, 15.5, 5], "texture": "#side", "cullface": "west"},
				"up": {"uv": [0, 3, 16, 3.5], "texture": "#side", "cullface": "south"},
				"down": {"uv": [0, 12, 16, 12.5], "texture": "#side", "cullface": "south"}
			}
		},
		{
			"from": [-0.5, 3, 16],
			"to": [16.5, 5, 16.5],
			"rotation": {"angle": 0, "axis": "y", "origin": [8, 11, 7]},
			"faces": {
				"east": {"uv": [0, 11, 0.5, 13], "texture": "#side", "cullface": "east"},
				"south": {"uv": [0, 11, 16, 13], "texture": "#side", "cullface": "south"},
				"west": {"uv": [15, 11, 15.5, 13], "texture": "#side", "cullface": "west"},
				"up": {"uv": [0, 11, 16, 11.5], "texture": "#side", "cullface": "south"},
				"down": {"uv": [0, 12, 16, 12.5], "texture": "#side", "cullface": "south"}
			}
		},
		{
			"from": [-0.5, 3, -0.5],
			"to": [16.5, 5, 0],
			"rotation": {"angle": 0, "axis": "y", "origin": [8, 11, -9.5]},
			"faces": {
				"north": {"uv": [0, 11, 16, 13], "texture": "#side", "cullface": "north"},
				"east": {"uv": [15, 11, 15.5, 13], "texture": "#side", "cullface": "north"},
				"west": {"uv": [0, 11, 0.5, 13], "texture": "#side", "cullface": "west"},
				"up": {"uv": [0, 11, 16, 11.5], "texture": "#side", "cullface": "north"},
				"down": {"uv": [0, 12, 16, 12.5], "texture": "#side", "cullface": "north"}
			}
		},
		{
			"from": [-0.5, 11, -0.5],
			"to": [16.5, 13, 0],
			"rotation": {"angle": 0, "axis": "y", "origin": [8, 19, -9.5]},
			"faces": {
				"north": {"uv": [0, 3, 16, 5], "texture": "#side", "cullface": "north"},
				"east": {"uv": [15, 3, 15.5, 5], "texture": "#side", "cullface": "north"},
				"west": {"uv": [0, 3, 0.5, 5], "texture": "#side", "cullface": "west"},
				"up": {"uv": [0, 3, 16, 3.5], "texture": "#side", "cullface": "north"},
				"down": {"uv": [0, 12, 16, 12.5], "texture": "#side", "cullface": "north"}
			}
		},
		{
			"from": [16, 11, 0],
			"to": [16.5, 13, 16],
			"rotation": {"angle": 0, "axis": "y", "origin": [8, 19, -9]},
			"faces": {
				"east": {"uv": [0, 3, 16, 5], "texture": "#side", "cullface": "east"},
				"up": {"uv": [0, 3, 16, 3.5], "rotation": 90, "texture": "#side", "cullface": "east"},
				"down": {"uv": [0, 12, 16, 12.5], "rotation": 90, "texture": "#side", "cullface": "east"}
			}
		},
		{
			"from": [16, 3, 0],
			"to": [16.5, 5, 16],
			"rotation": {"angle": 0, "axis": "y", "origin": [8, 11, -9]},
			"faces": {
				"east": {"uv": [0, 11, 16, 13], "texture": "#side", "cullface": "east"},
				"up": {"uv": [0, 11, 16, 11.5], "rotation": 90, "texture": "#side", "cullface": "east"},
				"down": {"uv": [0, 12, 16, 12.5], "rotation": 90, "texture": "#side", "cullface": "east"}
			}
		},
		{
			"from": [-0.5, 3, 0],
			"to": [0, 5, 16],
			"rotation": {"angle": 0, "axis": "y", "origin": [-8.5, 11, -9]},
			"faces": {
				"west": {"uv": [0, 11, 16, 13], "texture": "#side", "cullface": "west"},
				"up": {"uv": [0, 11, 16, 11.5], "rotation": 90, "texture": "#side", "cullface": "west"},
				"down": {"uv": [0, 12, 16, 12.5], "rotation": 90, "texture": "#side", "cullface": "west"}
			}
		},
		{
			"from": [-0.5, 11, 0],
			"to": [0, 13, 16],
			"rotation": {"angle": 0, "axis": "y", "origin": [-8.5, 19, -9]},
			"faces": {
				"west": {"uv": [0, 3, 16, 5], "texture": "#side", "cullface": "west"},
				"up": {"uv": [0, 3, 16, 3.5], "rotation": 90, "texture": "#side", "cullface": "west"},
				"down": {"uv": [0, 12, 16, 12.5], "rotation": 90, "texture": "#side", "cullface": "west"}
			}
		},
		{
			"from": [0, 15, 0],
			"to": [16, 16, 1],
			"rotation": {"angle": 0, "axis": "y", "origin": [8, 23, 8]},
			"faces": {
				"north": {"uv": [0, 0, 16, 1], "texture": "#side", "cullface": "north"},
				"east": {"uv": [15, 0, 16, 1], "texture": "#side", "cullface": "east"},
				"south": {"uv": [0, 0, 16, 1], "texture": "#side"},
				"west": {"uv": [0, 0, 1, 1], "texture": "#side", "cullface": "west"},
				"up": {"uv": [0, 0, 16, 1], "texture": "#top", "cullface": "up"}
			}
		},
		{
			"from": [0, 15, 15],
			"to": [16, 16, 16],
			"rotation": {"angle": 0, "axis": "y", "origin": [8, 23, 23]},
			"faces": {
				"north": {"uv": [0, 0, 16, 1], "texture": "#side"},
				"east": {"uv": [0, 0, 1, 1], "texture": "#side", "cullface": "east"},
				"south": {"uv": [0, 0, 16, 1], "texture": "#side", "cullface": "south"},
				"west": {"uv": [15, 0, 16, 1], "texture": "#side", "cullface": "west"},
				"up": {"uv": [0, 15, 16, 16], "texture": "#top", "cullface": "up"}
			}
		},
		{
			"from": [15, 15, 1],
			"to": [16, 16, 15],
			"rotation": {"angle": 0, "axis": "y", "origin": [8, 23, 22]},
			"faces": {
				"east": {"uv": [1, 0, 15, 1], "texture": "#side", "cullface": "east"},
				"west": {"uv": [1, 0, 15, 1], "texture": "#side"},
				"up": {"uv": [15, 1, 16, 15], "texture": "#top", "cullface": "up"}
			}
		},
		{
			"from": [0, 15, 1],
			"to": [1, 16, 15],
			"rotation": {"angle": 0, "axis": "y", "origin": [-7, 23, 22]},
			"faces": {
				"east": {"uv": [1, 0, 15, 1], "texture": "#side"},
				"west": {"uv": [1, 0, 15, 1], "texture": "#side", "cullface": "west"},
				"up": {"uv": [0, 1, 1, 15], "texture": "#top", "cullface": "up"}
			}
		},
		{
			"from": [15, 0, 1],
			"to": [16, 15, 15],
			"rotation": {"angle": 0, "axis": "y", "origin": [23, 8, 22]},
			"faces": {
				"east": {"uv": [1, 1, 15, 16], "texture": "#side", "cullface": "east"},
				"west": {"uv": [5, 5, 11, 11], "texture": "#top"},
				"down": {"uv": [15, 1, 16, 15], "texture": "#bottom", "cullface": "down"}
			}
		},
		{
			"from": [0, 0, 0],
			"to": [16, 15, 1],
			"faces": {
				"north": {"uv": [0, 1, 16, 16], "texture": "#side", "cullface": "north"},
				"east": {"uv": [15, 1, 16, 16], "texture": "#side", "cullface": "east"},
				"south": {"uv": [5, 5, 11, 11], "texture": "#top"},
				"west": {"uv": [0, 1, 1, 16], "texture": "#side", "cullface": "west"},
				"down": {"uv": [0, 15, 16, 16], "texture": "#bottom", "cullface": "down"}
			}
		},
		{
			"from": [0, 0, 1],
			"to": [1, 15, 15],
			"rotation": {"angle": 0, "axis": "y", "origin": [8, 8, 22]},
			"faces": {
				"east": {"uv": [5, 5, 11, 11], "texture": "#top"},
				"west": {"uv": [1, 1, 15, 16], "texture": "#side", "cullface": "west"},
				"down": {"uv": [0, 1, 1, 15], "texture": "#bottom", "cullface": "down"}
			}
		},
		{
			"from": [0, 0, 15],
			"to": [16, 15, 16],
			"rotation": {"angle": 0, "axis": "y", "origin": [8, 8, 23]},
			"faces": {
				"north": {"uv": [5, 5, 11, 11], "texture": "#top"},
				"east": {"uv": [0, 1, 1, 16], "texture": "#side", "cullface": "east"},
				"south": {"uv": [0, 1, 16, 16], "texture": "#side", "cullface": "south"},
				"west": {"uv": [15, 1, 16, 16], "texture": "#side", "cullface": "west"},
				"down": {"uv": [0, 0, 16, 1], "texture": "#bottom", "cullface": "down"}
			}
		},
		{
			"from": [1, 0, 1],
			"to": [15, 1, 15],
			"rotation": {"angle": 0, "axis": "y", "origin": [9, 8, 9]},
			"faces": {
				"up": {"uv": [5, 5, 11, 11], "texture": "#top"},
				"down": {"uv": [1, 1, 15, 15], "texture": "#bottom", "cullface": "down"}
			}
		},
		{
			"from": [12, 14, 12],
			"to": [15, 15, 15],
			"rotation": {"angle": 0, "axis": "y", "origin": [20, 22, 20]},
			"faces": {
				"north": {"uv": [1, 1, 4, 2], "texture": "#top"},
				"west": {"uv": [12, 1, 15, 2], "texture": "#top"},
				"up": {"uv": [12, 12, 15, 15], "texture": "#top"}
			}
		},
		{
			"from": [13, 14, 11],
			"to": [14, 15, 12],
			"rotation": {"angle": 0, "axis": "y", "origin": [21, 22, 17]},
			"faces": {
				"north": {"uv": [2, 1, 3, 2], "texture": "#top"},
				"west": {"uv": [11, 1, 12, 2], "texture": "#top"},
				"up": {"uv": [13, 11, 14, 12], "texture": "#top"}
			}
		},
		{
			"from": [14, 14, 4],
			"to": [15, 15, 12],
			"rotation": {"angle": 0, "axis": "y", "origin": [22, 22, 10]},
			"faces": {
				"west": {"uv": [4, 1, 12, 2], "texture": "#top"},
				"up": {"uv": [14, 4, 15, 12], "texture": "#top"}
			}
		},
		{
			"from": [13, 14, 4],
			"to": [14, 15, 5],
			"rotation": {"angle": 0, "axis": "y", "origin": [21, 22, 10]},
			"faces": {
				"south": {"uv": [13, 1, 14, 2], "texture": "#top"},
				"west": {"uv": [4, 1, 5, 2], "texture": "#top"},
				"up": {"uv": [13, 4, 14, 5], "texture": "#top"}
			}
		},
		{
			"from": [12, 14, 1],
			"to": [15, 15, 4],
			"rotation": {"angle": 0, "axis": "y", "origin": [20, 22, 9]},
			"faces": {
				"south": {"uv": [12, 1, 15, 2], "texture": "#top"},
				"west": {"uv": [1, 1, 4, 2], "texture": "#top"},
				"up": {"uv": [12, 1, 15, 4], "texture": "#top"}
			}
		},
		{
			"from": [11, 14, 2],
			"to": [12, 15, 3],
			"rotation": {"angle": 0, "axis": "y", "origin": [19, 22, 8]},
			"faces": {
				"south": {"uv": [11, 1, 12, 2], "texture": "#top"},
				"west": {"uv": [2, 1, 3, 2], "texture": "#top"},
				"up": {"uv": [11, 2, 12, 3], "texture": "#top"}
			}
		},
		{
			"from": [4, 14, 1],
			"to": [12, 15, 2],
			"rotation": {"angle": 0, "axis": "y", "origin": [12, 22, 7]},
			"faces": {
				"south": {"uv": [4, 1, 12, 2], "texture": "#top"},
				"up": {"uv": [4, 1, 12, 2], "texture": "#top"}
			}
		},
		{
			"from": [4, 14, 2],
			"to": [5, 15, 3],
			"rotation": {"angle": 0, "axis": "y", "origin": [12, 22, 8]},
			"faces": {
				"east": {"uv": [13, 1, 14, 2], "texture": "#top"},
				"south": {"uv": [4, 1, 5, 2], "texture": "#top"},
				"up": {"uv": [4, 2, 5, 3], "texture": "#top"}
			}
		},
		{
			"from": [5, 14, 13],
			"to": [11, 14.5, 14],
			"rotation": {"angle": 0, "axis": "y", "origin": [13, 22, 19]},
			"faces": {
				"north": {"uv": [5, 13, 11, 13.5], "texture": "#top"},
				"up": {"uv": [5, 13, 11, 14], "texture": "#top"}
			}
		},
		{
			"from": [9, 14, 12],
			"to": [11, 14.5, 13],
			"rotation": {"angle": 0, "axis": "y", "origin": [16, 22, 19]},
			"faces": {
				"north": {"uv": [9, 12, 11, 12.5], "rotation": 180, "texture": "#top"},
				"west": {"uv": [9, 12, 10, 12.5], "texture": "#top"},
				"up": {"uv": [9, 12, 11, 13], "texture": "#top"}
			}
		},
		{
			"from": [11, 14, 11],
			"to": [12, 14.5, 13],
			"rotation": {"angle": 0, "axis": "y", "origin": [18, 22, 17]},
			"faces": {
				"north": {"uv": [11, 11, 12, 11.5], "texture": "#top"},
				"west": {"uv": [11, 11, 13, 11.5], "texture": "#top"},
				"up": {"uv": [11, 11, 12, 13], "texture": "#top"}
			}
		},
		{
			"from": [12, 14, 9],
			"to": [13, 14.5, 12],
			"rotation": {"angle": 0, "axis": "y", "origin": [19, 22, 16]},
			"faces": {
				"north": {"uv": [12, 9, 13, 9.5], "texture": "#top"},
				"west": {"uv": [12, 9, 15, 9.5], "texture": "#top"},
				"up": {"uv": [12, 9, 13, 12], "texture": "#top"}
			}
		},
		{
			"from": [13, 14, 5],
			"to": [14, 14.5, 11],
			"rotation": {"angle": 0, "axis": "y", "origin": [20, 22, 12]},
			"faces": {
				"west": {"uv": [13, 5, 13.5, 11], "rotation": 90, "texture": "#top"},
				"up": {"uv": [13, 5, 14, 11], "texture": "#top"}
			}
		},
		{
			"from": [12, 14, 4],
			"to": [13, 14.5, 7],
			"rotation": {"angle": 0, "axis": "y", "origin": [19, 22, 11]},
			"faces": {
				"south": {"uv": [12, 4, 13, 4.5], "texture": "#top"},
				"west": {"uv": [12, 4, 12.5, 7], "rotation": 90, "texture": "#top"},
				"up": {"uv": [12, 4, 13, 7], "texture": "#top"}
			}
		},
		{
			"from": [11, 14, 3],
			"to": [12, 14.5, 5],
			"rotation": {"angle": 0, "axis": "y", "origin": [18, 22, 9]},
			"faces": {
				"south": {"uv": [11, 3, 12, 3.5], "texture": "#top"},
				"west": {"uv": [11, 3, 11.5, 5], "rotation": 90, "texture": "#top"},
				"up": {"uv": [11, 3, 12, 5], "texture": "#top"}
			}
		},
		{
			"from": [9, 14, 3],
			"to": [11, 14.5, 4],
			"rotation": {"angle": 0, "axis": "y", "origin": [16, 22, 10]},
			"faces": {
				"south": {"uv": [9, 3, 11, 3.5], "texture": "#top"},
				"west": {"uv": [9, 3, 10, 3.5], "texture": "#top"},
				"up": {"uv": [9, 3, 11, 4], "texture": "#top"}
			}
		},
		{
			"from": [5, 14, 2],
			"to": [11, 14.5, 3],
			"rotation": {"angle": 0, "axis": "y", "origin": [13, 22, 8]},
			"faces": {
				"south": {"uv": [5, 2, 11, 2.5], "texture": "#top"},
				"up": {"uv": [5, 2, 11, 3], "texture": "#top"}
			}
		},
		{
			"from": [5, 14, 3],
			"to": [7, 14.5, 4],
			"rotation": {"angle": 0, "axis": "y", "origin": [12, 22, 10]},
			"faces": {
				"east": {"uv": [5, 3, 6, 3.5], "texture": "#top"},
				"south": {"uv": [5, 3, 7, 3.5], "texture": "#top"},
				"up": {"uv": [5, 3, 7, 4], "texture": "#top"}
			}
		},
		{
			"from": [4, 14, 3],
			"to": [5, 14.5, 5],
			"rotation": {"angle": 0, "axis": "y", "origin": [11, 22, 9]},
			"faces": {
				"east": {"uv": [4, 3, 6, 3.5], "texture": "#top"},
				"south": {"uv": [4, 3, 5, 3.5], "texture": "#top"},
				"up": {"uv": [4, 3, 5, 5], "texture": "#top"}
			}
		},
		{
			"from": [3, 14, 4],
			"to": [4, 14.5, 7],
			"rotation": {"angle": 0, "axis": "y", "origin": [10, 22, 10]},
			"faces": {
				"east": {"uv": [3, 4, 6, 4.5], "texture": "#top"},
				"south": {"uv": [3, 4, 4, 4.5], "texture": "#top"},
				"up": {"uv": [3, 4, 4, 7], "texture": "#top"}
			}
		},
		{
			"from": [2, 14, 5],
			"to": [3, 14.5, 11],
			"rotation": {"angle": 0, "axis": "y", "origin": [10, 22, 16]},
			"faces": {
				"east": {"uv": [2, 5, 2.5, 11], "rotation": 90, "texture": "#top"},
				"up": {"uv": [2, 5, 3, 11], "texture": "#top"}
			}
		},
		{
			"from": [3, 14, 9],
			"to": [4, 14.5, 12],
			"rotation": {"angle": 0, "axis": "y", "origin": [10, 22, 17]},
			"faces": {
				"north": {"uv": [3, 9, 4, 9.5], "texture": "#top"},
				"east": {"uv": [3, 9, 6, 9.5], "texture": "#top"},
				"up": {"uv": [3, 9, 4, 12], "texture": "#top"}
			}
		},
		{
			"from": [4, 14, 11],
			"to": [5, 14.5, 13],
			"rotation": {"angle": 0, "axis": "y", "origin": [11, 22, 17]},
			"faces": {
				"north": {"uv": [4, 11, 5, 11.5], "texture": "#top"},
				"east": {"uv": [4, 11, 6, 11.5], "texture": "#top"},
				"up": {"uv": [4, 11, 5, 13], "texture": "#top"}
			}
		},
		{
			"from": [5, 14, 12],
			"to": [7, 14.5, 13],
			"rotation": {"angle": 0, "axis": "y", "origin": [12, 22, 19]},
			"faces": {
				"north": {"uv": [5, 12, 7, 12.5], "rotation": 180, "texture": "#top"},
				"east": {"uv": [5, 12, 6, 12.5], "texture": "#top"},
				"up": {"uv": [5, 12, 7, 13], "texture": "#top"}
			}
		},
		{
			"from": [1, 14, 1],
			"to": [4, 15, 4],
			"rotation": {"angle": 0, "axis": "y", "origin": [9, 22, 9]},
			"faces": {
				"east": {"uv": [12, 1, 15, 2], "texture": "#top"},
				"south": {"uv": [1, 1, 4, 2], "texture": "#top"},
				"up": {"uv": [1, 1, 4, 4], "texture": "#top"}
			}
		},
		{
			"from": [2, 14, 4],
			"to": [3, 15, 5],
			"rotation": {"angle": 0, "axis": "y", "origin": [10, 22, 10]},
			"faces": {
				"east": {"uv": [11, 1, 12, 2], "texture": "#top"},
				"south": {"uv": [2, 1, 3, 2], "texture": "#top"},
				"up": {"uv": [2, 4, 3, 5], "texture": "#top"}
			}
		},
		{
			"from": [1, 14, 4],
			"to": [2, 15, 12],
			"rotation": {"angle": 0, "axis": "y", "origin": [9, 22, 10]},
			"faces": {
				"east": {"uv": [4, 1, 12, 2], "texture": "#top"},
				"up": {"uv": [1, 4, 2, 12], "texture": "#top"}
			}
		},
		{
			"from": [2, 14, 11],
			"to": [3, 15, 12],
			"rotation": {"angle": 0, "axis": "y", "origin": [10, 22, 17]},
			"faces": {
				"north": {"uv": [13, 1, 14, 2], "texture": "#top"},
				"east": {"uv": [4, 1, 5, 2], "texture": "#top"},
				"up": {"uv": [2, 11, 3, 12], "texture": "#top"}
			}
		},
		{
			"from": [1, 14, 12],
			"to": [4, 15, 15],
			"rotation": {"angle": 0, "axis": "y", "origin": [9, 22, 20]},
			"faces": {
				"north": {"uv": [12, 1, 15, 2], "texture": "#top"},
				"east": {"uv": [1, 1, 4, 2], "texture": "#top"},
				"up": {"uv": [1, 12, 4, 15], "texture": "#top"}
			}
		},
		{
			"from": [4, 14, 13],
			"to": [5, 15, 14],
			"rotation": {"angle": 0, "axis": "y", "origin": [12, 22, 19]},
			"faces": {
				"north": {"uv": [11, 1, 12, 2], "texture": "#top"},
				"east": {"uv": [2, 1, 3, 2], "texture": "#top"},
				"up": {"uv": [4, 13, 5, 14], "texture": "#top"}
			}
		},
		{
			"from": [4, 14, 14],
			"to": [12, 15, 15],
			"rotation": {"angle": 0, "axis": "y", "origin": [12, 22, 20]},
			"faces": {
				"north": {"uv": [4, 1, 12, 2], "texture": "#top"},
				"up": {"uv": [4, 14, 12, 15], "texture": "#top"}
			}
		},
		{
			"from": [11, 14, 13],
			"to": [12, 15, 14],
			"rotation": {"angle": 0, "axis": "y", "origin": [19, 22, 19]},
			"faces": {
				"north": {"uv": [4, 1, 5, 2], "texture": "#top"},
				"west": {"uv": [13, 1, 14, 2], "texture": "#top"},
				"up": {"uv": [11, 13, 12, 14], "texture": "#top"}
			}
		},
		{
			"from": [2, 1, 6],
			"to": [14, 2, 11],
			"rotation": {"angle": 0, "axis": "z", "origin": [8.25, 7.5, 7.9375]},
			"faces": {
				"north": {"uv": [2, 6, 14, 7], "texture": "#3"},
				"east": {"uv": [2, 6, 7, 7], "texture": "#3"},
				"south": {"uv": [2, 6, 14, 7], "texture": "#3"},
				"west": {"uv": [2, 6, 7, 7], "texture": "#3"},
				"up": {"uv": [2, 6, 14, 11], "texture": "#3"}
			}
		},
		{
			"from": [3, 1, 5],
			"to": [13, 2, 6],
			"rotation": {"angle": 0, "axis": "z", "origin": [8.25, 7.5, 7.9375]},
			"faces": {
				"north": {"uv": [3, 5, 13, 6], "texture": "#3"},
				"east": {"uv": [3, 5, 4, 6], "texture": "#3"},
				"west": {"uv": [3, 5, 4, 6], "texture": "#3"},
				"up": {"uv": [3, 5, 13, 6], "texture": "#3"}
			}
		},
		{
			"from": [5, 1, 4],
			"to": [11, 2, 5],
			"rotation": {"angle": 0, "axis": "z", "origin": [8.25, 7.5, 7.9375]},
			"faces": {
				"north": {"uv": [5, 4, 11, 5], "texture": "#3"},
				"east": {"uv": [5, 4, 6, 5], "texture": "#3"},
				"west": {"uv": [5, 4, 6, 5], "texture": "#3"},
				"up": {"uv": [5, 4, 11, 5], "texture": "#3"}
			}
		},
		{
			"from": [8, 1, 2],
			"to": [9, 2, 4],
			"rotation": {"angle": 0, "axis": "z", "origin": [8.25, 7.5, 7.9375]},
			"faces": {
				"north": {"uv": [8, 2, 9, 3], "texture": "#3"},
				"east": {"uv": [8, 2, 10, 3], "texture": "#3"},
				"west": {"uv": [8, 2, 10, 3], "texture": "#3"},
				"up": {"uv": [8, 2, 9, 4], "texture": "#3"}
			}
		},
		{
			"from": [9, 1, 1],
			"to": [10, 2, 3],
			"rotation": {"angle": 0, "axis": "z", "origin": [8.25, 7.5, 7.9375]},
			"faces": {
				"east": {"uv": [9, 1, 11, 2], "texture": "#3"},
				"south": {"uv": [9, 1, 10, 2], "texture": "#3"},
				"west": {"uv": [9, 1, 11, 2], "texture": "#3"},
				"up": {"uv": [9, 1, 10, 3], "texture": "#3"}
			}
		},
		{
			"from": [3, 1, 11],
			"to": [13, 2, 13],
			"rotation": {"angle": 0, "axis": "z", "origin": [8.25, 7.5, 7.9375]},
			"faces": {
				"east": {"uv": [3, 11, 5, 12], "texture": "#3"},
				"south": {"uv": [3, 11, 13, 12], "texture": "#3"},
				"west": {"uv": [3, 11, 5, 12], "texture": "#3"},
				"up": {"uv": [3, 11, 13, 13], "texture": "#3"}
			}
		},
		{
			"from": [4, 1, 13],
			"to": [12, 2, 14],
			"rotation": {"angle": 0, "axis": "z", "origin": [8.25, 7.5, 7.9375]},
			"faces": {
				"east": {"uv": [4, 13, 5, 14], "texture": "#3"},
				"south": {"uv": [4, 13, 12, 14], "texture": "#3"},
				"west": {"uv": [4, 13, 5, 14], "texture": "#3"},
				"up": {"uv": [4, 13, 12, 14], "texture": "#3"}
			}
		},
		{
			"from": [5, 1, 14],
			"to": [11, 2, 15],
			"rotation": {"angle": 0, "axis": "z", "origin": [8.25, 7.5, 7.9375]},
			"faces": {
				"east": {"uv": [5, 14, 6, 15], "texture": "#3"},
				"west": {"uv": [5, 14, 6, 15], "texture": "#3"},
				"up": {"uv": [5, 14, 11, 15], "texture": "#3"}
			}
		},
		{
			"from": [4.80482, 2.07612, 1.6875],
			"to": [9.80482, 3.07612, 13.6875],
			"rotation": {"angle": -22.5, "axis": "y", "origin": [7.86732, 6.57612, 7.9375]},
			"faces": {
				"north": {"uv": [2, 6, 7, 7], "texture": "#3"},
				"east": {"uv": [2, 6, 14, 7], "texture": "#3"},
				"south": {"uv": [2, 6, 7, 7], "texture": "#3"},
				"west": {"uv": [2, 6, 14, 7], "texture": "#3"},
				"up": {"uv": [2, 6, 14, 11], "rotation": 90, "texture": "#3"}
			}
		},
		{
			"from": [9.80482, 2.07612, 2.6875],
			"to": [10.80482, 3.07612, 12.6875],
			"rotation": {"angle": -22.5, "axis": "y", "origin": [7.86732, 6.57612, 7.9375]},
			"faces": {
				"north": {"uv": [3, 5, 4, 6], "texture": "#3"},
				"east": {"uv": [3, 5, 13, 6], "texture": "#3"},
				"south": {"uv": [3, 5, 4, 6], "texture": "#3"},
				"up": {"uv": [3, 5, 13, 6], "rotation": 90, "texture": "#3"}
			}
		},
		{
			"from": [10.80482, 2.07612, 4.6875],
			"to": [11.80482, 3.07612, 10.6875],
			"rotation": {"angle": -22.5, "axis": "y", "origin": [7.86732, 6.57612, 7.9375]},
			"faces": {
				"north": {"uv": [5, 4, 6, 5], "texture": "#3"},
				"east": {"uv": [5, 4, 11, 5], "texture": "#3"},
				"south": {"uv": [5, 4, 6, 5], "texture": "#3"},
				"up": {"uv": [5, 4, 11, 5], "rotation": 90, "texture": "#3"}
			}
		},
		{
			"from": [11.80482, 2.07612, 7.6875],
			"to": [13.80482, 3.07612, 8.6875],
			"rotation": {"angle": -22.5, "axis": "y", "origin": [7.86732, 6.57612, 7.9375]},
			"faces": {
				"north": {"uv": [8, 2, 10, 3], "texture": "#3"},
				"east": {"uv": [8, 2, 9, 3], "texture": "#3"},
				"south": {"uv": [8, 2, 10, 3], "texture": "#3"},
				"up": {"uv": [8, 2, 9, 4], "rotation": 90, "texture": "#3"}
			}
		},
		{
			"from": [12.80482, 2.07612, 8.6875],
			"to": [14.80482, 3.07612, 9.6875],
			"rotation": {"angle": -22.5, "axis": "y", "origin": [7.86732, 6.57612, 7.9375]},
			"faces": {
				"north": {"uv": [9, 1, 11, 2], "texture": "#3"},
				"east": {"uv": [9, 1, 10, 2], "texture": "#3"},
				"south": {"uv": [9, 1, 11, 2], "texture": "#3"},
				"west": {"uv": [9, 1, 10, 2], "texture": "#3"},
				"up": {"uv": [9, 1, 10, 3], "rotation": 90, "texture": "#3"}
			}
		},
		{
			"from": [2.80482, 2.07612, 2.6875],
			"to": [4.80482, 3.07612, 12.6875],
			"rotation": {"angle": -22.5, "axis": "y", "origin": [7.86732, 6.57612, 7.9375]},
			"faces": {
				"north": {"uv": [3, 11, 5, 12], "texture": "#3"},
				"south": {"uv": [3, 11, 5, 12], "texture": "#3"},
				"west": {"uv": [3, 11, 13, 12], "texture": "#3"},
				"up": {"uv": [3, 11, 13, 13], "rotation": 90, "texture": "#3"}
			}
		},
		{
			"from": [1.80482, 2.07612, 3.6875],
			"to": [2.80482, 3.07612, 11.6875],
			"rotation": {"angle": -22.5, "axis": "y", "origin": [7.86732, 6.57612, 7.9375]},
			"faces": {
				"north": {"uv": [4, 13, 5, 14], "texture": "#3"},
				"south": {"uv": [4, 13, 5, 14], "texture": "#3"},
				"west": {"uv": [4, 13, 12, 14], "texture": "#3"},
				"up": {"uv": [4, 13, 12, 14], "rotation": 90, "texture": "#3"}
			}
		},
		{
			"from": [0.80482, 2.07612, 4.6875],
			"to": [1.80482, 3.07612, 10.6875],
			"rotation": {"angle": -22.5, "axis": "y", "origin": [7.86732, 6.57612, 7.9375]},
			"faces": {
				"north": {"uv": [5, 14, 6, 15], "texture": "#3"},
				"south": {"uv": [5, 14, 6, 15], "texture": "#3"},
				"west": {"uv": [5, 14, 11, 15], "texture": "#3"},
				"up": {"uv": [5, 14, 11, 15], "rotation": 90, "texture": "#3"}
			}
		},
		{
			"from": [1.61732, 3.07612, 6],
			"to": [13.61732, 4.07612, 11],
			"rotation": {"angle": -45, "axis": "y", "origin": [7.86732, 9.57612, 7.9375]},
			"faces": {
				"north": {"uv": [2, 6, 14, 7], "texture": "#3"},
				"east": {"uv": [2, 6, 7, 7], "texture": "#3"},
				"south": {"uv": [2, 6, 14, 7], "texture": "#3"},
				"west": {"uv": [2, 6, 7, 7], "texture": "#3"},
				"up": {"uv": [2, 6, 14, 11], "texture": "#3"}
			}
		},
		{
			"from": [2.61732, 3.07612, 5],
			"to": [12.61732, 4.07612, 6],
			"rotation": {"angle": -45, "axis": "y", "origin": [7.86732, 9.57612, 7.9375]},
			"faces": {
				"north": {"uv": [3, 5, 13, 6], "texture": "#3"},
				"east": {"uv": [3, 5, 4, 6], "texture": "#3"},
				"west": {"uv": [3, 5, 4, 6], "texture": "#3"},
				"up": {"uv": [3, 5, 13, 6], "texture": "#3"}
			}
		},
		{
			"from": [4.61732, 3.07612, 4],
			"to": [10.61732, 4.07612, 5],
			"rotation": {"angle": -45, "axis": "y", "origin": [7.86732, 9.57612, 7.9375]},
			"faces": {
				"north": {"uv": [5, 4, 11, 5], "texture": "#3"},
				"east": {"uv": [5, 4, 6, 5], "texture": "#3"},
				"west": {"uv": [5, 4, 6, 5], "texture": "#3"},
				"up": {"uv": [5, 4, 11, 5], "texture": "#3"}
			}
		},
		{
			"from": [7.61732, 3.07612, 2],
			"to": [8.61732, 4.07612, 4],
			"rotation": {"angle": -45, "axis": "y", "origin": [7.86732, 9.57612, 7.9375]},
			"faces": {
				"north": {"uv": [8, 2, 9, 3], "texture": "#3"},
				"east": {"uv": [8, 2, 10, 3], "texture": "#3"},
				"west": {"uv": [8, 2, 10, 3], "texture": "#3"},
				"up": {"uv": [8, 2, 9, 4], "texture": "#3"}
			}
		},
		{
			"from": [8.61732, 3.07612, 1],
			"to": [9.61732, 4.07612, 3],
			"rotation": {"angle": -45, "axis": "y", "origin": [7.86732, 9.57612, 7.9375]},
			"faces": {
				"north": {"uv": [9, 1, 10, 2], "texture": "#3"},
				"east": {"uv": [9, 1, 11, 2], "texture": "#3"},
				"south": {"uv": [9, 1, 10, 2], "texture": "#3"},
				"west": {"uv": [9, 1, 11, 2], "texture": "#3"},
				"up": {"uv": [9, 1, 10, 3], "texture": "#3"}
			}
		},
		{
			"from": [2.61732, 3.07612, 11],
			"to": [12.61732, 4.07612, 13],
			"rotation": {"angle": -45, "axis": "y", "origin": [7.86732, 9.57612, 7.9375]},
			"faces": {
				"east": {"uv": [3, 11, 5, 12], "texture": "#3"},
				"south": {"uv": [3, 11, 13, 12], "texture": "#3"},
				"west": {"uv": [3, 11, 5, 12], "texture": "#3"},
				"up": {"uv": [3, 11, 13, 13], "texture": "#3"}
			}
		},
		{
			"from": [3.61732, 3.07612, 13],
			"to": [11.61732, 4.07612, 14],
			"rotation": {"angle": -45, "axis": "y", "origin": [7.86732, 9.57612, 7.9375]},
			"faces": {
				"east": {"uv": [4, 13, 5, 14], "texture": "#3"},
				"south": {"uv": [4, 13, 12, 14], "texture": "#3"},
				"west": {"uv": [4, 13, 5, 14], "texture": "#3"},
				"up": {"uv": [4, 13, 12, 14], "texture": "#3"}
			}
		},
		{
			"from": [4.61732, 3.07612, 14],
			"to": [10.61732, 4.07612, 15],
			"rotation": {"angle": -45, "axis": "y", "origin": [7.86732, 9.57612, 7.9375]},
			"faces": {
				"east": {"uv": [5, 14, 6, 15], "texture": "#3"},
				"south": {"uv": [5, 14, 11, 15], "texture": "#3"},
				"west": {"uv": [5, 14, 6, 15], "texture": "#3"},
				"up": {"uv": [5, 14, 11, 15], "texture": "#3"}
			}
		},
		{
			"from": [2.32442, 4.07612, 5.29289],
			"to": [14.32442, 5.07612, 10.29289],
			"rotation": {"angle": -22.5, "axis": "y", "origin": [8.57442, 4.57612, 7.23039]},
			"faces": {
				"north": {"uv": [2, 6, 14, 7], "texture": "#3"},
				"east": {"uv": [2, 6, 7, 7], "texture": "#3"},
				"south": {"uv": [2, 6, 14, 7], "texture": "#3"},
				"west": {"uv": [2, 6, 7, 7], "texture": "#3"},
				"up": {"uv": [2, 6, 14, 11], "texture": "#3"}
			}
		},
		{
			"from": [3.32442, 4.07612, 4.29289],
			"to": [13.32442, 5.07612, 5.29289],
			"rotation": {"angle": -22.5, "axis": "y", "origin": [8.57442, 4.57612, 7.23039]},
			"faces": {
				"north": {"uv": [3, 5, 13, 6], "texture": "#3"},
				"east": {"uv": [3, 5, 4, 6], "texture": "#3"},
				"west": {"uv": [3, 5, 4, 6], "texture": "#3"},
				"up": {"uv": [3, 5, 13, 6], "texture": "#3"}
			}
		},
		{
			"from": [5.32442, 4.07612, 3.29289],
			"to": [11.32442, 5.07612, 4.29289],
			"rotation": {"angle": -22.5, "axis": "y", "origin": [8.57442, 4.57612, 7.23039]},
			"faces": {
				"north": {"uv": [5, 4, 11, 5], "texture": "#3"},
				"east": {"uv": [5, 4, 6, 5], "texture": "#3"},
				"west": {"uv": [5, 4, 6, 5], "texture": "#3"},
				"up": {"uv": [5, 4, 11, 5], "texture": "#3"}
			}
		},
		{
			"from": [8.32442, 4.07612, 1.29289],
			"to": [9.32442, 5.07612, 3.29289],
			"rotation": {"angle": -22.5, "axis": "y", "origin": [8.57442, 4.57612, 7.23039]},
			"faces": {
				"north": {"uv": [8, 2, 9, 3], "texture": "#3"},
				"east": {"uv": [8, 2, 10, 3], "texture": "#3"},
				"west": {"uv": [8, 2, 10, 3], "texture": "#3"},
				"up": {"uv": [8, 2, 9, 4], "texture": "#3"}
			}
		},
		{
			"from": [9.32442, 4.07612, 0.29289],
			"to": [10.32442, 5.07612, 2.29289],
			"rotation": {"angle": -22.5, "axis": "y", "origin": [8.57442, 4.57612, 7.23039]},
			"faces": {
				"north": {"uv": [9, 1, 10, 2], "texture": "#3"},
				"east": {"uv": [9, 1, 11, 2], "texture": "#3"},
				"south": {"uv": [9, 1, 10, 2], "texture": "#3"},
				"west": {"uv": [9, 1, 11, 2], "texture": "#3"},
				"up": {"uv": [9, 1, 10, 3], "texture": "#3"}
			}
		},
		{
			"from": [3.32442, 4.07612, 10.29289],
			"to": [13.32442, 5.07612, 12.29289],
			"rotation": {"angle": -22.5, "axis": "y", "origin": [8.57442, 4.57612, 7.23039]},
			"faces": {
				"east": {"uv": [3, 11, 5, 12], "texture": "#3"},
				"south": {"uv": [3, 11, 13, 12], "texture": "#3"},
				"west": {"uv": [3, 11, 5, 12], "texture": "#3"},
				"up": {"uv": [3, 11, 13, 13], "texture": "#3"}
			}
		},
		{
			"from": [4.32442, 4.07612, 12.29289],
			"to": [12.32442, 5.07612, 13.29289],
			"rotation": {"angle": -22.5, "axis": "y", "origin": [8.57442, 4.57612, 7.23039]},
			"faces": {
				"east": {"uv": [4, 13, 5, 14], "texture": "#3"},
				"south": {"uv": [4, 13, 12, 14], "texture": "#3"},
				"west": {"uv": [4, 13, 5, 14], "texture": "#3"},
				"up": {"uv": [4, 13, 12, 14], "texture": "#3"}
			}
		},
		{
			"from": [5.32442, 4.07612, 13.29289],
			"to": [11.32442, 5.07612, 14.29289],
			"rotation": {"angle": -22.5, "axis": "y", "origin": [8.57442, 4.57612, 7.23039]},
			"faces": {
				"east": {"uv": [5, 14, 6, 15], "texture": "#3"},
				"south": {"uv": [5, 14, 11, 15], "texture": "#3"},
				"west": {"uv": [5, 14, 6, 15], "texture": "#3"},
				"up": {"uv": [5, 14, 11, 15], "texture": "#3"}
			}
		}
	],
	"display": {
		"thirdperson_righthand": {
			"rotation": [75, 45, 0],
			"translation": [0, 2.5, 0],
			"scale": [0.375, 0.375, 0.375]
		},
		"thirdperson_lefthand": {
			"rotation": [75, 45, 0],
			"translation": [0, 2.5, 0],
			"scale": [0.375, 0.375, 0.375]
		},
		"firstperson_righthand": {
			"rotation": [0, 45, 0],
			"scale": [0.4, 0.4, 0.4]
		},
		"firstperson_lefthand": {
			"rotation": [0, 225, 0],
			"scale": [0.4, 0.4, 0.4]
		},
		"ground": {
			"translation": [0, 3, 0],
			"scale": [0.25, 0.25, 0.25]
		},
		"gui": {
			"rotation": [30, 225, 0],
			"scale": [0.625, 0.625, 0.625]
		},
		"fixed": {
			"scale": [0.5, 0.5, 0.5]
		}
	},
	"groups": [
		{
			"name": "1",
			"origin": [8, 8, 8],
			"children": [0, 1, 2, 3, 4, 5, 6, 7, 8, 9, 10, 11,
				{
					"name": "1-2",
					"origin": [8, 8, 23],
					"children": [12, 13, 14, 15, 16]
				},
				{
					"name": "1-3",
					"origin": [19, 22, 19],
					"children": [17, 18, 19, 20, 21, 22, 23, 24,
						{
							"name": "1-4",
							"origin": [12, 30, 19],
							"children": [25, 26, 27, 28, 29, 30, 31, 32, 33, 34, 35, 36, 37, 38, 39, 40]
						}, 41, 42, 43, 44, 45, 46, 47, 48]
				}
			]
		},
		{
			"name": "2",
			"origin": [8, 8, 8],
			"children": [49, 50, 51, 52, 53, 54, 55, 56,
				{
					"name": "3",
					"origin": [8, 8, 8],
					"children": [57, 58, 59, 60, 61, 62, 63, 64]
				},
				{
					"name": "4",
					"origin": [8, 8, 8],
					"children": [65, 66, 67, 68, 69, 70, 71, 72]
				},
				{
					"name": "5",
					"origin": [8, 8, 8],
					"children": [73, 74, 75, 76, 77, 78, 79, 80]
				}
			]
		}
	]
}