{
	"credit": "Made with Blockbench",
	"ambientocclusion": false,
	"textures": {
		"1": "block/birch_door_top",
		"particle": "block/birch_door_top"
	},
	"elements": [
		{
			"from": [0, 0, 0],
			"to": [3, 16, 3],
			"faces": {
				"north": {"uv": [3, 0, 0, 16], "texture": "#1", "cullface": "north"},
				"east": {"uv": [13, 0, 16, 16], "texture": "#1"},
				"south": {"uv": [13, 0, 16, 14], "texture": "#1"},
				"west": {"uv": [16, 0, 13, 16], "texture": "#1", "cullface": "west"},
				"up": {"uv": [13, 0, 16, 3], "texture": "#1", "cullface": "up"}
			}
		},
		{
			"from": [0, 0, 13],
			"to": [3, 16, 16],
			"rotation": {"angle": 0, "axis": "y", "origin": [8, 8, 21]},
			"faces": {
				"north": {"uv": [13, 0, 16, 14], "texture": "#1"},
				"east": {"uv": [0, 0, 3, 16], "texture": "#1"},
				"south": {"uv": [0, 0, 3, 16], "texture": "#1", "cullface": "south"},
				"west": {"uv": [3, 0, 0, 16], "texture": "#1", "cullface": "west"},
				"up": {"uv": [13, 13, 16, 16], "texture": "#1", "cullface": "up"}
			}
		},
		{
			"from": [0, 13, 3],
			"to": [3, 16, 13],
			"rotation": {"angle": 0, "axis": "y", "origin": [8, 8, 18]},
			"faces": {
				"east": {"uv": [3, 0, 13, 3], "texture": "#1"},
				"west": {"uv": [13, 0, 3, 3], "texture": "#1", "cullface": "west"},
				"up": {"uv": [13, 3, 16, 13], "texture": "#1", "cullface": "up"},
				"down": {"uv": [3, 0, 13, 3], "rotation": 90, "texture": "#1"}
			}
		},
		{
			"from": [0.2, 0, 3],
			"to": [2.8, 13, 13],
			"rotation": {"angle": 0, "axis": "y", "origin": [8, 5, 18]},
			"faces": {
				"east": {"uv": [3, 3, 13, 16], "texture": "#1"},
				"west": {"uv": [13, 3, 3, 16], "texture": "#1"}
			}
		},
		{
			"from": [-0.5, 0, 1],
			"to": [0, 2, 2],
			"rotation": {"angle": 0, "axis": "y", "origin": [8, 8, 9]},
			"faces": {
				"north": {"uv": [14, 14, 15, 16], "texture": "#1", "cullface": "west"},
				"south": {"uv": [14, 14, 15, 16], "texture": "#1", "cullface": "west"},
				"west": {"uv": [14, 14, 15, 16], "texture": "#1", "cullface": "west"},
				"up": {"uv": [14, 14, 14.5, 15], "texture": "#1", "cullface": "west"},
				"down": {"uv": [14, 15, 14.5, 16], "texture": "#1", "cullface": "west"}
			}
		},
		{
			"from": [3, 0, 1],
			"to": [3.5, 2, 2],
			"rotation": {"angle": 0, "axis": "y", "origin": [11.5, 8, 9]},
			"faces": {
				"north": {"uv": [14, 14, 15, 16], "texture": "#1"},
				"east": {"uv": [14, 14, 15, 16], "texture": "#1"},
				"south": {"uv": [14, 14, 15, 16], "texture": "#1"},
				"up": {"uv": [14, 14, 14.5, 15], "texture": "#1"},
				"down": {"uv": [14, 15, 14.5, 16], "texture": "#1", "cullface": "down"}
			}
		}
	],
	"display": {
		"thirdperson_righthand": {
			"rotation": [75, 45, 0],
			"translation": [0, 2.5, 0],
			"scale": [0.375, 0.375, 0.375]
		},
		"thirdperson_lefthand": {
			"rotation": [75, 45, 0],
			"translation": [0, 2.5, 0],
			"scale": [0.375, 0.375, 0.375]
		},
		"firstperson_righthand": {
			"rotation": [0, 45, 0],
			"scale": [0.4, 0.4, 0.4]
		},
		"firstperson_lefthand": {
			"rotation": [0, 225, 0],
			"scale": [0.4, 0.4, 0.4]
		},
		"ground": {
			"translation": [0, 3, 0],
			"scale": [0.25, 0.25, 0.25]
		},
		"gui": {
			"rotation": [30, 225, 0],
			"scale": [0.625, 0.625, 0.625]
		},
		"fixed": {
			"scale": [0.5, 0.5, 0.5]
		}
	},
	"groups": [
		{
			"name": "door_top_rh",
			"origin": [8, 8, 8],
			"children": [0, 1, 2, 3, 4, 5]
		}
	]
}