{
	"credit": "By GORIBBY. Made with Blockbench.",
	"parent": "minecraft:block/template_orientable_trapdoor_open",
	"textures": {
		"particle": "block/birch_trapdoor",
		"texture": "block/birch_trapdoor"
	},
	"elements": [
		{
			"from": [0, 13, 13],
			"to": [16, 16, 16],
			"faces": {
				"north": {"uv": [16, 13, 0, 16], "rotation": 180, "texture": "#texture"},
				"east": {"uv": [13, 0, 16, 3], "rotation": 270, "texture": "#texture"},
				"south": {"uv": [0, 16, 16, 13], "texture": "#texture"},
				"west": {"uv": [0, 0, 3, 3], "rotation": 90, "texture": "#texture"},
				"up": {"uv": [0, 0, 16, 3], "rotation": 180, "texture": "#texture"},
				"down": {"uv": [0, 0, 16, 3], "texture": "#texture"}
			}
		},
		{
			"from": [0, 0, 13],
			"to": [16, 3, 16],
			"faces": {
				"north": {"uv": [16, 0, 0, 3], "rotation": 180, "texture": "#texture"},
				"east": {"uv": [0, 0, 3, 3], "rotation": 270, "texture": "#texture"},
				"south": {"uv": [0, 3, 16, 0], "texture": "#texture"},
				"west": {"uv": [13, 0, 16, 3], "rotation": 90, "texture": "#texture"},
				"up": {"uv": [0, 0, 16, 3], "rotation": 180, "texture": "#texture"},
				"down": {"uv": [0, 0, 16, 3], "texture": "#texture"}
			}
		},
		{
			"from": [13, 3, 13],
			"to": [16, 13, 16],
			"faces": {
				"north": {"uv": [3, 3, 0, 13], "rotation": 180, "texture": "#texture"},
				"east": {"uv": [3, 0, 13, 3], "rotation": 270, "texture": "#texture"},
				"south": {"uv": [13, 13, 16, 3], "texture": "#texture"},
				"west": {"uv": [3, 0, 13, 3], "rotation": 90, "texture": "#texture"}
			}
		},
		{
			"from": [0, 3, 13],
			"to": [3, 13, 16],
			"faces": {
				"north": {"uv": [16, 3, 13, 13], "rotation": 180, "texture": "#texture"},
				"east": {"uv": [3, 0, 13, 3], "rotation": 270, "texture": "#texture"},
				"south": {"uv": [0, 13, 3, 3], "texture": "#texture"},
				"west": {"uv": [3, 0, 13, 3], "rotation": 90, "texture": "#texture"}
			}
		},
		{
			"from": [3, 3, 13.5],
			"to": [13, 13, 15.5],
			"faces": {
				"north": {"uv": [13, 3, 3, 13], "rotation": 180, "texture": "#texture"},
				"south": {"uv": [3, 13, 13, 3], "texture": "#texture"}
			}
		},
		{
			"from": [6, 14, 12.75],
			"to": [10, 15, 13],
			"faces": {
				"north": {"uv": [10, 14, 6, 15], "rotation": 180, "texture": "#texture"},
				"east": {"uv": [6, 14, 7, 14.25], "rotation": 270, "texture": "#texture"},
				"west": {"uv": [6, 14, 7, 14.25], "rotation": 90, "texture": "#texture"},
				"up": {"uv": [6, 14, 10, 14.25], "rotation": 180, "texture": "#texture"},
				"down": {"uv": [6, 14, 10, 14.25], "texture": "#texture"}
			}
		},
		{
			"from": [6, 14, 16],
			"to": [10, 15, 16.25],
			"faces": {
				"east": {"uv": [6, 14, 7, 14.25], "rotation": 270, "texture": "#texture"},
				"south": {"uv": [6, 14, 10, 15], "texture": "#texture"},
				"west": {"uv": [6, 14, 7, 14.25], "rotation": 90, "texture": "#texture"},
				"up": {"uv": [6, 14, 10, 14.25], "rotation": 180, "texture": "#texture"},
				"down": {"uv": [6, 14, 10, 14.25], "texture": "#texture"}
			}
		},
		{
			"from": [5, 12, 13],
			"to": [11, 13, 16],
			"faces": {
				"north": {"uv": [11, 12, 5, 13], "rotation": 180, "texture": "#texture"},
				"east": {"uv": [5, 0, 6, 3], "rotation": 270, "texture": "#texture"},
				"south": {"uv": [5, 12, 11, 13], "texture": "#texture"},
				"west": {"uv": [5, 0, 6, 3], "rotation": 90, "texture": "#texture"},
				"down": {"uv": [5, 0, 11, 3], "texture": "#texture"}
			}
		}
	],
	"groups": [
		{
			"name": "group",
			"origin": [0, 0, 0],
			"color": 0,
			"children": [0, 1, 2, 3, 4, 5, 6, 7]
		}
	]
}