{
	"credit": "Made with Blockbench",
	"textures": {
		"0": "block/blast_furnace_front",
		"2": "block/blast_furnace_side",
		"3": "block/blast_furnace_top",
		"particle": "block/blast_furnace_front"
	},
	"elements": [
		{
			"from": [0, 0, 0],
			"to": [16, 2, 1],
			"faces": {
				"north": {"uv": [0.032, 14.032, 15.968, 15.968], "texture": "#0", "cullface": "north"},
				"east": {"uv": [15.032, 14.032, 15.968, 15.968], "texture": "#2", "cullface": "east"},
				"west": {"uv": [0.032, 14.032, 0.968, 15.968], "texture": "#2", "cullface": "west"},
				"up": {"uv": [0.032, 0.032, 15.968, 0.968], "texture": "#0"},
				"down": {"uv": [0.032, 15.032, 15.968, 15.968], "texture": "#3", "cullface": "down"}
			}
		},
		{
			"from": [0, 2, 0],
			"to": [3, 7, 1],
			"rotation": {"angle": 0, "axis": "y", "origin": [8, 10, 8]},
			"faces": {
				"north": {"uv": [13.032, 9.032, 15.968, 13.968], "texture": "#0", "cullface": "north"},
				"east": {"uv": [0.032, 0.032, 0.968, 4.968], "texture": "#0"},
				"west": {"uv": [0.032, 9.032, 0.968, 13.968], "texture": "#2", "cullface": "west"},
				"up": {"uv": [0.032, 0.032, 2.968, 0.968], "texture": "#0"}
			}
		},
		{
			"from": [0, 7, 0],
			"to": [1, 16, 1],
			"rotation": {"angle": 0, "axis": "y", "origin": [8, 15, 8]},
			"faces": {
				"north": {"uv": [15.032, 0.032, 15.968, 8.968], "texture": "#0", "cullface": "north"},
				"east": {"uv": [0.032, 0.032, 0.968, 8.968], "texture": "#0"},
				"south": {"uv": [0.032, 0.032, 0.968, 8.968], "texture": "#0"},
				"west": {"uv": [0.032, 0.032, 0.968, 8.968], "texture": "#2", "cullface": "west"},
				"up": {"uv": [0.032, 0.032, 0.968, 0.968], "texture": "#3", "cullface": "up"}
			}
		},
		{
			"from": [15, 7, 0],
			"to": [16, 16, 1],
			"rotation": {"angle": 0, "axis": "y", "origin": [23, 15, 8]},
			"faces": {
				"north": {"uv": [0.032, 0.032, 0.968, 8.968], "texture": "#0", "cullface": "north"},
				"east": {"uv": [15.032, 0.032, 15.968, 8.968], "texture": "#2", "cullface": "east"},
				"south": {"uv": [0.032, 0.032, 0.968, 8.968], "texture": "#0"},
				"west": {"uv": [0.032, 0.032, 0.968, 8.968], "texture": "#0"},
				"up": {"uv": [15.032, 0.032, 15.968, 0.968], "texture": "#3", "cullface": "up"}
			}
		},
		{
			"from": [12, 12, 0],
			"to": [13, 16, 1],
			"rotation": {"angle": 0, "axis": "y", "origin": [20, 15, 8]},
			"faces": {
				"north": {"uv": [3.032, 0.032, 3.968, 3.968], "texture": "#0", "cullface": "north"},
				"east": {"uv": [0.032, 0.032, 0.968, 3.968], "texture": "#0"},
				"west": {"uv": [0.032, 0.032, 0.968, 3.968], "texture": "#0"},
				"up": {"uv": [12.032, 0.032, 12.968, 0.968], "texture": "#3", "cullface": "up"},
				"down": {"uv": [0.032, 0.032, 0.968, 0.968], "texture": "#0"}
			}
		},
		{
			"from": [13, 15, 0],
			"to": [15, 16, 1],
			"rotation": {"angle": 0, "axis": "y", "origin": [21, 15, 8]},
			"faces": {
				"north": {"uv": [1.032, 0.032, 2.968, 0.968], "texture": "#0", "cullface": "north"},
				"up": {"uv": [13.032, 0.032, 14.968, 0.968], "texture": "#3", "cullface": "up"},
				"down": {"uv": [0.032, 0.032, 1.968, 0.968], "texture": "#0"}
			}
		},
		{
			"from": [13, 12, 0],
			"to": [15, 13, 1],
			"rotation": {"angle": 0, "axis": "y", "origin": [21, 12, 8]},
			"faces": {
				"north": {"uv": [1.032, 3.032, 2.968, 3.968], "texture": "#0", "cullface": "north"},
				"up": {"uv": [0.032, 0.032, 1.968, 0.968], "texture": "#0"},
				"down": {"uv": [0.032, 0.032, 1.968, 0.968], "texture": "#0"}
			}
		},
		{
			"from": [1, 12, 0],
			"to": [3, 13, 1],
			"rotation": {"angle": 0, "axis": "y", "origin": [9, 12, 8]},
			"faces": {
				"north": {"uv": [13.032, 3.032, 14.968, 3.968], "texture": "#0", "cullface": "north"},
				"up": {"uv": [0.032, 0.032, 1.968, 0.968], "texture": "#0"},
				"down": {"uv": [0.032, 0.032, 1.968, 0.968], "texture": "#0"}
			}
		},
		{
			"from": [1, 15, 0],
			"to": [3, 16, 1],
			"rotation": {"angle": 0, "axis": "y", "origin": [9, 15, 8]},
			"faces": {
				"north": {"uv": [13.032, 0.032, 14.968, 0.968], "texture": "#0", "cullface": "north"},
				"up": {"uv": [1.032, 0.032, 2.968, 0.968], "texture": "#3", "cullface": "up"},
				"down": {"uv": [0.032, 0.032, 1.968, 0.968], "texture": "#0"}
			}
		},
		{
			"from": [3, 12, 0],
			"to": [4, 16, 1],
			"rotation": {"angle": 0, "axis": "y", "origin": [11, 15, 8]},
			"faces": {
				"north": {"uv": [12.032, 0.032, 12.968, 3.968], "texture": "#0", "cullface": "north"},
				"east": {"uv": [0.032, 0.032, 0.968, 3.968], "texture": "#0"},
				"west": {"uv": [0.032, 0.032, 0.968, 3.968], "texture": "#0"},
				"up": {"uv": [3.032, 0.032, 3.968, 0.968], "texture": "#3", "cullface": "up"},
				"down": {"uv": [0.032, 0.032, 0.968, 0.968], "texture": "#0"}
			}
		},
		{
			"from": [13, 2, 0],
			"to": [16, 7, 1],
			"rotation": {"angle": 0, "axis": "y", "origin": [21, 10, 8]},
			"faces": {
				"north": {"uv": [0.032, 9.032, 2.968, 13.968], "texture": "#0", "cullface": "north"},
				"east": {"uv": [15.032, 9.032, 15.968, 13.968], "texture": "#2", "cullface": "east"},
				"west": {"uv": [0.032, 0.032, 0.968, 4.968], "texture": "#0"},
				"up": {"uv": [0.032, 0.032, 2.968, 0.968], "texture": "#0"}
			}
		},
		{
			"from": [4, 10, 0.3],
			"to": [12, 16, 1],
			"rotation": {"angle": 0, "axis": "y", "origin": [8, 20, 8.3]},
			"faces": {
				"north": {"uv": [4.032, 0.032, 11.968, 5.968], "texture": "#0"},
				"up": {"uv": [4.032, 0.3, 11.968, 0.968], "texture": "#3", "cullface": "up"},
				"down": {"uv": [0.032, 0.032, 7.968, 0.7], "texture": "#0"}
			}
		},
		{
			"from": [1, 10, 0.3],
			"to": [4, 12, 1],
			"rotation": {"angle": 0, "axis": "y", "origin": [5, 16, 8.3]},
			"faces": {
				"north": {"uv": [12.032, 4.032, 14.968, 5.968], "texture": "#0"},
				"down": {"uv": [0.032, 0.032, 2.968, 0.7], "texture": "#0"}
			}
		},
		{
			"from": [1, 13, 0.3],
			"to": [3, 15, 1],
			"rotation": {"angle": 0, "axis": "y", "origin": [5, 19, 8.3]},
			"faces": {
				"north": {"uv": [13.032, 1.032, 14.968, 2.968], "texture": "#0"}
			}
		},
		{
			"from": [13, 13, 0.3],
			"to": [15, 15, 1],
			"rotation": {"angle": 0, "axis": "y", "origin": [17, 19, 8.3]},
			"faces": {
				"north": {"uv": [1.032, 1.032, 2.968, 2.968], "texture": "#0"}
			}
		},
		{
			"from": [12, 10, 0.3],
			"to": [15, 12, 1],
			"rotation": {"angle": 0, "axis": "y", "origin": [17, 16, 8.3]},
			"faces": {
				"north": {"uv": [1.032, 4.032, 3.968, 5.968], "texture": "#0"},
				"down": {"uv": [0.032, 0.032, 2.968, 0.7], "texture": "#0"}
			}
		},
		{
			"from": [13, 7, 0.3],
			"to": [15, 10, 1],
			"rotation": {"angle": 0, "axis": "y", "origin": [17, 14, 8.3]},
			"faces": {
				"north": {"uv": [1.032, 6.032, 2.968, 8.968], "texture": "#0"},
				"west": {"uv": [0.032, 0.032, 0.7, 2.968], "texture": "#0"}
			}
		},
		{
			"from": [1, 7, 0.3],
			"to": [3, 10, 1],
			"rotation": {"angle": 0, "axis": "y", "origin": [5, 14, 8.3]},
			"faces": {
				"north": {"uv": [13.032, 6.032, 14.968, 8.968], "texture": "#0"},
				"east": {"uv": [0.032, 0.032, 0.7, 2.968], "texture": "#0"}
			}
		},
		{
			"from": [3, 2, 1],
			"to": [13, 5, 2],
			"rotation": {"angle": 0, "axis": "y", "origin": [11, 10, 9]},
			"faces": {
				"north": {"uv": [3.032, 11.032, 12.968, 13.968], "texture": "#0"},
				"east": {"uv": [0.032, 0.032, 0.968, 2.968], "texture": "#0"},
				"west": {"uv": [0.032, 0.032, 0.968, 2.968], "texture": "#0"},
				"up": {"uv": [0.032, 0.032, 9.968, 0.968], "texture": "#0"}
			}
		},
		{
			"from": [3, 8, 1],
			"to": [13, 10, 2],
			"rotation": {"angle": 0, "axis": "y", "origin": [11, 15, 9]},
			"faces": {
				"north": {"uv": [3.032, 6.032, 12.968, 7.968], "texture": "#0"},
				"east": {"uv": [0.032, 0.032, 0.968, 1.968], "texture": "#0"},
				"west": {"uv": [0.032, 0.032, 0.968, 1.968], "texture": "#0"},
				"up": {"uv": [0.032, 0.032, 9.968, 0.968], "texture": "#0"},
				"down": {"uv": [0.032, 0.032, 9.968, 0.968], "texture": "#0"}
			}
		},
		{
			"from": [3, 5, 1],
			"to": [5, 8, 2],
			"rotation": {"angle": 0, "axis": "y", "origin": [11, 13, 9]},
			"faces": {
				"north": {"uv": [11.032, 8.032, 12.968, 10.968], "texture": "#0"},
				"east": {"uv": [0.032, 0.032, 0.968, 2.968], "texture": "#0"},
				"west": {"uv": [0.032, 0.032, 0.968, 2.968], "texture": "#0"}
			}
		},
		{
			"from": [11, 5, 1],
			"to": [13, 8, 2],
			"rotation": {"angle": 0, "axis": "y", "origin": [19, 13, 9]},
			"faces": {
				"north": {"uv": [3.032, 8.032, 4.968, 10.968], "texture": "#0"},
				"east": {"uv": [0.032, 0.032, 0.968, 2.968], "texture": "#0"}
			}
		},
		{
			"from": [10, 5, 1],
			"to": [11, 8, 2],
			"rotation": {"angle": 0, "axis": "y", "origin": [18, 13, 9]},
			"faces": {
				"north": {"uv": [5.032, 8.032, 5.968, 10.968], "texture": "#0"},
				"west": {"uv": [0.032, 0.032, 0.968, 2.968], "texture": "#0"}
			}
		},
		{
			"from": [8, 5, 1],
			"to": [9, 8, 2],
			"rotation": {"angle": 0, "axis": "y", "origin": [16, 13, 9]},
			"faces": {
				"north": {"uv": [7.032, 8.032, 7.968, 10.968], "texture": "#0"},
				"east": {"uv": [0.032, 0.032, 0.968, 2.968], "texture": "#0"},
				"west": {"uv": [0.032, 0.032, 0.968, 2.968], "texture": "#0"}
			}
		},
		{
			"from": [6, 5, 1],
			"to": [7, 8, 2],
			"rotation": {"angle": 0, "axis": "y", "origin": [14, 13, 9]},
			"faces": {
				"north": {"uv": [9.032, 8.032, 9.968, 10.968], "texture": "#0"},
				"east": {"uv": [0.032, 0.032, 0.968, 2.968], "texture": "#0"},
				"west": {"uv": [0.032, 0.032, 0.968, 2.968], "texture": "#0"}
			}
		},
		{
			"from": [0, 0, 1],
			"to": [1, 7, 16],
			"rotation": {"angle": 0, "axis": "x", "origin": [8, 8, 9]},
			"faces": {
				"south": {"uv": [0.032, 0.032, 0.968, 6.968], "texture": "#2", "cullface": "south"},
				"west": {"uv": [1.032, 9.032, 15.968, 15.968], "texture": "#2", "cullface": "west"},
				"up": {"uv": [0.032, 0.032, 0.968, 14.968], "texture": "#2"},
				"down": {"uv": [0.032, 0.032, 0.968, 14.968], "texture": "#3", "cullface": "down"}
			}
		},
		{
			"from": [0, 7, 15],
			"to": [1, 16, 16],
			"rotation": {"angle": 0, "axis": "x", "origin": [8, 15, 9]},
			"faces": {
				"north": {"uv": [15.032, 0.032, 15.968, 8.968], "texture": "#2"},
				"east": {"uv": [0.032, 0.032, 0.968, 8.968], "texture": "#2"},
				"south": {"uv": [0.032, 0.032, 0.968, 8.968], "texture": "#2", "cullface": "south"},
				"west": {"uv": [15.032, 0.032, 15.968, 8.968], "texture": "#2", "cullface": "west"},
				"up": {"uv": [0.032, 15.032, 0.968, 15.968], "texture": "#3", "cullface": "up"}
			}
		},
		{
			"from": [0, 15, 1],
			"to": [1, 16, 15],
			"rotation": {"angle": 0, "axis": "x", "origin": [8, 15, 8]},
			"faces": {
				"west": {"uv": [1.032, 0.032, 14.968, 0.968], "texture": "#2", "cullface": "west"},
				"up": {"uv": [0.032, 1.032, 0.968, 14.968], "texture": "#3", "cullface": "up"},
				"down": {"uv": [0.032, 0.032, 0.968, 2.968], "texture": "#2"}
			}
		},
		{
			"from": [0, 12, 12],
			"to": [1, 13, 15],
			"rotation": {"angle": 0, "axis": "x", "origin": [8, 12, 8]},
			"faces": {
				"north": {"uv": [15.032, 9.032, 15.968, 9.968], "texture": "#2"},
				"west": {"uv": [12.032, 3.032, 14.968, 3.968], "texture": "#2", "cullface": "west"},
				"up": {"uv": [0.032, 0.032, 0.968, 2.968], "texture": "#2"},
				"down": {"uv": [0.032, 0.032, 0.968, 2.968], "texture": "#2"}
			}
		},
		{
			"from": [0, 13, 12],
			"to": [1, 15, 13],
			"rotation": {"angle": 0, "axis": "x", "origin": [8, 13, 8]},
			"faces": {
				"north": {"uv": [15.032, 9.032, 15.968, 10.968], "texture": "#2"},
				"south": {"uv": [0.032, 0.032, 0.968, 1.968], "texture": "#2"},
				"west": {"uv": [12.032, 1.032, 12.968, 2.968], "texture": "#2", "cullface": "west"}
			}
		},
		{
			"from": [0, 13, 3],
			"to": [1, 15, 4],
			"rotation": {"angle": 0, "axis": "x", "origin": [8, 13, -1]},
			"faces": {
				"north": {"uv": [15.032, 9.032, 15.968, 10.968], "texture": "#2"},
				"south": {"uv": [0.032, 0.032, 0.968, 1.968], "texture": "#2"},
				"west": {"uv": [3.032, 1.032, 3.968, 2.968], "texture": "#2", "cullface": "west"}
			}
		},
		{
			"from": [0, 12, 1],
			"to": [1, 13, 4],
			"rotation": {"angle": 0, "axis": "x", "origin": [8, 11, -1]},
			"faces": {
				"south": {"uv": [0.032, 0.032, 0.968, 0.968], "texture": "#2"},
				"west": {"uv": [1.032, 3.032, 3.968, 3.968], "texture": "#2", "cullface": "west"},
				"up": {"uv": [0.032, 0.032, 0.968, 2.968], "texture": "#2"},
				"down": {"uv": [0.032, 0.032, 0.968, 2.968], "texture": "#2"}
			}
		},
		{
			"from": [0.3, 7, 1],
			"to": [1, 12, 15],
			"rotation": {"angle": 0, "axis": "x", "origin": [8, 15, 9]},
			"faces": {
				"west": {"uv": [1.032, 4.032, 14.968, 8.968], "texture": "#2"}
			}
		},
		{
			"from": [0.3, 12, 1],
			"to": [1, 15, 15],
			"rotation": {"angle": 0, "axis": "x", "origin": [8, 19, 9]},
			"faces": {
				"west": {"uv": [1.032, 1.032, 14.968, 3.968], "texture": "#2"}
			}
		},
		{
			"from": [15, 0, 1],
			"to": [16, 7, 16],
			"rotation": {"angle": 0, "axis": "x", "origin": [14, 8, 9]},
			"faces": {
				"east": {"uv": [0.032, 9.032, 14.968, 15.968], "texture": "#2", "cullface": "east"},
				"south": {"uv": [0.032, 0.032, 0.968, 6.968], "texture": "#2", "cullface": "south"},
				"up": {"uv": [0.032, 0.032, 0.968, 14.968], "texture": "#2"},
				"down": {"uv": [15.032, 0.032, 15.968, 14.968], "texture": "#3", "cullface": "down"}
			}
		},
		{
			"from": [15, 7, 15],
			"to": [16, 16, 16],
			"rotation": {"angle": 0, "axis": "x", "origin": [14, 15, 9]},
			"faces": {
				"north": {"uv": [0.032, 0.032, 0.968, 8.968], "texture": "#2"},
				"east": {"uv": [0.032, 0.032, 0.968, 8.968], "texture": "#2", "cullface": "east"},
				"south": {"uv": [0.032, 0.032, 0.968, 8.968], "texture": "#2", "cullface": "south"},
				"west": {"uv": [15.032, 0.032, 15.968, 8.968], "texture": "#2"},
				"up": {"uv": [15.032, 15.032, 15.968, 15.968], "texture": "#3", "cullface": "up"}
			}
		},
		{
			"from": [15, 15, 1],
			"to": [16, 16, 15],
			"rotation": {"angle": 0, "axis": "x", "origin": [14, 15, 8]},
			"faces": {
				"east": {"uv": [1.032, 0.032, 14.968, 0.968], "texture": "#2", "cullface": "east"},
				"up": {"uv": [15.032, 1.032, 15.968, 14.968], "texture": "#3", "cullface": "up"},
				"down": {"uv": [15.032, 14.032, 15.968, 27.968], "texture": "#2"}
			}
		},
		{
			"from": [15, 12, 3],
			"to": [16, 15, 4],
			"rotation": {"angle": 0, "axis": "x", "origin": [14, 14, 8]},
			"faces": {
				"north": {"uv": [0.032, 0.032, 0.968, 2.968], "texture": "#2"},
				"east": {"uv": [12.032, 1.032, 12.968, 3.968], "texture": "#2", "cullface": "east"},
				"south": {"uv": [0.032, 0.032, 0.968, 2.968], "texture": "#2"},
				"down": {"uv": [15.032, 14.032, 15.968, 14.968], "texture": "#2"}
			}
		},
		{
			"from": [15, 12, 12],
			"to": [16, 15, 13],
			"rotation": {"angle": 0, "axis": "x", "origin": [14, 14, 17]},
			"faces": {
				"north": {"uv": [0.032, 0.032, 0.968, 2.968], "texture": "#2"},
				"east": {"uv": [3.032, 1.032, 3.968, 3.968], "texture": "#2", "cullface": "east"},
				"south": {"uv": [0.032, 0.032, 0.968, 2.968], "texture": "#2"},
				"down": {"uv": [15.032, 14.032, 15.968, 14.968], "texture": "#2"}
			}
		},
		{
			"from": [15, 12, 13],
			"to": [16, 13, 15],
			"rotation": {"angle": 0, "axis": "x", "origin": [14, 14, 18]},
			"faces": {
				"east": {"uv": [1.032, 3.032, 2.968, 3.968], "texture": "#2", "cullface": "east"},
				"up": {"uv": [0.032, 0.032, 0.968, 1.968], "texture": "#2"},
				"down": {"uv": [15.032, 14.032, 15.968, 15.968], "texture": "#2"}
			}
		},
		{
			"from": [15, 12, 1],
			"to": [16, 13, 3],
			"rotation": {"angle": 0, "axis": "x", "origin": [14, 14, 6]},
			"faces": {
				"east": {"uv": [13.032, 3.032, 14.968, 3.968], "texture": "#2", "cullface": "east"},
				"up": {"uv": [0.032, 0.032, 0.968, 1.968], "texture": "#2"},
				"down": {"uv": [15.032, 14.032, 15.968, 15.968], "texture": "#2"}
			}
		},
		{
			"from": [15, 7, 1],
			"to": [15.7, 15, 15],
			"rotation": {"angle": 0, "axis": "x", "origin": [23, 15, 9]},
			"faces": {
				"east": {"uv": [1.032, 1.032, 14.968, 8.968], "texture": "#2"}
			}
		},
		{
			"from": [1, 0, 15],
			"to": [15, 7, 16],
			"rotation": {"angle": 0, "axis": "x", "origin": [9, 8, 23]},
			"faces": {
				"south": {"uv": [1.032, 9.032, 14.968, 15.968], "texture": "#2", "cullface": "south"},
				"up": {"uv": [0.032, 0.032, 13.968, 0.968], "texture": "#2"},
				"down": {"uv": [1.032, 0.032, 14.968, 0.968], "texture": "#3", "cullface": "down"}
			}
		},
		{
			"from": [1, 15, 15],
			"to": [15, 16, 16],
			"rotation": {"angle": 0, "axis": "x", "origin": [9, 17, 23]},
			"faces": {
				"south": {"uv": [1.032, 0.032, 14.968, 0.968], "texture": "#2", "cullface": "south"},
				"up": {"uv": [1.032, 15.032, 14.968, 15.968], "texture": "#3", "cullface": "up"},
				"down": {"uv": [0.032, 0.032, 13.968, 0.968], "texture": "#2"}
			}
		},
		{
			"from": [12, 12, 15],
			"to": [13, 15, 16],
			"rotation": {"angle": 0, "axis": "x", "origin": [7, 16, 23]},
			"faces": {
				"east": {"uv": [0.032, 0.032, 0.968, 2.968], "texture": "#2"},
				"south": {"uv": [12.032, 1.032, 12.968, 3.968], "texture": "#2", "cullface": "south"},
				"west": {"uv": [0.032, 0.032, 0.968, 2.968], "texture": "#2"},
				"down": {"uv": [0.032, 0.032, 0.968, 0.968], "texture": "#2"}
			}
		},
		{
			"from": [3, 12, 15],
			"to": [4, 15, 16],
			"rotation": {"angle": 0, "axis": "x", "origin": [-2, 16, 23]},
			"faces": {
				"east": {"uv": [0.032, 0.032, 0.968, 2.968], "texture": "#2"},
				"south": {"uv": [3.032, 1.032, 3.968, 3.968], "texture": "#2", "cullface": "south"},
				"west": {"uv": [0.032, 0.032, 0.968, 2.968], "texture": "#2"},
				"down": {"uv": [0.032, 0.032, 0.968, 0.968], "texture": "#2"}
			}
		},
		{
			"from": [1, 12, 15],
			"to": [3, 13, 16],
			"rotation": {"angle": 0, "axis": "x", "origin": [-3, 16, 23]},
			"faces": {
				"south": {"uv": [1.032, 3.032, 2.968, 3.968], "texture": "#2", "cullface": "south"},
				"up": {"uv": [0.032, 0.032, 1.968, 0.968], "texture": "#2"},
				"down": {"uv": [0.032, 0.032, 1.968, 0.968], "texture": "#2"}
			}
		},
		{
			"from": [13, 12, 15],
			"to": [15, 13, 16],
			"rotation": {"angle": 0, "axis": "x", "origin": [9, 16, 23]},
			"faces": {
				"south": {"uv": [13.032, 3.032, 14.968, 3.968], "texture": "#2", "cullface": "south"},
				"up": {"uv": [0.032, 0.032, 1.968, 0.968], "texture": "#2"},
				"down": {"uv": [0.032, 0.032, 1.968, 0.968], "texture": "#2"}
			}
		},
		{
			"from": [1, 7, 15],
			"to": [15, 15, 15.7],
			"rotation": {"angle": 0, "axis": "x", "origin": [9, 15, 23]},
			"faces": {
				"south": {"uv": [1.032, 1.032, 14.968, 8.968], "texture": "#2"}
			}
		},
		{
			"from": [1, 15, 1],
			"to": [15, 16, 15],
			"rotation": {"angle": 0, "axis": "y", "origin": [9, 23, 9]},
			"faces": {
				"up": {"uv": [1.032, 1.032, 14.968, 14.968], "texture": "#3", "cullface": "up"}
			}
		},
		{
			"from": [1, 0, 1],
			"to": [15, 1, 15],
			"rotation": {"angle": 0, "axis": "y", "origin": [9, 8, 9]},
			"faces": {
				"down": {"uv": [1.032, 1.032, 14.968, 14.968], "texture": "#3", "cullface": "down"}
			}
		},
		{
			"from": [1, 1, 1],
			"to": [2, 15, 15],
			"rotation": {"angle": 0, "axis": "y", "origin": [9, 9, 9]},
			"faces": {
				"east": {"uv": [10.032, 10.032, 10.968, 10.968], "texture": "#0"}
			}
		},
		{
			"from": [14, 1, 1],
			"to": [15, 15, 15],
			"rotation": {"angle": 0, "axis": "y", "origin": [22, 9, 9]},
			"faces": {
				"west": {"uv": [10.032, 10.032, 10.968, 10.968], "texture": "#0"}
			}
		},
		{
			"from": [2, 1, 14],
			"to": [14, 15, 15],
			"rotation": {"angle": 0, "axis": "y", "origin": [10, 9, 21]},
			"faces": {
				"north": {"uv": [10.032, 8.032, 10.968, 8.968], "texture": "#0"}
			}
		},
		{
			"from": [2, 1, 1],
			"to": [14, 2, 14],
			"rotation": {"angle": 0, "axis": "y", "origin": [10, 9, 9]},
			"faces": {
				"up": {"uv": [10.032, 8.032, 10.968, 8.968], "texture": "#0"}
			}
		},
		{
			"from": [2, 14, 1],
			"to": [14, 15, 14],
			"rotation": {"angle": 0, "axis": "y", "origin": [10, 22, 9]},
			"faces": {
				"down": {"uv": [10.032, 8.032, 10.968, 8.968], "texture": "#0"}
			}
		}
	],
	"display": {
		"thirdperson_righthand": {
			"rotation": [75, 45, 0],
			"translation": [0, 2.5, 0],
			"scale": [0.375, 0.375, 0.375]
		},
		"thirdperson_lefthand": {
			"rotation": [75, 45, 0],
			"translation": [0, 2.5, 0],
			"scale": [0.375, 0.375, 0.375]
		},
		"firstperson_righthand": {
			"rotation": [0, 45, 0],
			"scale": [0.4, 0.4, 0.4]
		},
		"firstperson_lefthand": {
			"rotation": [0, 225, 0],
			"scale": [0.4, 0.4, 0.4]
		},
		"ground": {
			"translation": [0, 3, 0],
			"scale": [0.25, 0.25, 0.25]
		},
		"gui": {
			"rotation": [30, 225, 0],
			"scale": [0.625, 0.625, 0.625]
		},
		"fixed": {
			"scale": [0.5, 0.5, 0.5]
		}
	},
	"groups": [
		{
			"name": "1",
			"origin": [8, 8, 8],
			"children": [0, 1, 2, 3, 4, 5, 6, 7, 8, 9, 10, 11, 12, 13, 14, 15, 16, 17, 18, 19, 20, 21, 22, 23, 24]
		},
		{
			"name": "2",
			"origin": [8, 8, 8],
			"children": [25, 26, 27, 28, 29, 30, 31, 32, 33, 34, 35, 36, 37, 38, 39, 40, 41, 42, 43, 44, 45, 46, 47, 48, 49, 50]
		},
		{
			"name": "3",
			"origin": [8, 8, 8],
			"children": [51, 52, 53, 54, 55]
		}
	]
}