{
	"credit": "Made with Blockbench",
	"ambientocclusion": false,
	"textures": {
		"bars": "block/iron_bars"
	},
	"elements": [
		{
			"from": [7, 0, 8],
			"to": [9, 16, 9],
			"rotation": {"angle": 0, "axis": "y", "origin": [15, 8, 16]},
			"faces": {
				"north": {"uv": [7, 0, 9, 16], "texture": "#bars"},
				"east": {"uv": [7, 0, 8, 16], "texture": "#bars"},
				"south": {"uv": [7, 0, 9, 16], "texture": "#bars"},
				"west": {"uv": [8, 0, 9, 16], "texture": "#bars"},
				"up": {"uv": [7, 8, 9, 9], "texture": "#bars"},
				"down": {"uv": [7, 7, 9, 8], "texture": "#bars"}
			}
		}
	],
	"groups": [
		{
			"name": "iron_bars_cap_alt",
			"origin": [8, 8, 8],
			"children": [0]
		}
	]
}