{
	"credit": "Made with Blockbench",
	"textures": {
		"0": "block/lodestone_side",
		"1": "block/lodestone_top",
		"particle": "block/lodestone_side"
	},
	"elements": [
		{
			"from": [0, 1, 0],
			"to": [1, 15, 1],
			"faces": {
				"north": {"uv": [15.032, 1.032, 15.968, 14.968], "texture": "#0", "cullface": "north"},
				"east": {"uv": [15.032, 1.032, 15.968, 14.968], "texture": "#0"},
				"south": {"uv": [0.032, 1.032, 0.968, 14.968], "texture": "#0"},
				"west": {"uv": [0.032, 1.032, 0.968, 14.968], "texture": "#0", "cullface": "west"}
			}
		},
		{
			"from": [0, 1, 15],
			"to": [1, 15, 16],
			"rotation": {"angle": 0, "axis": "y", "origin": [8, 8, 23]},
			"faces": {
				"north": {"uv": [15.032, 1.032, 15.968, 14.968], "texture": "#0"},
				"east": {"uv": [0.032, 1.032, 0.968, 14.968], "texture": "#0"},
				"south": {"uv": [0.032, 1.032, 0.968, 14.968], "texture": "#0", "cullface": "south"},
				"west": {"uv": [15.032, 1.032, 15.968, 14.968], "texture": "#0", "cullface": "west"}
			}
		},
		{
			"from": [15, 1, 0],
			"to": [16, 15, 1],
			"rotation": {"angle": 0, "axis": "y", "origin": [23, 8, 8]},
			"faces": {
				"north": {"uv": [0.032, 1.032, 0.968, 14.968], "texture": "#0", "cullface": "north"},
				"east": {"uv": [15.032, 1.032, 15.968, 14.968], "texture": "#0", "cullface": "east"},
				"south": {"uv": [15.032, 1.032, 15.968, 14.968], "texture": "#0"},
				"west": {"uv": [0.032, 1.032, 0.968, 14.968], "texture": "#0"}
			}
		},
		{
			"from": [15, 1, 15],
			"to": [16, 15, 16],
			"rotation": {"angle": 0, "axis": "y", "origin": [23, 8, 23]},
			"faces": {
				"north": {"uv": [0.032, 1.032, 0.968, 14.968], "texture": "#0"},
				"east": {"uv": [0.032, 1.032, 0.968, 14.968], "texture": "#0", "cullface": "east"},
				"south": {"uv": [15.032, 1.032, 15.968, 14.968], "texture": "#0", "cullface": "south"},
				"west": {"uv": [15.032, 1.032, 15.968, 14.968], "texture": "#0"}
			}
		},
		{
			"from": [0, 0, 0],
			"to": [16, 1, 16],
			"rotation": {"angle": 0, "axis": "y", "origin": [9, 8, 8]},
			"faces": {
				"north": {"uv": [0.032, 15.032, 15.968, 15.968], "texture": "#0", "cullface": "north"},
				"east": {"uv": [0.032, 15.032, 15.968, 15.968], "texture": "#0", "cullface": "east"},
				"south": {"uv": [0.032, 15.032, 15.968, 15.968], "texture": "#0", "cullface": "south"},
				"west": {"uv": [0.032, 15.032, 15.968, 15.968], "texture": "#0", "cullface": "west"},
				"up": {"uv": [0.032, 0.032, 15.968, 15.968], "texture": "#1"},
				"down": {"uv": [0.032, 0.032, 15.968, 15.968], "texture": "#1", "cullface": "down"}
			}
		},
		{
			"from": [0, 15, 0],
			"to": [16, 16, 16],
			"rotation": {"angle": 0, "axis": "y", "origin": [9, 23, 8]},
			"faces": {
				"north": {"uv": [0.032, 0.032, 15.968, 0.968], "texture": "#0", "cullface": "north"},
				"east": {"uv": [0.032, 0.032, 15.968, 0.968], "texture": "#0", "cullface": "east"},
				"south": {"uv": [0.032, 0.032, 15.968, 0.968], "texture": "#0", "cullface": "south"},
				"west": {"uv": [0.032, 0.032, 15.968, 0.968], "texture": "#0", "cullface": "west"},
				"up": {"uv": [0.032, 0.032, 15.968, 15.968], "texture": "#1", "cullface": "up"},
				"down": {"uv": [0.032, 0.032, 15.968, 15.968], "texture": "#1"}
			}
		},
		{
			"from": [0, 1, 1],
			"to": [1, 3, 3],
			"rotation": {"angle": 0, "axis": "y", "origin": [8, 9, 9]},
			"faces": {
				"east": {"uv": [13.032, 13.032, 14.968, 14.968], "texture": "#0"},
				"south": {"uv": [0.032, 13.032, 0.968, 14.968], "texture": "#0"},
				"west": {"uv": [1.032, 13.032, 2.968, 14.968], "texture": "#0", "cullface": "west"},
				"up": {"uv": [0.032, 1.032, 0.968, 2.968], "texture": "#1"}
			}
		},
		{
			"from": [0, 13, 1],
			"to": [1, 15, 3],
			"rotation": {"angle": 0, "axis": "y", "origin": [8, 21, 9]},
			"faces": {
				"east": {"uv": [13.032, 1.032, 14.968, 2.968], "texture": "#0"},
				"south": {"uv": [0.032, 1.032, 0.968, 2.968], "texture": "#0"},
				"west": {"uv": [1.032, 1.032, 2.968, 2.968], "texture": "#0", "cullface": "west"},
				"down": {"uv": [0.032, 13.032, 0.968, 14.968], "texture": "#1"}
			}
		},
		{
			"from": [0, 1, 13],
			"to": [1, 3, 15],
			"rotation": {"angle": 0, "axis": "y", "origin": [8, 9, 21]},
			"faces": {
				"north": {"uv": [15.032, 13.032, 15.968, 14.968], "texture": "#0"},
				"east": {"uv": [1.032, 13.032, 2.968, 14.968], "texture": "#0"},
				"west": {"uv": [13.032, 13.032, 14.968, 14.968], "texture": "#0", "cullface": "west"},
				"up": {"uv": [0.032, 13.032, 0.968, 14.968], "texture": "#1"}
			}
		},
		{
			"from": [0, 13, 13],
			"to": [1, 15, 15],
			"rotation": {"angle": 0, "axis": "y", "origin": [8, 21, 21]},
			"faces": {
				"north": {"uv": [15.032, 1.032, 15.968, 2.968], "texture": "#0"},
				"east": {"uv": [1.032, 1.032, 2.968, 2.968], "texture": "#0"},
				"west": {"uv": [13.032, 1.032, 14.968, 2.968], "texture": "#0", "cullface": "west"},
				"down": {"uv": [0.032, 1.032, 0.968, 2.968], "texture": "#1"}
			}
		},
		{
			"from": [1, 1, 0],
			"to": [3, 3, 1],
			"rotation": {"angle": 0, "axis": "y", "origin": [9, 9, 8]},
			"faces": {
				"north": {"uv": [13.032, 13.032, 14.968, 14.968], "texture": "#0", "cullface": "north"},
				"east": {"uv": [15.032, 13.032, 15.968, 14.968], "texture": "#0"},
				"south": {"uv": [1.032, 13.032, 2.968, 14.968], "texture": "#0"},
				"up": {"uv": [1.032, 0.032, 2.968, 0.968], "texture": "#1"}
			}
		},
		{
			"from": [1, 13, 0],
			"to": [3, 15, 1],
			"rotation": {"angle": 0, "axis": "y", "origin": [9, 21, 8]},
			"faces": {
				"north": {"uv": [13.032, 1.032, 14.968, 2.968], "texture": "#0", "cullface": "north"},
				"east": {"uv": [15.032, 1.032, 15.968, 2.968], "texture": "#0"},
				"south": {"uv": [1.032, 1.032, 2.968, 2.968], "texture": "#0"},
				"down": {"uv": [1.032, 15.032, 2.968, 15.968], "texture": "#1"}
			}
		},
		{
			"from": [13, 1, 0],
			"to": [15, 3, 1],
			"rotation": {"angle": 0, "axis": "y", "origin": [21, 9, 8]},
			"faces": {
				"north": {"uv": [1.032, 13.032, 2.968, 14.968], "texture": "#0", "cullface": "north"},
				"south": {"uv": [13.032, 13.032, 14.968, 14.968], "texture": "#0"},
				"west": {"uv": [0.032, 13.032, 0.968, 14.968], "texture": "#0"},
				"up": {"uv": [13.032, 0.032, 14.968, 0.968], "texture": "#1"}
			}
		},
		{
			"from": [13, 13, 0],
			"to": [15, 15, 1],
			"rotation": {"angle": 0, "axis": "y", "origin": [21, 21, 8]},
			"faces": {
				"north": {"uv": [1.032, 1.032, 2.968, 2.968], "texture": "#0", "cullface": "north"},
				"south": {"uv": [13.032, 1.032, 14.968, 2.968], "texture": "#0"},
				"west": {"uv": [0.032, 1.032, 0.968, 2.968], "texture": "#0"},
				"down": {"uv": [13.032, 15.032, 14.968, 15.968], "texture": "#1"}
			}
		},
		{
			"from": [15, 1, 1],
			"to": [16, 3, 3],
			"rotation": {"angle": 0, "axis": "y", "origin": [23, 9, 9]},
			"faces": {
				"east": {"uv": [13.032, 13.032, 14.968, 14.968], "texture": "#0", "cullface": "east"},
				"south": {"uv": [15.032, 13.032, 15.968, 14.968], "texture": "#0"},
				"west": {"uv": [1.032, 13.032, 2.968, 14.968], "texture": "#0"},
				"up": {"uv": [15.032, 1.032, 15.968, 2.968], "texture": "#1"}
			}
		},
		{
			"from": [15, 13, 1],
			"to": [16, 15, 3],
			"rotation": {"angle": 0, "axis": "y", "origin": [23, 21, 9]},
			"faces": {
				"east": {"uv": [13.032, 1.032, 14.968, 2.968], "texture": "#0", "cullface": "east"},
				"south": {"uv": [15.032, 1.032, 15.968, 2.968], "texture": "#0"},
				"west": {"uv": [1.032, 1.032, 2.968, 2.968], "texture": "#0"},
				"down": {"uv": [15.032, 13.032, 15.968, 14.968], "texture": "#1"}
			}
		},
		{
			"from": [15, 1, 13],
			"to": [16, 3, 15],
			"rotation": {"angle": 0, "axis": "y", "origin": [23, 9, 21]},
			"faces": {
				"north": {"uv": [0.032, 13.032, 0.968, 14.968], "texture": "#0"},
				"east": {"uv": [1.032, 13.032, 2.968, 14.968], "texture": "#0", "cullface": "east"},
				"west": {"uv": [13.032, 13.032, 14.968, 14.968], "texture": "#0"},
				"up": {"uv": [15.032, 13.032, 15.968, 14.968], "texture": "#1"}
			}
		},
		{
			"from": [15, 13, 13],
			"to": [16, 15, 15],
			"rotation": {"angle": 0, "axis": "y", "origin": [23, 21, 21]},
			"faces": {
				"north": {"uv": [0.032, 1.032, 0.968, 2.968], "texture": "#0"},
				"east": {"uv": [1.032, 1.032, 2.968, 2.968], "texture": "#0", "cullface": "east"},
				"west": {"uv": [13.032, 1.032, 14.968, 2.968], "texture": "#0"},
				"down": {"uv": [15.032, 1.032, 15.968, 2.968], "texture": "#1"}
			}
		},
		{
			"from": [1, 1, 15],
			"to": [3, 3, 16],
			"rotation": {"angle": 0, "axis": "y", "origin": [9, 9, 23]},
			"faces": {
				"north": {"uv": [13.032, 13.032, 14.968, 14.968], "texture": "#0"},
				"east": {"uv": [0.032, 13.032, 0.968, 14.968], "texture": "#0"},
				"south": {"uv": [1.032, 13.032, 2.968, 14.968], "texture": "#0", "cullface": "south"},
				"up": {"uv": [1.032, 15.032, 2.968, 15.968], "texture": "#1"}
			}
		},
		{
			"from": [1, 13, 15],
			"to": [3, 15, 16],
			"rotation": {"angle": 0, "axis": "y", "origin": [9, 21, 23]},
			"faces": {
				"north": {"uv": [13.032, 1.032, 14.968, 2.968], "texture": "#0"},
				"east": {"uv": [0.032, 1.032, 0.968, 2.968], "texture": "#0"},
				"south": {"uv": [1.032, 1.032, 2.968, 2.968], "texture": "#0", "cullface": "south"},
				"down": {"uv": [1.032, 0.032, 2.968, 0.968], "texture": "#1"}
			}
		},
		{
			"from": [13, 1, 15],
			"to": [15, 3, 16],
			"rotation": {"angle": 0, "axis": "y", "origin": [21, 9, 23]},
			"faces": {
				"north": {"uv": [1.032, 13.032, 2.968, 14.968], "texture": "#0"},
				"south": {"uv": [13.032, 13.032, 14.968, 14.968], "texture": "#0", "cullface": "south"},
				"west": {"uv": [15.032, 13.032, 15.968, 14.968], "texture": "#0"},
				"up": {"uv": [13.032, 15.032, 14.968, 15.968], "texture": "#1"}
			}
		},
		{
			"from": [13, 13, 15],
			"to": [15, 15, 16],
			"rotation": {"angle": 0, "axis": "y", "origin": [21, 21, 23]},
			"faces": {
				"north": {"uv": [1.032, 1.032, 2.968, 2.968], "texture": "#0"},
				"south": {"uv": [13.032, 1.032, 14.968, 2.968], "texture": "#0", "cullface": "south"},
				"west": {"uv": [15.032, 1.032, 15.968, 2.968], "texture": "#0"},
				"down": {"uv": [13.032, 0.032, 14.968, 0.968], "texture": "#1"}
			}
		},
		{
			"from": [3, 1, 0.3],
			"to": [13, 3, 15.7],
			"rotation": {"angle": 0, "axis": "y", "origin": [11, 9, 8]},
			"faces": {
				"north": {"uv": [3.032, 13.032, 12.968, 14.968], "texture": "#0"},
				"east": {"uv": [0.3, 13.032, 15.7, 14.968], "texture": "#0"},
				"south": {"uv": [3.032, 13.032, 12.968, 14.968], "texture": "#0"},
				"west": {"uv": [0.3, 13.032, 15.7, 14.968], "texture": "#0"},
				"up": {"uv": [3.032, 0.3, 12.968, 15.7], "texture": "#1"}
			}
		},
		{
			"from": [3, 13, 0.3],
			"to": [13, 15, 15.7],
			"rotation": {"angle": 0, "axis": "y", "origin": [11, 21, 8]},
			"faces": {
				"north": {"uv": [3.032, 1.032, 12.968, 2.968], "texture": "#0"},
				"east": {"uv": [0.3, 1.032, 15.7, 2.968], "texture": "#0"},
				"south": {"uv": [3.032, 1.032, 12.968, 2.968], "texture": "#0"},
				"west": {"uv": [0.3, 1.032, 15.7, 2.968], "texture": "#0"},
				"down": {"uv": [3.032, 0.3, 12.968, 15.7], "texture": "#1"}
			}
		},
		{
			"from": [10, 11, 0.3],
			"to": [15, 13, 15.7],
			"rotation": {"angle": 0, "axis": "y", "origin": [13, 19, 8]},
			"faces": {
				"north": {"uv": [1.032, 3.032, 5.968, 4.968], "texture": "#0"},
				"south": {"uv": [10.032, 3.032, 14.968, 4.968], "texture": "#0"},
				"west": {"uv": [0.3, 3.032, 15.7, 4.968], "texture": "#0"},
				"down": {"uv": [10.032, 0.3, 14.968, 15.7], "texture": "#1"}
			}
		},
		{
			"from": [1, 11, 0.3],
			"to": [6, 13, 15.7],
			"rotation": {"angle": 0, "axis": "y", "origin": [4, 19, 8]},
			"faces": {
				"north": {"uv": [10.032, 3.032, 14.968, 4.968], "texture": "#0"},
				"east": {"uv": [0.3, 3.032, 15.7, 4.968], "texture": "#0"},
				"south": {"uv": [1.032, 3.032, 5.968, 4.968], "texture": "#0"},
				"down": {"uv": [1.032, 0.3, 5.968, 15.7], "texture": "#1"}
			}
		},
		{
			"from": [1, 3, 0.3],
			"to": [6, 5, 15.7],
			"rotation": {"angle": 0, "axis": "y", "origin": [4, 11, 8]},
			"faces": {
				"north": {"uv": [10.032, 11.032, 14.968, 12.968], "texture": "#0"},
				"east": {"uv": [0.3, 11.032, 15.7, 12.968], "texture": "#0"},
				"south": {"uv": [1.032, 11.032, 5.968, 12.968], "texture": "#0"},
				"up": {"uv": [1.032, 0.3, 5.968, 15.7], "texture": "#1"}
			}
		},
		{
			"from": [10, 3, 0.3],
			"to": [15, 5, 15.7],
			"rotation": {"angle": 0, "axis": "y", "origin": [13, 11, 8]},
			"faces": {
				"north": {"uv": [1.032, 11.032, 5.968, 12.968], "texture": "#0"},
				"south": {"uv": [10.032, 11.032, 14.968, 12.968], "texture": "#0"},
				"west": {"uv": [0.3, 11.032, 15.7, 12.968], "texture": "#0"},
				"up": {"uv": [10.032, 0.3, 14.968, 15.7], "texture": "#1"}
			}
		},
		{
			"from": [13, 5, 0.3],
			"to": [15, 11, 15.7],
			"rotation": {"angle": 0, "axis": "y", "origin": [13, 13, 8]},
			"faces": {
				"north": {"uv": [1.032, 5.032, 2.968, 10.968], "texture": "#0"},
				"south": {"uv": [13.032, 5.032, 14.968, 10.968], "texture": "#0"},
				"west": {"uv": [0.3, 5.032, 15.7, 10.968], "texture": "#0"}
			}
		},
		{
			"from": [1, 5, 0.3],
			"to": [3, 11, 15.7],
			"rotation": {"angle": 0, "axis": "y", "origin": [1, 13, 8]},
			"faces": {
				"north": {"uv": [13.032, 5.032, 14.968, 10.968], "texture": "#0"},
				"east": {"uv": [0.3, 5.032, 15.7, 10.968], "texture": "#0"},
				"south": {"uv": [1.032, 5.032, 2.968, 10.968], "texture": "#0"}
			}
		},
		{
			"from": [3, 10, 0.3],
			"to": [5, 11, 15.7],
			"rotation": {"angle": 0, "axis": "y", "origin": [3, 13, 8]},
			"faces": {
				"north": {"uv": [11.032, 5.032, 12.968, 5.968], "texture": "#0"},
				"east": {"uv": [0.3, 5.032, 15.7, 5.968], "texture": "#0"},
				"south": {"uv": [3.032, 5.032, 4.968, 5.968], "texture": "#0"},
				"down": {"uv": [3.032, 0.3, 4.968, 15.7], "texture": "#1"}
			}
		},
		{
			"from": [3, 5, 0.3],
			"to": [5, 6, 15.7],
			"rotation": {"angle": 0, "axis": "y", "origin": [3, 8, 8]},
			"faces": {
				"north": {"uv": [11.032, 10.032, 12.968, 10.968], "texture": "#0"},
				"east": {"uv": [0.3, 10.032, 15.7, 10.968], "texture": "#0"},
				"south": {"uv": [3.032, 10.032, 4.968, 10.968], "texture": "#0"},
				"up": {"uv": [3.032, 0.3, 4.968, 15.7], "texture": "#1"}
			}
		},
		{
			"from": [11, 5, 0.3],
			"to": [13, 6, 15.7],
			"rotation": {"angle": 0, "axis": "y", "origin": [11, 8, 8]},
			"faces": {
				"north": {"uv": [3.032, 10.032, 4.968, 10.968], "texture": "#0"},
				"south": {"uv": [11.032, 10.032, 12.968, 10.968], "texture": "#0"},
				"west": {"uv": [0.3, 10.032, 15.7, 10.968], "texture": "#0"},
				"up": {"uv": [11.032, 0.3, 12.968, 15.7], "texture": "#1"}
			}
		},
		{
			"from": [11, 10, 0.3],
			"to": [13, 11, 15.7],
			"rotation": {"angle": 0, "axis": "y", "origin": [11, 13, 8]},
			"faces": {
				"north": {"uv": [3.032, 5.032, 4.968, 5.968], "texture": "#0"},
				"south": {"uv": [11.032, 5.032, 12.968, 5.968], "texture": "#0"},
				"west": {"uv": [0.3, 5.032, 15.7, 5.968], "texture": "#0"},
				"down": {"uv": [11.032, 0.3, 12.968, 15.7], "texture": "#1"}
			}
		},
		{
			"from": [6, 10, 0.3],
			"to": [10, 11, 15.7],
			"rotation": {"angle": 0, "axis": "y", "origin": [8, 13, 8]},
			"faces": {
				"north": {"uv": [6.032, 5.032, 9.968, 5.968], "texture": "#0"},
				"east": {"uv": [0.3, 5.032, 15.7, 5.968], "texture": "#0"},
				"south": {"uv": [6.032, 5.032, 9.968, 5.968], "texture": "#0"},
				"west": {"uv": [0.3, 5.032, 15.7, 5.968], "texture": "#0"},
				"up": {"uv": [6.032, 0.3, 9.968, 15.7], "texture": "#1"},
				"down": {"uv": [6.032, 0.3, 9.968, 15.7], "texture": "#1"}
			}
		},
		{
			"from": [6, 5, 0.3],
			"to": [10, 6, 15.7],
			"faces": {
				"north": {"uv": [6.032, 10.032, 9.968, 10.968], "texture": "#0"},
				"east": {"uv": [0.3, 10.032, 15.7, 10.968], "texture": "#0"},
				"south": {"uv": [6.032, 10.032, 9.968, 10.968], "texture": "#0"},
				"west": {"uv": [0.3, 10.032, 15.7, 10.968], "texture": "#0"},
				"up": {"uv": [6.032, 0.3, 9.968, 15.7], "texture": "#1"},
				"down": {"uv": [6.032, 0.3, 9.968, 15.7], "texture": "#1"}
			}
		},
		{
			"from": [7, 11, 0.3],
			"to": [9, 12, 15.7],
			"rotation": {"angle": 0, "axis": "y", "origin": [8, 14, 8]},
			"faces": {
				"north": {"uv": [7.032, 4.032, 8.968, 4.968], "texture": "#0"},
				"east": {"uv": [0.3, 4.032, 15.7, 4.968], "texture": "#0"},
				"south": {"uv": [7.032, 4.032, 8.968, 4.968], "texture": "#0"},
				"west": {"uv": [0.3, 4.032, 15.7, 4.968], "texture": "#0"},
				"up": {"uv": [7.032, 0.3, 8.968, 15.7], "texture": "#1"}
			}
		},
		{
			"from": [7, 4, 0.3],
			"to": [9, 5, 15.7],
			"rotation": {"angle": 0, "axis": "y", "origin": [8, 7, 8]},
			"faces": {
				"north": {"uv": [7.032, 11.032, 8.968, 11.968], "texture": "#0"},
				"east": {"uv": [0.3, 11.032, 15.7, 11.968], "texture": "#0"},
				"south": {"uv": [7.032, 11.032, 8.968, 11.968], "texture": "#0"},
				"west": {"uv": [0.3, 11.032, 15.7, 11.968], "texture": "#0"},
				"down": {"uv": [7.032, 0.3, 8.968, 15.7], "texture": "#1"}
			}
		},
		{
			"from": [5, 6, 0.3],
			"to": [7, 7, 15.7],
			"rotation": {"angle": 0, "axis": "y", "origin": [6, 9, 8]},
			"faces": {
				"north": {"uv": [9.032, 9.032, 10.968, 9.968], "texture": "#0"},
				"east": {"uv": [0.3, 9.032, 15.7, 9.968], "texture": "#0"},
				"south": {"uv": [5.032, 9.032, 6.968, 9.968], "texture": "#0"},
				"west": {"uv": [0.3, 9.032, 15.7, 9.968], "texture": "#0"},
				"up": {"uv": [5.032, 0.3, 6.968, 15.7], "texture": "#1"},
				"down": {"uv": [5.032, 0.3, 6.968, 15.7], "texture": "#1"}
			}
		},
		{
			"from": [9, 6, 0.3],
			"to": [11, 7, 15.7],
			"rotation": {"angle": 0, "axis": "y", "origin": [10, 9, 8]},
			"faces": {
				"north": {"uv": [5.032, 9.032, 6.968, 9.968], "texture": "#0"},
				"east": {"uv": [0.3, 9.032, 15.7, 9.968], "texture": "#0"},
				"south": {"uv": [9.032, 9.032, 10.968, 9.968], "texture": "#0"},
				"west": {"uv": [0.3, 9.032, 15.7, 9.968], "texture": "#0"},
				"up": {"uv": [9.032, 0.3, 10.968, 15.7], "texture": "#1"},
				"down": {"uv": [9.032, 0.3, 10.968, 15.7], "texture": "#1"}
			}
		},
		{
			"from": [9, 9, 0.3],
			"to": [11, 10, 15.7],
			"rotation": {"angle": 0, "axis": "y", "origin": [10, 12, 8]},
			"faces": {
				"north": {"uv": [5.032, 6.032, 6.968, 6.968], "texture": "#0"},
				"east": {"uv": [0.3, 6.032, 15.7, 6.968], "texture": "#0"},
				"south": {"uv": [9.032, 6.032, 10.968, 6.968], "texture": "#0"},
				"west": {"uv": [0.3, 6.032, 15.7, 6.968], "texture": "#0"},
				"up": {"uv": [9.032, 0.3, 10.968, 15.7], "texture": "#1"},
				"down": {"uv": [9.032, 0.3, 10.968, 15.7], "texture": "#1"}
			}
		},
		{
			"from": [5, 9, 0.3],
			"to": [7, 10, 15.7],
			"rotation": {"angle": 0, "axis": "y", "origin": [6, 12, 8]},
			"faces": {
				"north": {"uv": [9.032, 6.032, 10.968, 6.968], "texture": "#0"},
				"east": {"uv": [0.3, 6.032, 15.7, 6.968], "texture": "#0"},
				"south": {"uv": [5.032, 6.032, 6.968, 6.968], "texture": "#0"},
				"west": {"uv": [0.3, 6.032, 15.7, 6.968], "texture": "#0"},
				"up": {"uv": [5.032, 0.3, 6.968, 15.7], "texture": "#1"},
				"down": {"uv": [5.032, 0.3, 6.968, 15.7], "texture": "#1"}
			}
		},
		{
			"from": [4, 7, 0.3],
			"to": [6, 9, 15.7],
			"rotation": {"angle": 0, "axis": "y", "origin": [5, 11, 8]},
			"faces": {
				"north": {"uv": [10.032, 7.032, 11.968, 8.968], "texture": "#0"},
				"east": {"uv": [0.3, 7.032, 15.7, 8.968], "texture": "#0"},
				"south": {"uv": [4.032, 7.032, 5.968, 8.968], "texture": "#0"},
				"west": {"uv": [0.3, 7.032, 15.7, 8.968], "texture": "#0"},
				"up": {"uv": [4.032, 0.3, 5.968, 15.7], "texture": "#1"},
				"down": {"uv": [4.032, 0.3, 5.968, 15.7], "texture": "#1"}
			}
		},
		{
			"from": [10, 7, 0.3],
			"to": [12, 9, 15.7],
			"rotation": {"angle": 0, "axis": "y", "origin": [11, 11, 8]},
			"faces": {
				"north": {"uv": [4.032, 7.032, 5.968, 8.968], "texture": "#0"},
				"east": {"uv": [0.3, 7.032, 15.7, 8.968], "texture": "#0"},
				"south": {"uv": [10.032, 7.032, 11.968, 8.968], "texture": "#0"},
				"west": {"uv": [0.3, 7.032, 15.7, 8.968], "texture": "#0"},
				"up": {"uv": [10.032, 0.3, 11.968, 15.7], "texture": "#1"},
				"down": {"uv": [10.032, 0.3, 11.968, 15.7], "texture": "#1"}
			}
		},
		{
			"from": [3, 3, 0.5],
			"to": [13, 13, 15.5],
			"rotation": {"angle": 0, "axis": "y", "origin": [11, 11, 8]},
			"faces": {
				"north": {"uv": [3.032, 3.032, 12.968, 12.968], "texture": "#0"},
				"south": {"uv": [3.032, 3.032, 12.968, 12.968], "texture": "#0"}
			}
		},
		{
			"from": [0.3, 1, 3],
			"to": [15.7, 3, 13],
			"rotation": {"angle": 0, "axis": "y", "origin": [8, 9, 11]},
			"faces": {
				"north": {"uv": [0.3, 13.032, 15.7, 14.968], "texture": "#0"},
				"east": {"uv": [3.032, 13.032, 12.968, 14.968], "texture": "#0"},
				"south": {"uv": [0.3, 13.032, 15.7, 14.968], "texture": "#0"},
				"west": {"uv": [3.032, 13.032, 12.968, 14.968], "texture": "#0"},
				"up": {"uv": [0.3, 3.032, 15.7, 12.968], "texture": "#1"}
			}
		},
		{
			"from": [0.3, 13, 3],
			"to": [15.7, 15, 13],
			"rotation": {"angle": 0, "axis": "y", "origin": [8, 21, 11]},
			"faces": {
				"north": {"uv": [0.3, 1.032, 15.7, 2.968], "texture": "#0"},
				"east": {"uv": [3.032, 1.032, 12.968, 2.968], "texture": "#0"},
				"south": {"uv": [0.3, 1.032, 15.7, 2.968], "texture": "#0"},
				"west": {"uv": [3.032, 1.032, 12.968, 2.968], "texture": "#0"},
				"down": {"uv": [0.3, 3.032, 15.7, 12.968], "texture": "#1"}
			}
		},
		{
			"from": [0.3, 3, 13],
			"to": [15.7, 13, 15],
			"rotation": {"angle": 0, "axis": "y", "origin": [8, 19, 13]},
			"faces": {
				"north": {"uv": [0.3, 3.032, 15.7, 12.968], "texture": "#0"},
				"east": {"uv": [1.032, 3.032, 2.968, 12.968], "texture": "#0"},
				"west": {"uv": [13.032, 3.032, 14.968, 12.968], "texture": "#0"},
				"up": {"uv": [0.3, 13.032, 15.7, 14.968], "texture": "#1"},
				"down": {"uv": [0.3, 1.032, 15.7, 2.968], "texture": "#1"}
			}
		},
		{
			"from": [0.3, 3, 1],
			"to": [15.7, 13, 3],
			"rotation": {"angle": 0, "axis": "y", "origin": [8, 19, 1]},
			"faces": {
				"east": {"uv": [13.032, 3.032, 14.968, 12.968], "texture": "#0"},
				"south": {"uv": [0.3, 3.032, 15.7, 12.968], "texture": "#0"},
				"west": {"uv": [1.032, 3.032, 2.968, 12.968], "texture": "#0"},
				"up": {"uv": [0.3, 1.032, 15.7, 2.968], "texture": "#1"},
				"down": {"uv": [0.3, 13.032, 15.7, 14.968], "texture": "#1"}
			}
		},
		{
			"from": [0.3, 11, 3],
			"to": [15.7, 13, 6],
			"rotation": {"angle": 0, "axis": "y", "origin": [8, 19, 4]},
			"faces": {
				"east": {"uv": [10.032, 3.032, 12.968, 4.968], "texture": "#0"},
				"south": {"uv": [0.3, 3.032, 15.7, 4.968], "texture": "#0"},
				"west": {"uv": [3.032, 3.032, 5.968, 4.968], "texture": "#0"},
				"down": {"uv": [0.3, 10.032, 15.7, 12.968], "texture": "#1"}
			}
		},
		{
			"from": [0.3, 11, 10],
			"to": [15.7, 13, 13],
			"rotation": {"angle": 0, "axis": "y", "origin": [8, 19, 11]},
			"faces": {
				"north": {"uv": [0.3, 3.032, 15.7, 4.968], "texture": "#0"},
				"east": {"uv": [3.032, 3.032, 5.968, 4.968], "texture": "#0"},
				"west": {"uv": [10.032, 3.032, 12.968, 4.968], "texture": "#0"},
				"down": {"uv": [0.3, 3.032, 15.7, 5.968], "texture": "#1"}
			}
		},
		{
			"from": [0.3, 3, 10],
			"to": [15.7, 5, 13],
			"rotation": {"angle": 0, "axis": "y", "origin": [8, 11, 11]},
			"faces": {
				"north": {"uv": [0.3, 11.032, 15.7, 12.968], "texture": "#0"},
				"east": {"uv": [3.032, 11.032, 5.968, 12.968], "texture": "#0"},
				"west": {"uv": [10.032, 11.032, 12.968, 12.968], "texture": "#0"},
				"up": {"uv": [0.3, 10.032, 15.7, 12.968], "texture": "#1"}
			}
		},
		{
			"from": [0.3, 3, 3],
			"to": [15.7, 5, 6],
			"rotation": {"angle": 0, "axis": "y", "origin": [8, 11, 4]},
			"faces": {
				"east": {"uv": [10.032, 11.032, 12.968, 12.968], "texture": "#0"},
				"south": {"uv": [0.3, 11.032, 15.7, 12.968], "texture": "#0"},
				"west": {"uv": [3.032, 11.032, 5.968, 12.968], "texture": "#0"},
				"up": {"uv": [0.3, 3.032, 15.7, 5.968], "texture": "#1"}
			}
		},
		{
			"from": [0.3, 5, 3],
			"to": [15.7, 6, 5],
			"rotation": {"angle": 0, "axis": "y", "origin": [8, 12, 4]},
			"faces": {
				"east": {"uv": [11.032, 10.032, 12.968, 10.968], "texture": "#0"},
				"south": {"uv": [0.3, 10.032, 15.7, 10.968], "texture": "#0"},
				"west": {"uv": [3.032, 10.032, 4.968, 10.968], "texture": "#0"},
				"up": {"uv": [0.3, 3.032, 15.7, 4.968], "texture": "#1"}
			}
		},
		{
			"from": [0.3, 5, 11],
			"to": [15.7, 6, 13],
			"rotation": {"angle": 0, "axis": "y", "origin": [8, 12, 12]},
			"faces": {
				"north": {"uv": [0.3, 10.032, 15.7, 10.968], "texture": "#0"},
				"east": {"uv": [3.032, 10.032, 4.968, 10.968], "texture": "#0"},
				"west": {"uv": [11.032, 10.032, 12.968, 10.968], "texture": "#0"},
				"up": {"uv": [0.3, 11.032, 15.7, 12.968], "texture": "#1"}
			}
		},
		{
			"from": [0.3, 10, 11],
			"to": [15.7, 11, 13],
			"rotation": {"angle": 0, "axis": "y", "origin": [8, 17, 12]},
			"faces": {
				"north": {"uv": [0.3, 5.032, 15.7, 5.968], "texture": "#0"},
				"east": {"uv": [3.032, 5.032, 4.968, 5.968], "texture": "#0"},
				"west": {"uv": [11.032, 5.032, 12.968, 5.968], "texture": "#0"},
				"down": {"uv": [0.3, 3.032, 15.7, 4.968], "texture": "#1"}
			}
		},
		{
			"from": [0.3, 10, 3],
			"to": [15.7, 11, 5],
			"rotation": {"angle": 0, "axis": "y", "origin": [8, 17, 4]},
			"faces": {
				"east": {"uv": [11.032, 5.032, 12.968, 5.968], "texture": "#0"},
				"south": {"uv": [0.3, 5.032, 15.7, 5.968], "texture": "#0"},
				"west": {"uv": [3.032, 5.032, 4.968, 5.968], "texture": "#0"},
				"down": {"uv": [0.3, 11.032, 15.7, 12.968], "texture": "#1"}
			}
		},
		{
			"from": [0.3, 9, 9],
			"to": [15.7, 10, 11],
			"rotation": {"angle": 0, "axis": "y", "origin": [8, 16, 10]},
			"faces": {
				"north": {"uv": [0.3, 6.032, 15.7, 6.968], "texture": "#0"},
				"east": {"uv": [5.032, 6.032, 6.968, 6.968], "texture": "#0"},
				"south": {"uv": [0.3, 6.032, 15.7, 6.968], "texture": "#0"},
				"west": {"uv": [9.032, 6.032, 10.968, 6.968], "texture": "#0"},
				"up": {"uv": [0.3, 9.032, 15.7, 10.968], "texture": "#1"},
				"down": {"uv": [0.3, 5.032, 15.7, 6.968], "texture": "#1"}
			}
		},
		{
			"from": [0.3, 6, 9],
			"to": [15.7, 7, 11],
			"rotation": {"angle": 0, "axis": "y", "origin": [8, 13, 10]},
			"faces": {
				"north": {"uv": [0.3, 9.032, 15.7, 9.968], "texture": "#0"},
				"east": {"uv": [5.032, 9.032, 6.968, 9.968], "texture": "#0"},
				"south": {"uv": [0.3, 9.032, 15.7, 9.968], "texture": "#0"},
				"west": {"uv": [9.032, 9.032, 10.968, 9.968], "texture": "#0"},
				"up": {"uv": [0.3, 9.032, 15.7, 10.968], "texture": "#1"},
				"down": {"uv": [0.3, 5.032, 15.7, 6.968], "texture": "#1"}
			}
		},
		{
			"from": [0.3, 6, 5],
			"to": [15.7, 7, 7],
			"rotation": {"angle": 0, "axis": "y", "origin": [8, 13, 6]},
			"faces": {
				"north": {"uv": [0.3, 9.032, 15.7, 9.968], "texture": "#0"},
				"east": {"uv": [9.032, 9.032, 10.968, 9.968], "texture": "#0"},
				"south": {"uv": [0.3, 9.032, 15.7, 9.968], "texture": "#0"},
				"west": {"uv": [5.032, 9.032, 6.968, 9.968], "texture": "#0"},
				"up": {"uv": [0.3, 5.032, 15.7, 6.968], "texture": "#1"},
				"down": {"uv": [0.3, 9.032, 15.7, 10.968], "texture": "#1"}
			}
		},
		{
			"from": [0.3, 9, 5],
			"to": [15.7, 10, 7],
			"rotation": {"angle": 0, "axis": "y", "origin": [8, 16, 6]},
			"faces": {
				"north": {"uv": [0.3, 6.032, 15.7, 6.968], "texture": "#0"},
				"east": {"uv": [9.032, 6.032, 10.968, 6.968], "texture": "#0"},
				"south": {"uv": [0.3, 6.032, 15.7, 6.968], "texture": "#0"},
				"west": {"uv": [5.032, 6.032, 6.968, 6.968], "texture": "#0"},
				"up": {"uv": [0.3, 5.032, 15.7, 6.968], "texture": "#1"},
				"down": {"uv": [0.3, 9.032, 15.7, 10.968], "texture": "#1"}
			}
		},
		{
			"from": [0.3, 10, 6],
			"to": [15.7, 11, 10],
			"rotation": {"angle": 0, "axis": "y", "origin": [8, 17, 7]},
			"faces": {
				"north": {"uv": [0.3, 5.032, 15.7, 5.968], "texture": "#0"},
				"east": {"uv": [6.032, 5.032, 9.968, 5.968], "texture": "#0"},
				"south": {"uv": [0.3, 5.032, 15.7, 5.968], "texture": "#0"},
				"west": {"uv": [6.032, 5.032, 9.968, 5.968], "texture": "#0"},
				"up": {"uv": [0.3, 6.032, 15.7, 9.968], "texture": "#1"},
				"down": {"uv": [0.3, 6.032, 15.7, 9.968], "texture": "#1"}
			}
		},
		{
			"from": [0.3, 5, 6],
			"to": [15.7, 6, 10],
			"rotation": {"angle": 0, "axis": "y", "origin": [8, 12, 7]},
			"faces": {
				"north": {"uv": [0.3, 10.032, 15.7, 10.968], "texture": "#0"},
				"east": {"uv": [6.032, 10.032, 9.968, 10.968], "texture": "#0"},
				"south": {"uv": [0.3, 10.032, 15.7, 10.968], "texture": "#0"},
				"west": {"uv": [6.032, 10.032, 9.968, 10.968], "texture": "#0"},
				"up": {"uv": [0.3, 6.032, 15.7, 9.968], "texture": "#1"},
				"down": {"uv": [0.3, 6.032, 15.7, 9.968], "texture": "#1"}
			}
		},
		{
			"from": [0.3, 11, 7],
			"to": [15.7, 12, 9],
			"rotation": {"angle": 0, "axis": "y", "origin": [8, 18, 7]},
			"faces": {
				"north": {"uv": [0.3, 4.032, 15.7, 4.968], "texture": "#0"},
				"east": {"uv": [7.032, 4.032, 8.968, 4.968], "texture": "#0"},
				"south": {"uv": [0.3, 4.032, 15.7, 4.968], "texture": "#0"},
				"west": {"uv": [7.032, 4.032, 8.968, 4.968], "texture": "#0"},
				"up": {"uv": [0.3, 7.032, 15.7, 8.968], "texture": "#1"}
			}
		},
		{
			"from": [0.3, 4, 7],
			"to": [15.7, 5, 9],
			"rotation": {"angle": 0, "axis": "y", "origin": [8, 11, 7]},
			"faces": {
				"north": {"uv": [0.3, 11.032, 15.7, 11.968], "texture": "#0"},
				"east": {"uv": [7.032, 11.032, 8.968, 11.968], "texture": "#0"},
				"south": {"uv": [0.3, 11.032, 15.7, 11.968], "texture": "#0"},
				"west": {"uv": [7.032, 11.032, 8.968, 11.968], "texture": "#0"},
				"down": {"uv": [0.3, 7.032, 15.7, 8.968], "texture": "#1"}
			}
		},
		{
			"from": [0.3, 7, 10],
			"to": [15.7, 9, 12],
			"rotation": {"angle": 0, "axis": "y", "origin": [8, 15, 10]},
			"faces": {
				"north": {"uv": [0.3, 7.032, 15.7, 8.968], "texture": "#0"},
				"east": {"uv": [4.032, 7.032, 5.968, 8.968], "texture": "#0"},
				"south": {"uv": [0.3, 7.032, 15.7, 8.968], "texture": "#0"},
				"west": {"uv": [10.032, 7.032, 11.968, 8.968], "texture": "#0"},
				"up": {"uv": [0.3, 10.032, 15.7, 11.968], "texture": "#1"},
				"down": {"uv": [0.3, 4.032, 15.7, 5.968], "texture": "#1"}
			}
		},
		{
			"from": [0.3, 7, 4],
			"to": [15.7, 9, 6],
			"rotation": {"angle": 0, "axis": "y", "origin": [8, 15, 4]},
			"faces": {
				"north": {"uv": [0.3, 7.032, 15.7, 8.968], "texture": "#0"},
				"east": {"uv": [10.032, 7.032, 11.968, 8.968], "texture": "#0"},
				"south": {"uv": [0.3, 7.032, 15.7, 8.968], "texture": "#0"},
				"west": {"uv": [4.032, 7.032, 5.968, 8.968], "texture": "#0"},
				"up": {"uv": [0.3, 4.032, 15.7, 5.968], "texture": "#1"},
				"down": {"uv": [0.3, 10.032, 15.7, 11.968], "texture": "#1"}
			}
		},
		{
			"from": [0.5, 3, 3],
			"to": [15.5, 13, 13],
			"rotation": {"angle": 0, "axis": "y", "origin": [8, 11, 11]},
			"faces": {
				"east": {"uv": [3.032, 3.032, 12.968, 12.968], "texture": "#0"},
				"west": {"uv": [3.032, 3.032, 12.968, 12.968], "texture": "#0"}
			}
		}
	],
	"display": {
		"thirdperson_righthand": {
			"rotation": [75, 45, 0],
			"translation": [0, 2.5, 0],
			"scale": [0.375, 0.375, 0.375]
		},
		"thirdperson_lefthand": {
			"rotation": [75, 45, 0],
			"translation": [0, 2.5, 0],
			"scale": [0.375, 0.375, 0.375]
		},
		"firstperson_righthand": {
			"rotation": [0, 45, 0],
			"scale": [0.4, 0.4, 0.4]
		},
		"firstperson_lefthand": {
			"rotation": [0, 225, 0],
			"scale": [0.4, 0.4, 0.4]
		},
		"ground": {
			"translation": [0, 3, 0],
			"scale": [0.25, 0.25, 0.25]
		},
		"gui": {
			"rotation": [30, 225, 0],
			"scale": [0.625, 0.625, 0.625]
		},
		"fixed": {
			"scale": [0.5, 0.5, 0.5]
		}
	},
	"groups": [
		{
			"name": "1",
			"origin": [8, 8, 8],
			"children": [0, 1, 2, 3, 4, 5, 6, 7, 8, 9, 10, 11, 12, 13, 14, 15, 16, 17, 18, 19, 20, 21]
		},
		{
			"name": "2",
			"origin": [8, 8, 8],
			"children": [22, 23, 24, 25, 26, 27, 28, 29, 30, 31, 32, 33, 34, 35, 36, 37, 38, 39, 40, 41, 42, 43, 44,
				{
					"name": "2-2",
					"origin": [8, 8, 8],
					"children": [45, 46, 47, 48, 49, 50, 51, 52, 53, 54, 55, 56, 57, 58, 59, 60, 61, 62, 63, 64, 65, 66, 67]
				}
			]
		}
	]
}