{
	"credit": "Made with Blockbench",
	"textures": {
		"0": "block/nether_gold_ore",
		"particle": "block/nether_gold_ore"
	},
	"elements": [
		{
			"name": "base",
			"from": [0, 0, 0],
			"to": [16, 16, 16],
			"faces": {
				"north": {"uv": [0, 0, 16, 16], "texture": "#0", "cullface": "north"},
				"east": {"uv": [0, 0, 16, 16], "texture": "#0", "cullface": "east"},
				"south": {"uv": [0, 0, 16, 16], "texture": "#0", "cullface": "south"},
				"west": {"uv": [0, 0, 16, 16], "texture": "#0", "cullface": "west"},
				"up": {"uv": [0, 0, 16, 16], "texture": "#0", "cullface": "up"},
				"down": {"uv": [0, 0, 16, 16], "texture": "#0", "cullface": "down"}
			}
		},
		{
			"from": [8, 4, -0.5],
			"to": [9, 5, 0],
			"rotation": {"angle": 0, "axis": "y", "origin": [16, 12, 7]},
			"faces": {
				"north": {"uv": [7, 11, 8, 12], "texture": "#0", "cullface": "north"},
				"east": {"uv": [7, 11, 7.5, 12], "texture": "#0", "cullface": "north"},
				"west": {"uv": [7, 11, 7.5, 12], "texture": "#0", "cullface": "north"},
				"up": {"uv": [7, 11, 8, 11.5], "texture": "#0", "cullface": "north"}
			}
		},
		{
			"from": [2, 5, -0.5],
			"to": [3, 6, 0],
			"rotation": {"angle": 0, "axis": "y", "origin": [10, 13, 7]},
			"faces": {
				"north": {"uv": [13, 10, 14, 11], "texture": "#0", "cullface": "north"},
				"east": {"uv": [13, 10, 13.5, 11], "texture": "#0", "cullface": "north"},
				"west": {"uv": [13, 10, 13.5, 11], "texture": "#0", "cullface": "north"},
				"up": {"uv": [13, 10, 14, 10.5], "texture": "#0", "cullface": "north"}
			}
		},
		{
			"from": [2, 4, -0.5],
			"to": [4, 5, 0],
			"rotation": {"angle": 0, "axis": "y", "origin": [10, 12, 7]},
			"faces": {
				"north": {"uv": [12, 11, 14, 12], "texture": "#0", "cullface": "north"},
				"east": {"uv": [12, 11, 12.5, 12], "texture": "#0", "cullface": "north"},
				"west": {"uv": [12, 11, 12.5, 12], "texture": "#0", "cullface": "north"},
				"up": {"uv": [12, 11, 14, 11.5], "texture": "#0", "cullface": "north"},
				"down": {"uv": [12, 11, 14, 11.5], "texture": "#0", "cullface": "north"}
			}
		},
		{
			"from": [7, 2, -0.5],
			"to": [9, 4, 0],
			"rotation": {"angle": 0, "axis": "y", "origin": [15, 11, 7]},
			"faces": {
				"north": {"uv": [7, 12, 9, 14], "texture": "#0", "cullface": "north"},
				"east": {"uv": [7, 12, 7.5, 14], "texture": "#0", "cullface": "north"},
				"west": {"uv": [7, 12, 7.5, 14], "texture": "#0", "cullface": "north"},
				"up": {"uv": [7, 12, 9, 12.5], "texture": "#0", "cullface": "north"},
				"down": {"uv": [7, 12, 9, 12.5], "texture": "#0", "cullface": "north"}
			}
		},
		{
			"from": [6, 1, -0.5],
			"to": [7, 3, 0],
			"rotation": {"angle": 0, "axis": "y", "origin": [14, 10, 7]},
			"faces": {
				"north": {"uv": [9, 13, 10, 15], "texture": "#0", "cullface": "north"},
				"east": {"uv": [9, 13, 9.5, 15], "texture": "#0", "cullface": "north"},
				"west": {"uv": [9, 13, 9.5, 15], "texture": "#0", "cullface": "north"},
				"up": {"uv": [9, 13, 10, 13.5], "texture": "#0", "cullface": "north"},
				"down": {"uv": [9, 13, 10, 13.5], "texture": "#0", "cullface": "north"}
			}
		},
		{
			"from": [8, 7, -0.5],
			"to": [9, 8, 0],
			"rotation": {"angle": 0, "axis": "y", "origin": [16, 15, 7]},
			"faces": {
				"north": {"uv": [7, 8, 8, 9], "texture": "#0", "cullface": "north"},
				"east": {"uv": [7, 8, 7.5, 9], "texture": "#0", "cullface": "north"},
				"west": {"uv": [7, 8, 7.5, 9], "texture": "#0", "cullface": "north"},
				"up": {"uv": [7, 8, 8, 8.5], "texture": "#0", "cullface": "north"},
				"down": {"uv": [7, 8, 8, 8.5], "texture": "#0", "cullface": "north"}
			}
		},
		{
			"from": [14, 4, -0.5],
			"to": [15, 5, 0],
			"rotation": {"angle": 0, "axis": "y", "origin": [22, 12, 7]},
			"faces": {
				"north": {"uv": [1, 11, 2, 12], "texture": "#0", "cullface": "north"},
				"east": {"uv": [1, 11, 1.5, 12], "texture": "#0", "cullface": "north"},
				"west": {"uv": [1, 11, 1.5, 12], "texture": "#0", "cullface": "north"},
				"up": {"uv": [1, 11, 2, 11.5], "texture": "#0", "cullface": "north"},
				"down": {"uv": [1, 11, 2, 11.5], "texture": "#0", "cullface": "north"}
			}
		},
		{
			"from": [12, 6, -0.5],
			"to": [13, 7, 0],
			"rotation": {"angle": 0, "axis": "y", "origin": [20, 14, 7]},
			"faces": {
				"north": {"uv": [3, 9, 4, 10], "texture": "#0", "cullface": "north"},
				"east": {"uv": [3, 9, 3.5, 10], "texture": "#0", "cullface": "north"},
				"up": {"uv": [3, 9, 4, 9.5], "texture": "#0", "cullface": "north"},
				"down": {"uv": [3, 9, 4, 9.5], "texture": "#0", "cullface": "north"}
			}
		},
		{
			"from": [11, 5, -0.5],
			"to": [12, 7, 0],
			"rotation": {"angle": 0, "axis": "y", "origin": [19, 14, 7]},
			"faces": {
				"north": {"uv": [4, 9, 5, 11], "texture": "#0", "cullface": "north"},
				"east": {"uv": [4, 9, 4.5, 11], "texture": "#0", "cullface": "north"},
				"west": {"uv": [4, 9, 4.5, 11], "texture": "#0", "cullface": "north"},
				"up": {"uv": [4, 9, 5, 9.5], "texture": "#0", "cullface": "north"},
				"down": {"uv": [4, 9, 5, 9.5], "texture": "#0", "cullface": "north"}
			}
		},
		{
			"from": [11, 11, -0.5],
			"to": [13, 13, 0],
			"rotation": {"angle": 0, "axis": "y", "origin": [19, 20, 7]},
			"faces": {
				"north": {"uv": [3, 3, 5, 5], "texture": "#0", "cullface": "north"},
				"east": {"uv": [3, 3, 3.5, 5], "texture": "#0", "cullface": "north"},
				"west": {"uv": [3, 3, 3.5, 5], "texture": "#0", "cullface": "north"},
				"up": {"uv": [3, 3, 5, 3.5], "texture": "#0", "cullface": "north"},
				"down": {"uv": [3, 3, 5, 3.5], "texture": "#0", "cullface": "north"}
			}
		},
		{
			"from": [11, 10, -0.5],
			"to": [12, 11, 0],
			"rotation": {"angle": 0, "axis": "y", "origin": [19, 18, 7]},
			"faces": {
				"north": {"uv": [4, 5, 5, 6], "texture": "#0", "cullface": "north"},
				"east": {"uv": [4, 5, 4.5, 6], "texture": "#0", "cullface": "north"},
				"west": {"uv": [4, 5, 4.5, 6], "texture": "#0", "cullface": "north"},
				"down": {"uv": [4, 5, 5, 5.5], "texture": "#0", "cullface": "north"}
			}
		},
		{
			"from": [10, 12, -0.5],
			"to": [11, 13, 0],
			"rotation": {"angle": 0, "axis": "y", "origin": [18, 20, 7]},
			"faces": {
				"north": {"uv": [5, 3, 6, 4], "texture": "#0", "cullface": "north"},
				"west": {"uv": [5, 3, 5.5, 4], "texture": "#0", "cullface": "north"},
				"down": {"uv": [5, 3, 6, 3.5], "texture": "#0", "cullface": "north"}
			}
		},
		{
			"from": [10, 13, -0.5],
			"to": [12, 14, 0],
			"rotation": {"angle": 0, "axis": "y", "origin": [18, 21, 7]},
			"faces": {
				"north": {"uv": [4, 2, 6, 3], "texture": "#0", "cullface": "north"},
				"east": {"uv": [4, 2, 4.5, 3], "texture": "#0", "cullface": "north"},
				"west": {"uv": [4, 2, 4.5, 3], "texture": "#0", "cullface": "north"},
				"up": {"uv": [4, 2, 6, 2.5], "texture": "#0", "cullface": "north"}
			}
		},
		{
			"from": [6, 8, -0.5],
			"to": [8, 9, 0],
			"rotation": {"angle": 0, "axis": "y", "origin": [14, 16, 7]},
			"faces": {
				"north": {"uv": [8, 7, 10, 8], "texture": "#0", "cullface": "north"},
				"east": {"uv": [8, 7, 8.5, 8], "texture": "#0", "cullface": "north"},
				"west": {"uv": [8, 7, 8.5, 8], "texture": "#0", "cullface": "north"},
				"up": {"uv": [8, 7, 10, 7.5], "texture": "#0", "cullface": "north"},
				"down": {"uv": [8, 7, 10, 7.5], "texture": "#0", "cullface": "north"}
			}
		},
		{
			"from": [3, 8, -0.5],
			"to": [5, 10, 0],
			"rotation": {"angle": 0, "axis": "y", "origin": [11, 16, 7]},
			"faces": {
				"north": {"uv": [11, 6, 13, 8], "texture": "#0", "cullface": "north"},
				"east": {"uv": [11, 6, 11.5, 8], "texture": "#0", "cullface": "north"},
				"west": {"uv": [11, 6, 11.5, 8], "texture": "#0", "cullface": "north"},
				"up": {"uv": [11, 6, 13, 6.5], "texture": "#0", "cullface": "north"},
				"down": {"uv": [11, 6, 13, 6.5], "texture": "#0", "cullface": "north"}
			}
		},
		{
			"from": [5, 13, -0.5],
			"to": [6, 14, 0],
			"rotation": {"angle": 0, "axis": "y", "origin": [13, 21, 7]},
			"faces": {
				"north": {"uv": [10, 2, 11, 3], "texture": "#0", "cullface": "north"},
				"east": {"uv": [10, 2, 10.5, 3], "texture": "#0", "cullface": "north"},
				"west": {"uv": [10, 2, 10.5, 3], "texture": "#0", "cullface": "north"},
				"up": {"uv": [10, 2, 11, 2.5], "texture": "#0", "cullface": "north"}
			}
		},
		{
			"from": [4, 10, -0.5],
			"to": [5, 11, 0],
			"rotation": {"angle": 0, "axis": "y", "origin": [12, 18, 7]},
			"faces": {
				"north": {"uv": [11, 5, 12, 6], "texture": "#0", "cullface": "north"},
				"east": {"uv": [11, 5, 11.5, 6], "texture": "#0", "cullface": "north"},
				"west": {"uv": [11, 5, 11.5, 6], "texture": "#0", "cullface": "north"},
				"up": {"uv": [11, 5, 12, 5.5], "texture": "#0", "cullface": "north"}
			}
		},
		{
			"from": [4, 12, -0.5],
			"to": [6, 13, 0],
			"rotation": {"angle": 0, "axis": "y", "origin": [12, 20, 7]},
			"faces": {
				"north": {"uv": [10, 3, 12, 4], "texture": "#0", "cullface": "north"},
				"east": {"uv": [10, 3, 10.5, 4], "texture": "#0", "cullface": "north"},
				"west": {"uv": [10, 3, 10.5, 4], "texture": "#0", "cullface": "north"},
				"up": {"uv": [10, 3, 12, 3.5], "texture": "#0", "cullface": "north"},
				"down": {"uv": [10, 3, 12, 3.5], "texture": "#0", "cullface": "north"}
			}
		},
		{
			"from": [-0.5, 1, 9],
			"to": [0, 3, 10],
			"rotation": {"angle": 0, "axis": "y", "origin": [7, 9, 17]},
			"faces": {
				"north": {"uv": [9, 13, 9.5, 15], "texture": "#0", "cullface": "west"},
				"south": {"uv": [9, 13, 9.5, 15], "texture": "#0", "cullface": "west"},
				"west": {"uv": [9, 13, 10, 15], "texture": "#0", "cullface": "west"},
				"up": {"uv": [9, 13, 9.5, 14], "texture": "#0", "cullface": "west"},
				"down": {"uv": [9, 13, 9.5, 14], "texture": "#0", "cullface": "west"}
			}
		},
		{
			"from": [-0.5, 2, 7],
			"to": [0, 4, 9],
			"rotation": {"angle": 0, "axis": "y", "origin": [7, 10, 16]},
			"faces": {
				"north": {"uv": [7, 12, 7.5, 14], "texture": "#0", "cullface": "west"},
				"south": {"uv": [7, 12, 7.5, 14], "texture": "#0", "cullface": "west"},
				"west": {"uv": [7, 12, 9, 14], "texture": "#0", "cullface": "west"},
				"up": {"uv": [7, 12, 7.5, 14], "texture": "#0", "cullface": "west"},
				"down": {"uv": [7, 12, 7.5, 14], "texture": "#0", "cullface": "west"}
			}
		},
		{
			"from": [-0.5, 4, 7],
			"to": [0, 5, 8],
			"rotation": {"angle": 0, "axis": "y", "origin": [7, 11, 16]},
			"faces": {
				"north": {"uv": [7, 11, 7.5, 12], "texture": "#0", "cullface": "west"},
				"south": {"uv": [7, 11, 7.5, 12], "texture": "#0", "cullface": "west"},
				"west": {"uv": [7, 11, 8, 12], "texture": "#0", "cullface": "west"},
				"up": {"uv": [7, 11, 7.5, 12], "texture": "#0", "cullface": "west"}
			}
		},
		{
			"from": [-0.5, 4, 12],
			"to": [0, 5, 14],
			"rotation": {"angle": 0, "axis": "y", "origin": [7, 11, 21]},
			"faces": {
				"north": {"uv": [12, 11, 12.5, 12], "texture": "#0", "cullface": "west"},
				"south": {"uv": [12, 11, 12.5, 12], "texture": "#0", "cullface": "west"},
				"west": {"uv": [12, 11, 14, 12], "texture": "#0", "cullface": "west"},
				"up": {"uv": [12, 11, 12.5, 13], "texture": "#0", "cullface": "west"},
				"down": {"uv": [12, 11, 14, 11.5], "rotation": 90, "texture": "#0", "cullface": "west"}
			}
		},
		{
			"from": [-0.5, 5, 13],
			"to": [0, 6, 14],
			"rotation": {"angle": 0, "axis": "y", "origin": [7, 12, 21]},
			"faces": {
				"north": {"uv": [13, 10, 13.5, 11], "texture": "#0", "cullface": "west"},
				"south": {"uv": [13, 10, 13.5, 11], "texture": "#0", "cullface": "west"},
				"west": {"uv": [13, 10, 14, 11], "texture": "#0", "cullface": "west"},
				"up": {"uv": [13, 10, 13.5, 11], "texture": "#0", "cullface": "west"}
			}
		},
		{
			"from": [-0.5, 7, 7],
			"to": [0, 8, 8],
			"rotation": {"angle": 0, "axis": "y", "origin": [7, 14, 15]},
			"faces": {
				"north": {"uv": [7, 8, 7.5, 9], "texture": "#0", "cullface": "west"},
				"south": {"uv": [7, 8, 7.5, 9], "texture": "#0", "cullface": "west"},
				"west": {"uv": [7, 8, 8, 9], "texture": "#0", "cullface": "west"},
				"up": {"uv": [7, 8, 7.5, 9], "texture": "#0", "cullface": "west"},
				"down": {"uv": [7, 8, 7.5, 9], "texture": "#0", "cullface": "west"}
			}
		},
		{
			"from": [-0.5, 8, 8],
			"to": [0, 9, 10],
			"rotation": {"angle": 0, "axis": "y", "origin": [7, 15, 16]},
			"faces": {
				"north": {"uv": [8, 7, 8.5, 8], "texture": "#0", "cullface": "west"},
				"south": {"uv": [8, 7, 8.5, 8], "texture": "#0", "cullface": "west"},
				"west": {"uv": [8, 7, 10, 8], "texture": "#0", "cullface": "west"},
				"up": {"uv": [8, 7, 10, 7.5], "rotation": 90, "texture": "#0", "cullface": "west"},
				"down": {"uv": [8, 7, 10, 7.5], "rotation": 90, "texture": "#0", "cullface": "west"}
			}
		},
		{
			"from": [-0.5, 10, 11],
			"to": [0, 11, 12],
			"rotation": {"angle": 0, "axis": "y", "origin": [7, 17, 18]},
			"faces": {
				"north": {"uv": [11, 5, 11.5, 6], "texture": "#0", "cullface": "west"},
				"south": {"uv": [11, 5, 11.5, 6], "texture": "#0", "cullface": "west"},
				"west": {"uv": [11, 5, 12, 6], "texture": "#0", "cullface": "west"},
				"up": {"uv": [11, 5, 11.5, 6], "texture": "#0", "cullface": "west"}
			}
		},
		{
			"from": [-0.5, 8, 11],
			"to": [0, 10, 13],
			"rotation": {"angle": 0, "axis": "y", "origin": [7, 16, 18]},
			"faces": {
				"north": {"uv": [11, 6, 11.5, 8], "texture": "#0", "cullface": "west"},
				"south": {"uv": [11, 6, 11.5, 8], "texture": "#0", "cullface": "west"},
				"west": {"uv": [11, 6, 13, 8], "texture": "#0", "cullface": "west"},
				"up": {"uv": [11, 6, 11.5, 8], "texture": "#0", "cullface": "west"},
				"down": {"uv": [11, 6, 11.5, 8], "texture": "#0", "cullface": "west"}
			}
		},
		{
			"from": [-0.5, 11, 3],
			"to": [0, 13, 5],
			"rotation": {"angle": 0, "axis": "y", "origin": [7, 19, 10]},
			"faces": {
				"north": {"uv": [3, 3, 3.5, 5], "texture": "#0", "cullface": "west"},
				"south": {"uv": [3, 3, 3.5, 5], "texture": "#0", "cullface": "west"},
				"west": {"uv": [3, 3, 5, 5], "texture": "#0", "cullface": "west"},
				"up": {"uv": [3, 3, 3.5, 5], "texture": "#0", "cullface": "west"},
				"down": {"uv": [3, 3, 3.5, 5], "texture": "#0", "cullface": "west"}
			}
		},
		{
			"from": [-0.5, 6, 3],
			"to": [0, 7, 5],
			"rotation": {"angle": 0, "axis": "y", "origin": [7, 13, 10]},
			"faces": {
				"north": {"uv": [3, 9, 3.5, 10], "texture": "#0", "cullface": "west"},
				"south": {"uv": [3, 9, 3.5, 10], "texture": "#0", "cullface": "west"},
				"west": {"uv": [3, 9, 5, 10], "texture": "#0", "cullface": "west"},
				"up": {"uv": [3, 9, 5, 9.5], "rotation": 90, "texture": "#0", "cullface": "west"},
				"down": {"uv": [3, 9, 5, 9.5], "rotation": 90, "texture": "#0", "cullface": "west"}
			}
		},
		{
			"from": [-0.5, 13, 4],
			"to": [0, 14, 6],
			"rotation": {"angle": 0, "axis": "y", "origin": [7, 20, 11]},
			"faces": {
				"north": {"uv": [4, 2, 4.5, 3], "texture": "#0", "cullface": "west"},
				"south": {"uv": [4, 2, 4.5, 3], "texture": "#0", "cullface": "west"},
				"west": {"uv": [4, 2, 6, 3], "texture": "#0", "cullface": "west"},
				"up": {"uv": [4, 2, 6, 2.5], "rotation": 90, "texture": "#0", "cullface": "west"}
			}
		},
		{
			"from": [-0.5, 12, 10],
			"to": [0, 13, 12],
			"rotation": {"angle": 0, "axis": "y", "origin": [7, 19, 17]},
			"faces": {
				"north": {"uv": [10, 3, 10.5, 4], "texture": "#0", "cullface": "west"},
				"south": {"uv": [10, 3, 10.5, 4], "texture": "#0", "cullface": "west"},
				"west": {"uv": [10, 3, 12, 4], "texture": "#0", "cullface": "west"},
				"up": {"uv": [10, 3, 12, 3.5], "rotation": 90, "texture": "#0", "cullface": "west"},
				"down": {"uv": [10, 3, 12, 3.5], "rotation": 90, "texture": "#0", "cullface": "west"}
			}
		},
		{
			"from": [-0.5, 13, 10],
			"to": [0, 14, 11],
			"rotation": {"angle": 0, "axis": "y", "origin": [7, 20, 17]},
			"faces": {
				"north": {"uv": [10, 2, 10.5, 3], "texture": "#0", "cullface": "west"},
				"south": {"uv": [10, 2, 10.5, 3], "texture": "#0", "cullface": "west"},
				"west": {"uv": [10, 2, 11, 3], "texture": "#0", "cullface": "west"},
				"up": {"uv": [10, 2, 10.5, 3], "texture": "#0", "cullface": "west"}
			}
		},
		{
			"from": [-0.5, 12, 5],
			"to": [0, 13, 6],
			"rotation": {"angle": 0, "axis": "y", "origin": [7, 19, 12]},
			"faces": {
				"south": {"uv": [5, 3, 5.5, 4], "texture": "#0", "cullface": "west"},
				"west": {"uv": [5, 3, 6, 4], "texture": "#0", "cullface": "west"},
				"down": {"uv": [5, 3, 5.5, 4], "texture": "#0", "cullface": "west"}
			}
		},
		{
			"from": [-0.5, 10, 4],
			"to": [0, 11, 5],
			"rotation": {"angle": 0, "axis": "y", "origin": [7, 17, 11]},
			"faces": {
				"north": {"uv": [4, 5, 4.5, 6], "texture": "#0", "cullface": "west"},
				"south": {"uv": [4, 5, 4.5, 6], "texture": "#0", "cullface": "west"},
				"west": {"uv": [4, 5, 5, 6], "texture": "#0", "cullface": "west"},
				"down": {"uv": [4, 5, 4.5, 6], "texture": "#0", "cullface": "west"}
			}
		},
		{
			"from": [-0.5, 5, 4],
			"to": [0, 6, 5],
			"rotation": {"angle": 0, "axis": "y", "origin": [7, 12, 11]},
			"faces": {
				"north": {"uv": [4, 10, 4.5, 11], "texture": "#0", "cullface": "west"},
				"south": {"uv": [4, 10, 4.5, 11], "texture": "#0", "cullface": "west"},
				"west": {"uv": [4, 10, 5, 11], "texture": "#0", "cullface": "west"},
				"down": {"uv": [4, 10, 4.5, 11], "texture": "#0", "cullface": "west"}
			}
		},
		{
			"from": [-0.5, 4, 1],
			"to": [0, 5, 2],
			"rotation": {"angle": 0, "axis": "y", "origin": [7, 11, 8]},
			"faces": {
				"north": {"uv": [1, 11, 1.5, 12], "texture": "#0", "cullface": "west"},
				"south": {"uv": [1, 11, 1.5, 12], "texture": "#0", "cullface": "west"},
				"west": {"uv": [1, 11, 2, 12], "texture": "#0", "cullface": "west"},
				"up": {"uv": [1, 11, 1.5, 12], "texture": "#0", "cullface": "west"},
				"down": {"uv": [1, 11, 1.5, 12], "texture": "#0", "cullface": "west"}
			}
		},
		{
			"from": [16, 2, 7],
			"to": [16.5, 4, 9],
			"rotation": {"angle": 0, "axis": "y", "origin": [24, 10, 16]},
			"faces": {
				"north": {"uv": [7, 12, 7.5, 14], "texture": "#0", "cullface": "east"},
				"east": {"uv": [7, 12, 9, 14], "texture": "#0", "cullface": "east"},
				"south": {"uv": [7, 12, 7.5, 14], "texture": "#0", "cullface": "east"},
				"up": {"uv": [7, 12, 7.5, 14], "texture": "#0", "cullface": "east"},
				"down": {"uv": [7, 12, 7.5, 14], "texture": "#0", "cullface": "east"}
			}
		},
		{
			"from": [16, 8, 3],
			"to": [16.5, 10, 5],
			"rotation": {"angle": 0, "axis": "y", "origin": [24, 16, 12]},
			"faces": {
				"north": {"uv": [11, 6, 11.5, 8], "texture": "#0", "cullface": "east"},
				"east": {"uv": [11, 6, 13, 8], "texture": "#0", "cullface": "east"},
				"south": {"uv": [11, 6, 11.5, 8], "texture": "#0", "cullface": "east"},
				"up": {"uv": [11, 6, 11.5, 8], "texture": "#0", "cullface": "east"},
				"down": {"uv": [11, 6, 11.5, 8], "texture": "#0", "cullface": "east"}
			}
		},
		{
			"from": [16, 11, 11],
			"to": [16.5, 13, 13],
			"rotation": {"angle": 0, "axis": "y", "origin": [24, 19, 20]},
			"faces": {
				"north": {"uv": [3, 3, 3.5, 5], "texture": "#0", "cullface": "east"},
				"east": {"uv": [3, 3, 5, 5], "texture": "#0", "cullface": "east"},
				"south": {"uv": [3, 3, 3.5, 5], "texture": "#0", "cullface": "east"},
				"up": {"uv": [3, 3, 3.5, 5], "texture": "#0", "cullface": "east"},
				"down": {"uv": [3, 3, 3.5, 5], "texture": "#0", "cullface": "east"}
			}
		},
		{
			"from": [16, 1, 6],
			"to": [16.5, 3, 7],
			"rotation": {"angle": 0, "axis": "y", "origin": [24, 9, 14]},
			"faces": {
				"north": {"uv": [9, 13, 9.5, 15], "texture": "#0", "cullface": "east"},
				"east": {"uv": [9, 13, 10, 15], "texture": "#0", "cullface": "east"},
				"south": {"uv": [9, 13, 9.5, 15], "texture": "#0", "cullface": "east"},
				"up": {"uv": [9, 13, 9.5, 14], "texture": "#0", "cullface": "east"},
				"down": {"uv": [9, 13, 9.5, 14], "texture": "#0", "cullface": "east"}
			}
		},
		{
			"from": [16, 4, 2],
			"to": [16.5, 6, 3],
			"rotation": {"angle": 0, "axis": "y", "origin": [24, 12, 10]},
			"faces": {
				"north": {"uv": [13, 10, 13.5, 12], "texture": "#0", "cullface": "east"},
				"east": {"uv": [13, 10, 14, 12], "texture": "#0", "cullface": "east"},
				"south": {"uv": [13, 10, 13.5, 12], "texture": "#0", "cullface": "east"},
				"up": {"uv": [13, 10, 13.5, 11], "texture": "#0", "cullface": "east"},
				"down": {"uv": [13, 11, 13.5, 12], "texture": "#0", "cullface": "east"}
			}
		},
		{
			"from": [16, 5, 11],
			"to": [16.5, 7, 12],
			"rotation": {"angle": 0, "axis": "y", "origin": [24, 13, 19]},
			"faces": {
				"north": {"uv": [4, 9, 4.5, 11], "texture": "#0", "cullface": "east"},
				"east": {"uv": [4, 9, 5, 11], "texture": "#0", "cullface": "east"},
				"south": {"uv": [4, 9, 4.5, 11], "texture": "#0", "cullface": "east"},
				"up": {"uv": [4, 9, 4.5, 10], "texture": "#0", "cullface": "east"},
				"down": {"uv": [4, 9, 4.5, 10], "texture": "#0", "cullface": "east"}
			}
		},
		{
			"from": [16, 12, 5],
			"to": [16.5, 14, 6],
			"rotation": {"angle": 0, "axis": "y", "origin": [24, 20, 13]},
			"faces": {
				"north": {"uv": [10, 2, 10.5, 4], "texture": "#0", "cullface": "east"},
				"east": {"uv": [10, 2, 11, 4], "texture": "#0", "cullface": "east"},
				"south": {"uv": [10, 2, 10.5, 4], "texture": "#0", "cullface": "east"},
				"up": {"uv": [10, 2, 10.5, 3], "texture": "#0", "cullface": "east"},
				"down": {"uv": [10, 2, 10.5, 3], "texture": "#0", "cullface": "east"}
			}
		},
		{
			"from": [16, 12, 10],
			"to": [16.5, 14, 11],
			"rotation": {"angle": 0, "axis": "y", "origin": [24, 20, 18]},
			"faces": {
				"north": {"uv": [5, 2, 5.5, 4], "texture": "#0", "cullface": "east"},
				"east": {"uv": [5, 2, 6, 4], "texture": "#0", "cullface": "east"},
				"up": {"uv": [5, 2, 5.5, 3], "texture": "#0", "cullface": "east"},
				"down": {"uv": [5, 3, 5.5, 4], "texture": "#0", "cullface": "east"}
			}
		},
		{
			"from": [16, 8, 6],
			"to": [16.5, 9, 8],
			"rotation": {"angle": 0, "axis": "y", "origin": [24, 16, 15]},
			"faces": {
				"north": {"uv": [8, 7, 8.5, 8], "texture": "#0", "cullface": "east"},
				"east": {"uv": [8, 7, 10, 8], "texture": "#0", "cullface": "east"},
				"south": {"uv": [8, 7, 8.5, 8], "texture": "#0", "cullface": "east"},
				"up": {"uv": [8, 7, 10, 7.5], "rotation": 90, "texture": "#0", "cullface": "east"},
				"down": {"uv": [8, 7, 10, 7.5], "rotation": 90, "texture": "#0", "cullface": "east"}
			}
		},
		{
			"from": [16, 7, 8],
			"to": [16.5, 8, 9],
			"rotation": {"angle": 0, "axis": "y", "origin": [24, 15, 16]},
			"faces": {
				"north": {"uv": [7, 8, 7.5, 9], "texture": "#0", "cullface": "east"},
				"east": {"uv": [7, 8, 8, 9], "texture": "#0", "cullface": "east"},
				"south": {"uv": [7, 8, 7.5, 9], "texture": "#0", "cullface": "east"},
				"up": {"uv": [7, 8, 7.5, 9], "texture": "#0", "cullface": "east"},
				"down": {"uv": [7, 8, 7.5, 9], "texture": "#0", "cullface": "east"}
			}
		},
		{
			"from": [16, 4, 8],
			"to": [16.5, 5, 9],
			"rotation": {"angle": 0, "axis": "y", "origin": [24, 12, 16]},
			"faces": {
				"north": {"uv": [7, 11, 7.5, 12], "texture": "#0", "cullface": "east"},
				"east": {"uv": [7, 11, 8, 12], "texture": "#0", "cullface": "east"},
				"south": {"uv": [7, 11, 7.5, 12], "texture": "#0", "cullface": "east"},
				"up": {"uv": [7, 11, 7.5, 12], "texture": "#0", "cullface": "east"}
			}
		},
		{
			"from": [16, 4, 3],
			"to": [16.5, 5, 4],
			"rotation": {"angle": 0, "axis": "y", "origin": [24, 12, 11]},
			"faces": {
				"east": {"uv": [12, 11, 13, 12], "texture": "#0", "cullface": "east"},
				"south": {"uv": [12, 11, 12.5, 12], "texture": "#0", "cullface": "east"},
				"up": {"uv": [12, 11, 12.5, 12], "texture": "#0", "cullface": "east"},
				"down": {"uv": [12, 11, 12.5, 12], "texture": "#0", "cullface": "east"}
			}
		},
		{
			"from": [16, 4, 14],
			"to": [16.5, 5, 15],
			"rotation": {"angle": 0, "axis": "y", "origin": [24, 12, 22]},
			"faces": {
				"north": {"uv": [1, 11, 1.5, 12], "texture": "#0", "cullface": "east"},
				"east": {"uv": [1, 11, 2, 12], "texture": "#0", "cullface": "east"},
				"south": {"uv": [1, 11, 1.5, 12], "texture": "#0", "cullface": "east"},
				"up": {"uv": [1, 11, 1.5, 12], "texture": "#0", "cullface": "east"},
				"down": {"uv": [1, 11, 1.5, 12], "texture": "#0", "cullface": "east"}
			}
		},
		{
			"from": [16, 6, 12],
			"to": [16.5, 7, 13],
			"rotation": {"angle": 0, "axis": "y", "origin": [24, 14, 20]},
			"faces": {
				"east": {"uv": [3, 9, 4, 10], "texture": "#0", "cullface": "east"},
				"south": {"uv": [3, 9, 3.5, 10], "texture": "#0", "cullface": "east"},
				"up": {"uv": [3, 9, 3.5, 10], "texture": "#0", "cullface": "east"},
				"down": {"uv": [3, 9, 3.5, 10], "texture": "#0", "cullface": "east"}
			}
		},
		{
			"from": [16, 10, 11],
			"to": [16.5, 11, 12],
			"rotation": {"angle": 0, "axis": "y", "origin": [24, 18, 19]},
			"faces": {
				"north": {"uv": [4, 5, 4.5, 6], "texture": "#0", "cullface": "east"},
				"east": {"uv": [4, 5, 5, 6], "texture": "#0", "cullface": "east"},
				"south": {"uv": [4, 5, 4.5, 6], "texture": "#0", "cullface": "east"},
				"down": {"uv": [4, 5, 4.5, 6], "texture": "#0", "cullface": "east"}
			}
		},
		{
			"from": [16, 13, 11],
			"to": [16.5, 14, 12],
			"rotation": {"angle": 0, "axis": "y", "origin": [24, 21, 19]},
			"faces": {
				"east": {"uv": [4, 2, 5, 3], "texture": "#0", "cullface": "east"},
				"south": {"uv": [4, 2, 4.5, 3], "texture": "#0", "cullface": "east"},
				"up": {"uv": [4, 2, 4.5, 3], "texture": "#0", "cullface": "east"}
			}
		},
		{
			"from": [16, 12, 4],
			"to": [16.5, 13, 5],
			"rotation": {"angle": 0, "axis": "y", "origin": [24, 20, 12]},
			"faces": {
				"north": {"uv": [11, 3, 11.5, 4], "texture": "#0", "cullface": "east"},
				"east": {"uv": [11, 3, 12, 4], "texture": "#0", "cullface": "east"},
				"up": {"uv": [11, 3, 11.5, 4], "texture": "#0", "cullface": "east"},
				"down": {"uv": [11, 3, 11.5, 4], "texture": "#0", "cullface": "east"}
			}
		},
		{
			"from": [16, 10, 4],
			"to": [16.5, 11, 5],
			"rotation": {"angle": 0, "axis": "y", "origin": [24, 18, 12]},
			"faces": {
				"north": {"uv": [11, 5, 11.5, 6], "texture": "#0", "cullface": "east"},
				"east": {"uv": [11, 5, 12, 6], "texture": "#0", "cullface": "east"},
				"south": {"uv": [11, 5, 11.5, 6], "texture": "#0", "cullface": "east"},
				"up": {"uv": [11, 5, 11.5, 6], "texture": "#0", "cullface": "east"}
			}
		},
		{
			"from": [7, 2, 16],
			"to": [9, 4, 16.5],
			"rotation": {"angle": 0, "axis": "y", "origin": [15, 10, 24]},
			"faces": {
				"east": {"uv": [7, 12, 7.5, 14], "texture": "#0", "cullface": "south"},
				"south": {"uv": [7, 12, 9, 14], "texture": "#0", "cullface": "south"},
				"west": {"uv": [7, 12, 7.5, 14], "texture": "#0", "cullface": "south"},
				"up": {"uv": [7, 12, 9, 12.5], "texture": "#0", "cullface": "south"},
				"down": {"uv": [7, 12, 9, 12.5], "texture": "#0", "cullface": "south"}
			}
		},
		{
			"from": [11, 8, 16],
			"to": [13, 10, 16.5],
			"rotation": {"angle": 0, "axis": "y", "origin": [19, 16, 24]},
			"faces": {
				"east": {"uv": [11, 6, 11.5, 8], "texture": "#0", "cullface": "south"},
				"south": {"uv": [11, 6, 13, 8], "texture": "#0", "cullface": "south"},
				"west": {"uv": [11, 6, 11.5, 8], "texture": "#0", "cullface": "south"},
				"up": {"uv": [11, 6, 13, 6.5], "texture": "#0", "cullface": "south"},
				"down": {"uv": [11, 6, 13, 6.5], "texture": "#0", "cullface": "south"}
			}
		},
		{
			"from": [3, 11, 16],
			"to": [5, 13, 16.5],
			"rotation": {"angle": 0, "axis": "y", "origin": [11, 19, 24]},
			"faces": {
				"east": {"uv": [3, 3, 3.5, 5], "texture": "#0", "cullface": "south"},
				"south": {"uv": [3, 3, 5, 5], "texture": "#0", "cullface": "south"},
				"west": {"uv": [3, 3, 3.5, 5], "texture": "#0", "cullface": "south"},
				"up": {"uv": [3, 3, 5, 3.5], "texture": "#0", "cullface": "south"},
				"down": {"uv": [3, 3, 5, 3.5], "texture": "#0", "cullface": "south"}
			}
		},
		{
			"from": [7, 7, 16],
			"to": [8, 8, 16.5],
			"rotation": {"angle": 0, "axis": "y", "origin": [14, 15, 24]},
			"faces": {
				"east": {"uv": [7, 8, 7.5, 9], "texture": "#0", "cullface": "south"},
				"south": {"uv": [7, 8, 8, 9], "texture": "#0", "cullface": "south"},
				"west": {"uv": [7, 8, 7.5, 9], "texture": "#0", "cullface": "south"},
				"up": {"uv": [7, 8, 8, 8.5], "texture": "#0", "cullface": "south"},
				"down": {"uv": [7, 8, 8, 8.5], "texture": "#0", "cullface": "south"}
			}
		},
		{
			"from": [12, 4, 16],
			"to": [13, 5, 16.5],
			"rotation": {"angle": 0, "axis": "y", "origin": [19, 12, 24]},
			"faces": {
				"south": {"uv": [12, 11, 13, 12], "texture": "#0", "cullface": "south"},
				"west": {"uv": [12, 11, 12.5, 12], "texture": "#0", "cullface": "south"},
				"up": {"uv": [12, 11, 13, 11.5], "texture": "#0", "cullface": "south"},
				"down": {"uv": [12, 11, 13, 11.5], "texture": "#0", "cullface": "south"}
			}
		},
		{
			"from": [13, 4, 16],
			"to": [14, 6, 16.5],
			"rotation": {"angle": 0, "axis": "y", "origin": [20, 12, 24]},
			"faces": {
				"east": {"uv": [13, 10, 13.5, 12], "texture": "#0", "cullface": "south"},
				"south": {"uv": [13, 10, 14, 12], "texture": "#0", "cullface": "south"},
				"west": {"uv": [13, 10, 13.5, 12], "texture": "#0", "cullface": "south"},
				"up": {"uv": [13, 10, 14, 10.5], "texture": "#0", "cullface": "south"},
				"down": {"uv": [13, 11, 14, 11.5], "texture": "#0", "cullface": "south"}
			}
		},
		{
			"from": [9, 1, 16],
			"to": [10, 3, 16.5],
			"rotation": {"angle": 0, "axis": "y", "origin": [16, 9, 24]},
			"faces": {
				"east": {"uv": [9, 13, 9.5, 15], "texture": "#0", "cullface": "south"},
				"south": {"uv": [9, 13, 10, 15], "texture": "#0", "cullface": "south"},
				"west": {"uv": [9, 13, 9.5, 15], "texture": "#0", "cullface": "south"},
				"up": {"uv": [9, 13, 10, 13.5], "texture": "#0", "cullface": "south"},
				"down": {"uv": [9, 13, 10, 13.5], "texture": "#0", "cullface": "south"}
			}
		},
		{
			"from": [5, 12, 16],
			"to": [6, 14, 16.5],
			"rotation": {"angle": 0, "axis": "y", "origin": [12, 20, 24]},
			"faces": {
				"east": {"uv": [5, 2, 5.5, 4], "texture": "#0", "cullface": "south"},
				"south": {"uv": [5, 2, 6, 4], "texture": "#0", "cullface": "south"},
				"up": {"uv": [5, 2, 6, 2.5], "texture": "#0", "cullface": "south"},
				"down": {"uv": [5, 3, 6, 3.5], "texture": "#0", "cullface": "south"}
			}
		},
		{
			"from": [4, 5, 16],
			"to": [5, 7, 16.5],
			"rotation": {"angle": 0, "axis": "y", "origin": [11, 13, 24]},
			"faces": {
				"east": {"uv": [4, 9, 4.5, 11], "texture": "#0", "cullface": "south"},
				"south": {"uv": [4, 9, 5, 11], "texture": "#0", "cullface": "south"},
				"west": {"uv": [4, 9, 4.5, 11], "texture": "#0", "cullface": "south"},
				"up": {"uv": [4, 9, 5, 9.5], "texture": "#0", "cullface": "south"},
				"down": {"uv": [4, 9, 5, 9.5], "texture": "#0", "cullface": "south"}
			}
		},
		{
			"from": [3, 6, 16],
			"to": [4, 7, 16.5],
			"rotation": {"angle": 0, "axis": "y", "origin": [10, 13, 24]},
			"faces": {
				"south": {"uv": [3, 9, 4, 10], "texture": "#0", "cullface": "south"},
				"west": {"uv": [3, 9, 3.5, 10], "texture": "#0", "cullface": "south"},
				"up": {"uv": [3, 9, 4, 9.5], "texture": "#0", "cullface": "south"},
				"down": {"uv": [3, 9, 4, 9.5], "texture": "#0", "cullface": "south"}
			}
		},
		{
			"from": [1, 4, 16],
			"to": [2, 5, 16.5],
			"rotation": {"angle": 0, "axis": "y", "origin": [8, 11, 24]},
			"faces": {
				"east": {"uv": [1, 11, 1.5, 12], "texture": "#0", "cullface": "south"},
				"south": {"uv": [1, 11, 2, 12], "texture": "#0", "cullface": "south"},
				"west": {"uv": [1, 11, 1.5, 12], "texture": "#0", "cullface": "south"},
				"up": {"uv": [1, 11, 2, 11.5], "texture": "#0", "cullface": "south"},
				"down": {"uv": [1, 11, 2, 11.5], "texture": "#0", "cullface": "south"}
			}
		},
		{
			"from": [7, 4, 16],
			"to": [8, 5, 16.5],
			"rotation": {"angle": 0, "axis": "y", "origin": [14, 11, 24]},
			"faces": {
				"east": {"uv": [7, 11, 7.5, 12], "texture": "#0", "cullface": "south"},
				"south": {"uv": [7, 11, 8, 12], "texture": "#0", "cullface": "south"},
				"west": {"uv": [7, 11, 7.5, 12], "texture": "#0", "cullface": "south"},
				"up": {"uv": [7, 11, 8, 11.5], "texture": "#0", "cullface": "south"}
			}
		},
		{
			"from": [10, 13, 16],
			"to": [11, 14, 16.5],
			"rotation": {"angle": 0, "axis": "y", "origin": [17, 20, 24]},
			"faces": {
				"east": {"uv": [10, 2, 10.5, 3], "texture": "#0", "cullface": "south"},
				"south": {"uv": [10, 2, 11, 3], "texture": "#0", "cullface": "south"},
				"west": {"uv": [10, 2, 10.5, 3], "texture": "#0", "cullface": "south"},
				"up": {"uv": [10, 2, 11, 2.5], "texture": "#0", "cullface": "south"}
			}
		},
		{
			"from": [11, 10, 16],
			"to": [12, 11, 16.5],
			"rotation": {"angle": 0, "axis": "y", "origin": [18, 17, 24]},
			"faces": {
				"east": {"uv": [11, 5, 11.5, 6], "texture": "#0", "cullface": "south"},
				"south": {"uv": [11, 5, 12, 6], "texture": "#0", "cullface": "south"},
				"west": {"uv": [11, 5, 11.5, 6], "texture": "#0", "cullface": "south"},
				"up": {"uv": [11, 5, 12, 5.5], "texture": "#0", "cullface": "south"}
			}
		},
		{
			"from": [4, 10, 16],
			"to": [5, 11, 16.5],
			"rotation": {"angle": 0, "axis": "y", "origin": [11, 17, 24]},
			"faces": {
				"east": {"uv": [4, 5, 4.5, 6], "texture": "#0", "cullface": "south"},
				"south": {"uv": [4, 5, 5, 6], "texture": "#0", "cullface": "south"},
				"west": {"uv": [4, 5, 4.5, 6], "texture": "#0", "cullface": "south"},
				"down": {"uv": [4, 5, 5, 5.5], "texture": "#0", "cullface": "south"}
			}
		},
		{
			"from": [4, 13, 16],
			"to": [5, 14, 16.5],
			"rotation": {"angle": 0, "axis": "y", "origin": [11, 20, 24]},
			"faces": {
				"south": {"uv": [4, 2, 5, 3], "texture": "#0", "cullface": "south"},
				"west": {"uv": [4, 2, 4.5, 3], "texture": "#0", "cullface": "south"},
				"up": {"uv": [4, 2, 5, 2.5], "texture": "#0", "cullface": "south"}
			}
		},
		{
			"from": [8, 8, 16],
			"to": [10, 9, 16.5],
			"rotation": {"angle": 0, "axis": "y", "origin": [15, 15, 24]},
			"faces": {
				"east": {"uv": [8, 7, 8.5, 8], "texture": "#0", "cullface": "south"},
				"south": {"uv": [8, 7, 10, 8], "texture": "#0", "cullface": "south"},
				"west": {"uv": [8, 7, 8.5, 8], "texture": "#0", "cullface": "south"},
				"up": {"uv": [8, 7, 10, 7.5], "texture": "#0", "cullface": "south"},
				"down": {"uv": [8, 7, 10, 7.5], "texture": "#0", "cullface": "south"}
			}
		},
		{
			"from": [10, 12, 16],
			"to": [12, 13, 16.5],
			"rotation": {"angle": 0, "axis": "y", "origin": [17, 19, 24]},
			"faces": {
				"east": {"uv": [10, 3, 10.5, 4], "texture": "#0", "cullface": "south"},
				"south": {"uv": [10, 3, 12, 4], "texture": "#0", "cullface": "south"},
				"west": {"uv": [10, 3, 10.5, 4], "texture": "#0", "cullface": "south"},
				"up": {"uv": [10, 3, 12, 3.5], "texture": "#0", "cullface": "south"},
				"down": {"uv": [10, 3, 12, 3.5], "texture": "#0", "cullface": "south"}
			}
		},
		{
			"from": [3, 16, 3],
			"to": [5, 16.5, 5],
			"rotation": {"angle": 0, "axis": "y", "origin": [11, 24, 11]},
			"faces": {
				"north": {"uv": [3, 3, 5, 3.5], "texture": "#0", "cullface": "up"},
				"east": {"uv": [3, 3, 5, 3.5], "texture": "#0", "cullface": "up"},
				"south": {"uv": [3, 3, 5, 3.5], "texture": "#0", "cullface": "up"},
				"west": {"uv": [3, 3, 5, 3.5], "texture": "#0", "cullface": "up"},
				"up": {"uv": [3, 3, 5, 5], "texture": "#0", "cullface": "up"}
			}
		},
		{
			"from": [11, 16, 6],
			"to": [13, 16.5, 8],
			"rotation": {"angle": 0, "axis": "y", "origin": [19, 24, 14]},
			"faces": {
				"north": {"uv": [11, 6, 13, 6.5], "texture": "#0", "cullface": "up"},
				"east": {"uv": [11, 6, 13, 6.5], "texture": "#0", "cullface": "up"},
				"south": {"uv": [11, 6, 13, 6.5], "texture": "#0", "cullface": "up"},
				"west": {"uv": [11, 6, 13, 6.5], "texture": "#0", "cullface": "up"},
				"up": {"uv": [11, 6, 13, 8], "texture": "#0", "cullface": "up"}
			}
		},
		{
			"from": [7, 16, 12],
			"to": [9, 16.5, 14],
			"rotation": {"angle": 0, "axis": "y", "origin": [15, 24, 20]},
			"faces": {
				"north": {"uv": [7, 12, 9, 12.5], "texture": "#0", "cullface": "up"},
				"east": {"uv": [7, 12, 9, 12.5], "texture": "#0", "cullface": "up"},
				"south": {"uv": [7, 12, 9, 12.5], "texture": "#0", "cullface": "up"},
				"west": {"uv": [7, 12, 9, 12.5], "texture": "#0", "cullface": "up"},
				"up": {"uv": [7, 12, 9, 14], "texture": "#0", "cullface": "up"}
			}
		},
		{
			"from": [4, 16, 9],
			"to": [5, 16.5, 11],
			"rotation": {"angle": 0, "axis": "y", "origin": [12, 24, 17]},
			"faces": {
				"north": {"uv": [4, 9, 5, 9.5], "texture": "#0", "cullface": "up"},
				"east": {"uv": [4, 9, 4.5, 11], "rotation": 90, "texture": "#0", "cullface": "up"},
				"south": {"uv": [4, 9, 5, 9.5], "texture": "#0", "cullface": "up"},
				"west": {"uv": [4, 9, 4.5, 11], "rotation": 90, "texture": "#0", "cullface": "up"},
				"up": {"uv": [4, 9, 5, 11], "texture": "#0", "cullface": "up"}
			}
		},
		{
			"from": [5, 16, 2],
			"to": [6, 16.5, 4],
			"rotation": {"angle": 0, "axis": "y", "origin": [13, 24, 10]},
			"faces": {
				"north": {"uv": [5, 2, 6, 2.5], "texture": "#0", "cullface": "up"},
				"east": {"uv": [5, 2, 5.5, 4], "rotation": 90, "texture": "#0", "cullface": "up"},
				"south": {"uv": [5, 2, 6, 2.5], "texture": "#0", "cullface": "up"},
				"up": {"uv": [5, 2, 6, 4], "texture": "#0", "cullface": "up"}
			}
		},
		{
			"from": [10, 16, 2],
			"to": [11, 16.5, 4],
			"rotation": {"angle": 0, "axis": "y", "origin": [18, 24, 10]},
			"faces": {
				"north": {"uv": [10, 2, 11, 2.5], "texture": "#0", "cullface": "up"},
				"east": {"uv": [10, 2, 10.5, 4], "rotation": 90, "texture": "#0", "cullface": "up"},
				"south": {"uv": [10, 2, 11, 2.5], "texture": "#0", "cullface": "up"},
				"west": {"uv": [10, 2, 10.5, 4], "rotation": 90, "texture": "#0", "cullface": "up"},
				"up": {"uv": [10, 2, 11, 4], "texture": "#0", "cullface": "up"}
			}
		},
		{
			"from": [13, 16, 10],
			"to": [14, 16.5, 12],
			"rotation": {"angle": 0, "axis": "y", "origin": [21, 24, 18]},
			"faces": {
				"north": {"uv": [13, 10, 14, 10.5], "texture": "#0", "cullface": "up"},
				"east": {"uv": [13, 10, 13.5, 12], "rotation": 90, "texture": "#0", "cullface": "up"},
				"south": {"uv": [13, 10, 14, 10.5], "texture": "#0", "cullface": "up"},
				"west": {"uv": [13, 10, 15, 10.5], "texture": "#0", "cullface": "up"},
				"up": {"uv": [13, 10, 14, 12], "texture": "#0", "cullface": "up"}
			}
		},
		{
			"from": [9, 16, 13],
			"to": [10, 16.5, 15],
			"rotation": {"angle": 0, "axis": "y", "origin": [17, 24, 21]},
			"faces": {
				"north": {"uv": [9, 13, 10, 13.5], "texture": "#0", "cullface": "up"},
				"east": {"uv": [9, 13, 9.5, 15], "rotation": 90, "texture": "#0", "cullface": "up"},
				"south": {"uv": [9, 13, 10, 13.5], "texture": "#0", "cullface": "up"},
				"west": {"uv": [9, 13, 11, 13.5], "texture": "#0", "cullface": "up"},
				"up": {"uv": [9, 13, 10, 15], "texture": "#0", "cullface": "up"}
			}
		},
		{
			"from": [8, 16, 7],
			"to": [10, 16.5, 8],
			"rotation": {"angle": 0, "axis": "y", "origin": [17, 24, 15]},
			"faces": {
				"north": {"uv": [8, 7, 10, 7.5], "texture": "#0", "cullface": "up"},
				"east": {"uv": [8, 7, 9, 7.5], "texture": "#0", "cullface": "up"},
				"south": {"uv": [8, 7, 10, 7.5], "texture": "#0", "cullface": "up"},
				"west": {"uv": [8, 7, 9, 7.5], "texture": "#0", "cullface": "up"},
				"up": {"uv": [8, 7, 10, 8], "texture": "#0", "cullface": "up"}
			}
		},
		{
			"from": [7, 16, 8],
			"to": [8, 16.5, 9],
			"rotation": {"angle": 0, "axis": "y", "origin": [16, 24, 16]},
			"faces": {
				"north": {"uv": [7, 8, 8, 8.5], "texture": "#0", "cullface": "up"},
				"east": {"uv": [7, 8, 8, 8.5], "texture": "#0", "cullface": "up"},
				"south": {"uv": [7, 8, 8, 8.5], "texture": "#0", "cullface": "up"},
				"west": {"uv": [7, 8, 8, 8.5], "texture": "#0", "cullface": "up"},
				"up": {"uv": [7, 8, 8, 9], "texture": "#0", "cullface": "up"}
			}
		},
		{
			"from": [12, 16, 11],
			"to": [13, 16.5, 12],
			"rotation": {"angle": 0, "axis": "y", "origin": [21, 24, 19]},
			"faces": {
				"north": {"uv": [12, 11, 13, 11.5], "texture": "#0", "cullface": "up"},
				"south": {"uv": [12, 11, 13, 11.5], "texture": "#0", "cullface": "up"},
				"west": {"uv": [12, 11, 13, 11.5], "texture": "#0", "cullface": "up"},
				"up": {"uv": [12, 11, 13, 12], "texture": "#0", "cullface": "up"}
			}
		},
		{
			"from": [11, 16, 5],
			"to": [12, 16.5, 6],
			"rotation": {"angle": 0, "axis": "y", "origin": [20, 24, 13]},
			"faces": {
				"north": {"uv": [11, 5, 12, 5.5], "texture": "#0", "cullface": "up"},
				"east": {"uv": [11, 5, 12, 5.5], "texture": "#0", "cullface": "up"},
				"west": {"uv": [11, 5, 12, 5.5], "texture": "#0", "cullface": "up"},
				"up": {"uv": [11, 5, 12, 6], "texture": "#0", "cullface": "up"}
			}
		},
		{
			"from": [11, 16, 3],
			"to": [12, 16.5, 4],
			"rotation": {"angle": 0, "axis": "y", "origin": [20, 24, 11]},
			"faces": {
				"north": {"uv": [11, 3, 12, 3.5], "texture": "#0", "cullface": "up"},
				"east": {"uv": [11, 3, 12, 3.5], "texture": "#0", "cullface": "up"},
				"south": {"uv": [11, 3, 12, 3.5], "texture": "#0", "cullface": "up"},
				"up": {"uv": [11, 3, 12, 4], "texture": "#0", "cullface": "up"}
			}
		},
		{
			"from": [4, 16, 2],
			"to": [5, 16.5, 3],
			"rotation": {"angle": 0, "axis": "y", "origin": [13, 24, 10]},
			"faces": {
				"north": {"uv": [4, 2, 5, 2.5], "texture": "#0", "cullface": "up"},
				"west": {"uv": [4, 2, 5, 2.5], "texture": "#0", "cullface": "up"},
				"up": {"uv": [4, 2, 5, 3], "texture": "#0", "cullface": "up"}
			}
		},
		{
			"from": [4, 16, 5],
			"to": [5, 16.5, 6],
			"rotation": {"angle": 0, "axis": "y", "origin": [13, 24, 13]},
			"faces": {
				"east": {"uv": [4, 5, 5, 5.5], "texture": "#0", "cullface": "up"},
				"south": {"uv": [4, 5, 5, 5.5], "texture": "#0", "cullface": "up"},
				"west": {"uv": [4, 5, 5, 5.5], "texture": "#0", "cullface": "up"},
				"up": {"uv": [4, 5, 5, 6], "texture": "#0", "cullface": "up"}
			}
		},
		{
			"from": [3, 16, 9],
			"to": [4, 16.5, 10],
			"rotation": {"angle": 0, "axis": "y", "origin": [12, 24, 17]},
			"faces": {
				"north": {"uv": [3, 9, 4, 9.5], "texture": "#0", "cullface": "up"},
				"south": {"uv": [3, 9, 4, 9.5], "texture": "#0", "cullface": "up"},
				"west": {"uv": [3, 9, 4, 9.5], "texture": "#0", "cullface": "up"},
				"up": {"uv": [3, 9, 4, 10], "texture": "#0", "cullface": "up"}
			}
		},
		{
			"from": [7, 16, 11],
			"to": [8, 16.5, 12],
			"rotation": {"angle": 0, "axis": "y", "origin": [16, 24, 19]},
			"faces": {
				"north": {"uv": [7, 11, 8, 11.5], "texture": "#0", "cullface": "up"},
				"east": {"uv": [7, 11, 8, 11.5], "texture": "#0", "cullface": "up"},
				"west": {"uv": [7, 11, 8, 11.5], "texture": "#0", "cullface": "up"},
				"up": {"uv": [7, 11, 8, 12], "texture": "#0", "cullface": "up"}
			}
		},
		{
			"from": [1, 16, 11],
			"to": [2, 16.5, 12],
			"rotation": {"angle": 0, "axis": "y", "origin": [10, 24, 19]},
			"faces": {
				"north": {"uv": [1, 11, 2, 11.5], "texture": "#0", "cullface": "up"},
				"east": {"uv": [1, 11, 2, 11.5], "texture": "#0", "cullface": "up"},
				"south": {"uv": [1, 11, 2, 11.5], "texture": "#0", "cullface": "up"},
				"west": {"uv": [1, 11, 2, 11.5], "texture": "#0", "cullface": "up"},
				"up": {"uv": [1, 11, 2, 12], "texture": "#0", "cullface": "up"}
			}
		},
		{
			"from": [1, -0.5, 4],
			"to": [2, 0, 5],
			"rotation": {"angle": 0, "axis": "y", "origin": [9, 7, 12]},
			"faces": {
				"north": {"uv": [1, 11, 2, 11.5], "texture": "#0", "cullface": "down"},
				"east": {"uv": [1, 11, 2, 11.5], "texture": "#0", "cullface": "down"},
				"south": {"uv": [1, 11, 2, 11.5], "texture": "#0", "cullface": "down"},
				"west": {"uv": [1, 11, 2, 11.5], "texture": "#0", "cullface": "down"},
				"down": {"uv": [1, 11, 2, 12], "texture": "#0", "cullface": "down"}
			}
		},
		{
			"from": [7, -0.5, 2],
			"to": [9, 0, 4],
			"rotation": {"angle": 0, "axis": "y", "origin": [16, 7, 11]},
			"faces": {
				"north": {"uv": [7, 12, 9, 12.5], "texture": "#0", "cullface": "down"},
				"east": {"uv": [7, 12, 9, 12.5], "texture": "#0", "cullface": "down"},
				"south": {"uv": [7, 12, 9, 12.5], "texture": "#0", "cullface": "down"},
				"west": {"uv": [7, 12, 9, 12.5], "texture": "#0", "cullface": "down"},
				"down": {"uv": [7, 12, 9, 14], "texture": "#0", "cullface": "down"}
			}
		},
		{
			"from": [11, -0.5, 8],
			"to": [13, 0, 10],
			"rotation": {"angle": 0, "axis": "y", "origin": [20, 7, 17]},
			"faces": {
				"north": {"uv": [11, 6, 13, 6.5], "texture": "#0", "cullface": "down"},
				"east": {"uv": [11, 6, 13, 6.5], "texture": "#0", "cullface": "down"},
				"south": {"uv": [11, 6, 13, 6.5], "texture": "#0", "cullface": "down"},
				"west": {"uv": [11, 6, 13, 6.5], "texture": "#0", "cullface": "down"},
				"down": {"uv": [11, 6, 13, 8], "texture": "#0", "cullface": "down"}
			}
		},
		{
			"from": [3, -0.5, 11],
			"to": [5, 0, 13],
			"rotation": {"angle": 0, "axis": "y", "origin": [12, 7, 20]},
			"faces": {
				"north": {"uv": [3, 3, 5, 3.5], "texture": "#0", "cullface": "down"},
				"east": {"uv": [3, 3, 5, 3.5], "texture": "#0", "cullface": "down"},
				"south": {"uv": [3, 3, 5, 3.5], "texture": "#0", "cullface": "down"},
				"west": {"uv": [3, 3, 5, 3.5], "texture": "#0", "cullface": "down"},
				"down": {"uv": [3, 3, 5, 5], "texture": "#0", "cullface": "down"}
			}
		},
		{
			"from": [4, -0.5, 13],
			"to": [6, 0, 14],
			"rotation": {"angle": 0, "axis": "y", "origin": [13, 7, 21]},
			"faces": {
				"east": {"uv": [4, 2, 5, 2.5], "texture": "#0", "cullface": "down"},
				"south": {"uv": [4, 2, 6, 2.5], "texture": "#0", "cullface": "down"},
				"west": {"uv": [4, 2, 5, 2.5], "texture": "#0", "cullface": "down"},
				"down": {"uv": [4, 2, 6, 3], "texture": "#0", "cullface": "down"}
			}
		},
		{
			"from": [10, -0.5, 12],
			"to": [12, 0, 13],
			"rotation": {"angle": 0, "axis": "y", "origin": [19, 7, 20]},
			"faces": {
				"north": {"uv": [10, 3, 12, 3.5], "texture": "#0", "cullface": "down"},
				"east": {"uv": [10, 3, 11, 3.5], "texture": "#0", "cullface": "down"},
				"south": {"uv": [10, 3, 12, 3.5], "texture": "#0", "cullface": "down"},
				"west": {"uv": [10, 3, 11, 3.5], "texture": "#0", "cullface": "down"},
				"down": {"uv": [10, 3, 12, 4], "texture": "#0", "cullface": "down"}
			}
		},
		{
			"from": [8, -0.5, 8],
			"to": [10, 0, 9],
			"rotation": {"angle": 0, "axis": "y", "origin": [17, 7, 16]},
			"faces": {
				"north": {"uv": [8, 7, 10, 7.5], "texture": "#0", "cullface": "down"},
				"east": {"uv": [8, 7, 9, 7.5], "texture": "#0", "cullface": "down"},
				"south": {"uv": [8, 7, 10, 7.5], "texture": "#0", "cullface": "down"},
				"west": {"uv": [8, 7, 9, 7.5], "texture": "#0", "cullface": "down"},
				"down": {"uv": [8, 7, 10, 8], "texture": "#0", "cullface": "down"}
			}
		},
		{
			"from": [3, -0.5, 6],
			"to": [5, 0, 7],
			"rotation": {"angle": 0, "axis": "y", "origin": [12, 7, 14]},
			"faces": {
				"north": {"uv": [3, 9, 5, 9.5], "texture": "#0", "cullface": "down"},
				"east": {"uv": [3, 9, 4, 9.5], "texture": "#0", "cullface": "down"},
				"south": {"uv": [3, 9, 5, 9.5], "texture": "#0", "cullface": "down"},
				"west": {"uv": [3, 9, 4, 9.5], "texture": "#0", "cullface": "down"},
				"down": {"uv": [3, 9, 5, 10], "texture": "#0", "cullface": "down"}
			}
		},
		{
			"from": [12, -0.5, 4],
			"to": [14, 0, 5],
			"rotation": {"angle": 0, "axis": "y", "origin": [21, 7, 12]},
			"faces": {
				"north": {"uv": [12, 11, 14, 11.5], "texture": "#0", "cullface": "down"},
				"east": {"uv": [13, 11, 14, 11.5], "texture": "#0", "cullface": "down"},
				"south": {"uv": [12, 11, 14, 11.5], "texture": "#0", "cullface": "down"},
				"west": {"uv": [12, 11, 13, 11.5], "texture": "#0", "cullface": "down"},
				"down": {"uv": [12, 11, 14, 12], "texture": "#0", "cullface": "down"}
			}
		},
		{
			"from": [13, -0.5, 5],
			"to": [14, 0, 6],
			"rotation": {"angle": 0, "axis": "y", "origin": [21, 7, 13]},
			"faces": {
				"east": {"uv": [13, 10, 14, 10.5], "texture": "#0", "cullface": "down"},
				"south": {"uv": [13, 10, 14, 10.5], "texture": "#0", "cullface": "down"},
				"west": {"uv": [13, 10, 14, 10.5], "texture": "#0", "cullface": "down"},
				"down": {"uv": [13, 10, 14, 11], "texture": "#0", "cullface": "down"}
			}
		},
		{
			"from": [7, -0.5, 7],
			"to": [8, 0, 8],
			"rotation": {"angle": 0, "axis": "y", "origin": [15, 7, 15]},
			"faces": {
				"north": {"uv": [7, 8, 8, 8.5], "texture": "#0", "cullface": "down"},
				"east": {"uv": [7, 8, 8, 8.5], "texture": "#0", "cullface": "down"},
				"south": {"uv": [7, 8, 8, 8.5], "texture": "#0", "cullface": "down"},
				"west": {"uv": [7, 8, 8, 8.5], "texture": "#0", "cullface": "down"},
				"down": {"uv": [7, 8, 8, 9], "texture": "#0", "cullface": "down"}
			}
		},
		{
			"from": [7, -0.5, 4],
			"to": [8, 0, 5],
			"rotation": {"angle": 0, "axis": "y", "origin": [15, 7, 12]},
			"faces": {
				"east": {"uv": [7, 11, 8, 11.5], "texture": "#0", "cullface": "down"},
				"south": {"uv": [7, 11, 8, 11.5], "texture": "#0", "cullface": "down"},
				"west": {"uv": [7, 11, 8, 11.5], "texture": "#0", "cullface": "down"},
				"down": {"uv": [7, 11, 8, 12], "texture": "#0", "cullface": "down"}
			}
		},
		{
			"from": [4, -0.5, 5],
			"to": [5, 0, 6],
			"rotation": {"angle": 0, "axis": "y", "origin": [12, 7, 13]},
			"faces": {
				"north": {"uv": [4, 10, 5, 10.5], "texture": "#0", "cullface": "down"},
				"east": {"uv": [4, 10, 5, 10.5], "texture": "#0", "cullface": "down"},
				"west": {"uv": [4, 10, 5, 10.5], "texture": "#0", "cullface": "down"},
				"down": {"uv": [4, 10, 5, 11], "texture": "#0", "cullface": "down"}
			}
		},
		{
			"from": [4, -0.5, 10],
			"to": [5, 0, 11],
			"rotation": {"angle": 0, "axis": "y", "origin": [12, 7, 18]},
			"faces": {
				"north": {"uv": [7, 11, 8, 11.5], "texture": "#0", "cullface": "down"},
				"east": {"uv": [7, 11, 8, 11.5], "texture": "#0", "cullface": "down"},
				"west": {"uv": [9, 13, 10, 13.5], "texture": "#0", "cullface": "down"},
				"down": {"uv": [4, 5, 5, 6], "texture": "#0", "cullface": "down"}
			}
		},
		{
			"from": [5, -0.5, 12],
			"to": [6, 0, 13],
			"rotation": {"angle": 0, "axis": "y", "origin": [13, 7, 20]},
			"faces": {
				"north": {"uv": [5, 3, 6, 3.5], "texture": "#0", "cullface": "down"},
				"east": {"uv": [5, 3, 6, 3.5], "texture": "#0", "cullface": "down"},
				"down": {"uv": [5, 3, 6, 4], "texture": "#0", "cullface": "down"}
			}
		},
		{
			"from": [11, -0.5, 10],
			"to": [12, 0, 11],
			"rotation": {"angle": 0, "axis": "y", "origin": [19, 7, 18]},
			"faces": {
				"east": {"uv": [11, 5, 12, 5.5], "texture": "#0", "cullface": "down"},
				"south": {"uv": [11, 5, 12, 5.5], "texture": "#0", "cullface": "down"},
				"west": {"uv": [11, 5, 12, 5.5], "texture": "#0", "cullface": "down"},
				"down": {"uv": [11, 5, 12, 6], "texture": "#0", "cullface": "down"}
			}
		},
		{
			"from": [10, -0.5, 13],
			"to": [11, 0, 14],
			"rotation": {"angle": 0, "axis": "y", "origin": [18, 7, 21]},
			"faces": {
				"east": {"uv": [10, 2, 11, 2.5], "texture": "#0", "cullface": "down"},
				"south": {"uv": [10, 2, 11, 2.5], "texture": "#0", "cullface": "down"},
				"west": {"uv": [10, 2, 11, 2.5], "texture": "#0", "cullface": "down"},
				"down": {"uv": [10, 2, 11, 3], "texture": "#0", "cullface": "down"}
			}
		},
		{
			"from": [9, -0.5, 1],
			"to": [10, 0, 3],
			"rotation": {"angle": 0, "axis": "y", "origin": [17, 7, 10]},
			"faces": {
				"north": {"uv": [9, 13, 10, 13.5], "texture": "#0", "cullface": "down"},
				"east": {"uv": [9, 13, 9.5, 15], "rotation": 90, "texture": "#0", "cullface": "down"},
				"south": {"uv": [9, 13, 10, 13.5], "texture": "#0", "cullface": "down"},
				"west": {"uv": [9, 13, 11, 13.5], "texture": "#0", "cullface": "down"},
				"down": {"uv": [9, 13, 10, 15], "texture": "#0", "cullface": "down"}
			}
		}
	],
	"display": {
		"thirdperson_righthand": {
			"rotation": [75, 45, 0],
			"translation": [0, 2.5, 0],
			"scale": [0.375, 0.375, 0.375]
		},
		"thirdperson_lefthand": {
			"rotation": [75, 45, 0],
			"translation": [0, 2.5, 0],
			"scale": [0.375, 0.375, 0.375]
		},
		"firstperson_righthand": {
			"rotation": [0, 45, 0],
			"scale": [0.4, 0.4, 0.4]
		},
		"firstperson_lefthand": {
			"rotation": [0, 225, 0],
			"scale": [0.4, 0.4, 0.4]
		},
		"ground": {
			"translation": [0, 3, 0],
			"scale": [0.25, 0.25, 0.25]
		},
		"gui": {
			"rotation": [30, 225, 0],
			"scale": [0.625, 0.625, 0.625]
		},
		"fixed": {
			"scale": [0.5, 0.5, 0.5]
		}
	},
	"groups": [0,
		{
			"name": "1",
			"origin": [8, 8, 8],
			"children": [1, 2, 3, 4, 5, 6, 7, 8, 9, 10, 11, 12, 13, 14, 15, 16, 17, 18, 19, 20, 21, 22, 23, 24, 25, 26, 27, 28, 29, 30, 31, 32, 33, 34, 35, 36, 37, 38, 39, 40, 41, 42, 43, 44, 45, 46, 47, 48, 49, 50, 51, 52, 53, 54, 55, 56, 57, 58, 59, 60, 61, 62, 63, 64, 65, 66, 67, 68, 69, 70, 71, 72, 73, 74, 75, 76, 77, 78, 79, 80, 81, 82, 83, 84, 85, 86, 87, 88, 89, 90, 91, 92, 93, 94, 95, 96, 97, 98, 99, 100, 101, 102, 103, 104, 105, 106, 107, 108]
		}
	]
}