{
	"credit": "Made with Blockbench",
	"textures": {
		"0": "block/nether_quartz_ore",
		"particle": "block/nether_quartz_ore"
	},
	"elements": [
		{
			"name": "base",
			"from": [0, 0, 0],
			"to": [16, 16, 16],
			"faces": {
				"north": {"uv": [0, 0, 16, 16], "texture": "#0", "cullface": "north"},
				"east": {"uv": [0, 0, 16, 16], "texture": "#0", "cullface": "east"},
				"south": {"uv": [0, 0, 16, 16], "texture": "#0", "cullface": "south"},
				"west": {"uv": [0, 0, 16, 16], "texture": "#0", "cullface": "west"},
				"up": {"uv": [0, 0, 16, 16], "texture": "#0", "cullface": "up"},
				"down": {"uv": [0, 0, 16, 16], "texture": "#0", "cullface": "down"}
			}
		},
		{
			"from": [3, 2, -0.3],
			"to": [5, 3, 0],
			"rotation": {"angle": 0, "axis": "y", "origin": [11, 10, 8]},
			"faces": {
				"north": {"uv": [11, 13, 13, 14], "texture": "#0", "cullface": "north"},
				"east": {"uv": [11, 13, 11.3, 14], "texture": "#0", "cullface": "north"},
				"west": {"uv": [11, 13, 11.3, 14], "texture": "#0", "cullface": "north"},
				"up": {"uv": [11, 13, 13, 13.3], "rotation": 180, "texture": "#0", "cullface": "north"},
				"down": {"uv": [11, 13, 13, 13.3], "rotation": 180, "texture": "#0", "cullface": "north"}
			}
		},
		{
			"from": [1, 8, -0.3],
			"to": [3, 9, 0],
			"rotation": {"angle": 0, "axis": "y", "origin": [9, 16, 8]},
			"faces": {
				"north": {"uv": [13, 7, 15, 8], "texture": "#0", "cullface": "north"},
				"east": {"uv": [13, 7, 13.3, 8], "texture": "#0", "cullface": "north"},
				"west": {"uv": [13, 7, 13.3, 8], "texture": "#0", "cullface": "north"},
				"up": {"uv": [13, 7, 15, 7.3], "rotation": 180, "texture": "#0", "cullface": "north"}
			}
		},
		{
			"from": [9, 12, -0.3],
			"to": [11, 13, 0],
			"rotation": {"angle": 0, "axis": "y", "origin": [17, 20, 8]},
			"faces": {
				"north": {"uv": [5, 3, 7, 4], "texture": "#0", "cullface": "north"},
				"east": {"uv": [5, 3, 5.3, 4], "texture": "#0", "cullface": "north"},
				"up": {"uv": [5, 3, 7, 3.3], "rotation": 180, "texture": "#0", "cullface": "north"}
			}
		},
		{
			"from": [9, 11, -0.3],
			"to": [10, 12, 0],
			"rotation": {"angle": 0, "axis": "y", "origin": [16, 19, 8]},
			"faces": {
				"north": {"uv": [6, 4, 7, 5], "texture": "#0", "cullface": "north"},
				"west": {"uv": [6, 4, 6.3, 5], "texture": "#0", "cullface": "north"},
				"down": {"uv": [6, 4, 7, 4.3], "rotation": 180, "texture": "#0", "cullface": "north"}
			}
		},
		{
			"from": [6, 13, -0.3],
			"to": [7, 14, 0],
			"rotation": {"angle": 0, "axis": "y", "origin": [13, 21, 8]},
			"faces": {
				"north": {"uv": [9, 2, 10, 3], "texture": "#0", "cullface": "north"},
				"west": {"uv": [9, 2, 9.3, 3], "texture": "#0", "cullface": "north"},
				"up": {"uv": [9, 2, 10, 2.3], "rotation": 180, "texture": "#0", "cullface": "north"},
				"down": {"uv": [9, 2, 10, 2.3], "rotation": 180, "texture": "#0", "cullface": "north"}
			}
		},
		{
			"from": [11, 9, -0.3],
			"to": [12, 10, 0],
			"rotation": {"angle": 0, "axis": "y", "origin": [18.1, 17, 8]},
			"faces": {
				"north": {"uv": [4, 6, 5, 7], "texture": "#0", "cullface": "north"},
				"east": {"uv": [4, 6, 4.3, 7], "texture": "#0", "cullface": "north"},
				"west": {"uv": [4, 6, 4.3, 7], "texture": "#0", "cullface": "north"},
				"down": {"uv": [4, 6, 5, 6.3], "rotation": 180, "texture": "#0", "cullface": "north"}
			}
		},
		{
			"from": [12, 10, -0.3],
			"to": [13, 11, 0],
			"rotation": {"angle": 0, "axis": "y", "origin": [19.1, 18, 8]},
			"faces": {
				"north": {"uv": [3, 5, 4, 6], "texture": "#0", "cullface": "north"},
				"east": {"uv": [3, 5, 3.3, 6], "texture": "#0", "cullface": "north"},
				"up": {"uv": [3, 5, 4, 5.3], "rotation": 180, "texture": "#0", "cullface": "north"},
				"down": {"uv": [3, 5, 4, 5.3], "rotation": 180, "texture": "#0", "cullface": "north"}
			}
		},
		{
			"from": [10, 8, -0.3],
			"to": [11, 9, 0],
			"rotation": {"angle": 0, "axis": "y", "origin": [17.1, 16, 8]},
			"faces": {
				"north": {"uv": [5, 7, 6, 8], "texture": "#0", "cullface": "north"},
				"east": {"uv": [5, 7, 5.3, 8], "texture": "#0", "cullface": "north"},
				"up": {"uv": [5, 7, 6, 7.3], "rotation": 180, "texture": "#0", "cullface": "north"}
			}
		},
		{
			"from": [9, 7, -0.3],
			"to": [10, 8, 0],
			"rotation": {"angle": 0, "axis": "y", "origin": [16.1, 15, 8]},
			"faces": {
				"north": {"uv": [6, 8, 7, 9], "texture": "#0", "cullface": "north"},
				"west": {"uv": [6, 8, 6.3, 9], "texture": "#0", "cullface": "north"},
				"down": {"uv": [6, 8, 7, 8.3], "rotation": 180, "texture": "#0", "cullface": "north"}
			}
		},
		{
			"from": [7, 8, -0.3],
			"to": [8, 9, 0],
			"rotation": {"angle": 0, "axis": "y", "origin": [14, 16, 8]},
			"faces": {
				"north": {"uv": [8, 7, 9, 8], "texture": "#0", "cullface": "north"},
				"west": {"uv": [8, 7, 8.3, 8], "texture": "#0", "cullface": "north"},
				"down": {"uv": [8, 7, 9, 7.3], "rotation": 180, "texture": "#0", "cullface": "north"}
			}
		},
		{
			"from": [10, 5, -0.3],
			"to": [11, 6, 0],
			"rotation": {"angle": 0, "axis": "y", "origin": [17.1, 13, 8]},
			"faces": {
				"north": {"uv": [5, 10, 6, 11], "texture": "#0", "cullface": "north"},
				"west": {"uv": [5, 10, 5.3, 11], "texture": "#0", "cullface": "north"},
				"down": {"uv": [5, 10, 6, 10.3], "rotation": 180, "texture": "#0", "cullface": "north"}
			}
		},
		{
			"from": [2, 3, -0.3],
			"to": [3, 4, 0],
			"rotation": {"angle": 0, "axis": "y", "origin": [10.1, 11, 8]},
			"faces": {
				"north": {"uv": [13, 12, 14, 13], "texture": "#0", "cullface": "north"},
				"east": {"uv": [13, 12, 13.3, 13], "texture": "#0", "cullface": "north"},
				"west": {"uv": [13, 12, 13.3, 13], "texture": "#0", "cullface": "north"},
				"up": {"uv": [13, 12, 14, 12.3], "rotation": 180, "texture": "#0", "cullface": "north"},
				"down": {"uv": [13, 12, 14, 12.3], "rotation": 180, "texture": "#0", "cullface": "north"}
			}
		},
		{
			"from": [7, 1, -0.3],
			"to": [8, 2, 0],
			"rotation": {"angle": 0, "axis": "y", "origin": [15.1, 9, 8]},
			"faces": {
				"north": {"uv": [8, 14, 9, 15], "texture": "#0", "cullface": "north"},
				"east": {"uv": [8, 14, 8.3, 15], "texture": "#0", "cullface": "north"},
				"west": {"uv": [8, 14, 8.3, 15], "texture": "#0", "cullface": "north"},
				"down": {"uv": [8, 14, 9, 14.3], "rotation": 180, "texture": "#0", "cullface": "north"}
			}
		},
		{
			"from": [6, 3, -0.3],
			"to": [7, 4, 0],
			"rotation": {"angle": 0, "axis": "y", "origin": [14.1, 11, 8]},
			"faces": {
				"north": {"uv": [9, 12, 10, 13], "texture": "#0", "cullface": "north"},
				"west": {"uv": [9, 12, 9.3, 13], "texture": "#0", "cullface": "north"},
				"down": {"uv": [9, 12, 10, 12.3], "rotation": 180, "texture": "#0", "cullface": "north"}
			}
		},
		{
			"from": [1, 6, -0.3],
			"to": [2, 7, 0],
			"rotation": {"angle": 0, "axis": "y", "origin": [9.1, 14, 8]},
			"faces": {
				"north": {"uv": [14, 9, 15, 10], "texture": "#0", "cullface": "north"},
				"west": {"uv": [14, 9, 14.3, 10], "texture": "#0", "cullface": "north"},
				"down": {"uv": [14, 9, 15, 9.3], "rotation": 180, "texture": "#0", "cullface": "north"}
			}
		},
		{
			"from": [3, 5, -0.3],
			"to": [4, 6, 0],
			"rotation": {"angle": 0, "axis": "y", "origin": [11.1, 13, 8]},
			"faces": {
				"north": {"uv": [12, 10, 13, 11], "texture": "#0", "cullface": "north"},
				"east": {"uv": [12, 10, 12.3, 11], "texture": "#0", "cullface": "north"},
				"west": {"uv": [12, 10, 12.3, 11], "texture": "#0", "cullface": "north"},
				"down": {"uv": [12, 10, 13, 10.3], "rotation": 180, "texture": "#0", "cullface": "north"}
			}
		},
		{
			"from": [1, 7, -0.3],
			"to": [2, 8, 0],
			"rotation": {"angle": 0, "axis": "y", "origin": [9.1, 15, 8]},
			"faces": {
				"north": {"uv": [14, 8, 15, 9], "texture": "#0", "cullface": "north"},
				"west": {"uv": [14, 8, 14.3, 9], "texture": "#0", "cullface": "north"}
			}
		},
		{
			"from": [1, 9, -0.3],
			"to": [2, 10, 0],
			"rotation": {"angle": 0, "axis": "y", "origin": [9.1, 17, 8]},
			"faces": {
				"north": {"uv": [14, 6, 15, 7], "texture": "#0", "cullface": "north"},
				"east": {"uv": [14, 6, 14.3, 7], "texture": "#0", "cullface": "north"},
				"west": {"uv": [14, 6, 14.3, 7], "texture": "#0", "cullface": "north"},
				"up": {"uv": [14, 6, 15, 6.3], "rotation": 180, "texture": "#0", "cullface": "north"}
			}
		},
		{
			"from": [7, 2, -0.3],
			"to": [9, 4, 0],
			"rotation": {"angle": 0, "axis": "y", "origin": [15, 10, 8]},
			"faces": {
				"north": {"uv": [7, 12, 9, 14], "texture": "#0", "cullface": "north"},
				"east": {"uv": [7, 12, 7.3, 14], "texture": "#0", "cullface": "north"},
				"west": {"uv": [7, 12, 7.3, 14], "texture": "#0", "cullface": "north"},
				"up": {"uv": [7, 12, 9, 12.3], "rotation": 180, "texture": "#0", "cullface": "north"},
				"down": {"uv": [7, 12, 9, 12.3], "rotation": 180, "texture": "#0", "cullface": "north"}
			}
		},
		{
			"from": [6, 4, -0.3],
			"to": [8, 6, 0],
			"rotation": {"angle": 0, "axis": "y", "origin": [14, 12, 8]},
			"faces": {
				"north": {"uv": [8, 10, 10, 12], "texture": "#0", "cullface": "north"},
				"east": {"uv": [8, 10, 8.3, 12], "texture": "#0", "cullface": "north"},
				"west": {"uv": [8, 10, 8.3, 12], "texture": "#0", "cullface": "north"},
				"up": {"uv": [8, 10, 10, 10.3], "rotation": 180, "texture": "#0", "cullface": "north"}
			}
		},
		{
			"from": [2, 6, -0.3],
			"to": [4, 8, 0],
			"rotation": {"angle": 0, "axis": "y", "origin": [10, 14, 8]},
			"faces": {
				"north": {"uv": [12, 8, 14, 10], "texture": "#0", "cullface": "north"},
				"east": {"uv": [12, 8, 12.3, 10], "texture": "#0", "cullface": "north"},
				"up": {"uv": [12, 8, 14, 8.3], "rotation": 180, "texture": "#0", "cullface": "north"},
				"down": {"uv": [12, 8, 14, 8.3], "rotation": 180, "texture": "#0", "cullface": "north"}
			}
		},
		{
			"from": [11, 4, -0.3],
			"to": [13, 6, 0],
			"rotation": {"angle": 0, "axis": "y", "origin": [19, 12, 8]},
			"faces": {
				"north": {"uv": [3, 10, 5, 12], "texture": "#0", "cullface": "north"},
				"east": {"uv": [3, 10, 3.3, 12], "texture": "#0", "cullface": "north"},
				"west": {"uv": [3, 10, 3.3, 12], "texture": "#0", "cullface": "north"},
				"up": {"uv": [3, 10, 5, 10.3], "rotation": 180, "texture": "#0", "cullface": "north"},
				"down": {"uv": [3, 10, 5, 10.3], "rotation": 180, "texture": "#0", "cullface": "north"}
			}
		},
		{
			"from": [10, 6, -0.3],
			"to": [12, 8, 0],
			"rotation": {"angle": 0, "axis": "y", "origin": [18, 14, 8]},
			"faces": {
				"north": {"uv": [4, 8, 6, 10], "texture": "#0", "cullface": "north"},
				"east": {"uv": [4, 8, 4.3, 10], "texture": "#0", "cullface": "north"},
				"west": {"uv": [4, 8, 4.3, 10], "texture": "#0", "cullface": "north"},
				"up": {"uv": [4, 8, 6, 8.3], "rotation": 180, "texture": "#0", "cullface": "north"}
			}
		},
		{
			"from": [8, 8, -0.3],
			"to": [10, 10, 0],
			"rotation": {"angle": 0, "axis": "y", "origin": [16, 16, 8]},
			"faces": {
				"north": {"uv": [6, 6, 8, 8], "texture": "#0", "cullface": "north"},
				"east": {"uv": [6, 6, 6.3, 8], "texture": "#0", "cullface": "north"},
				"up": {"uv": [6, 6, 8, 6.3], "rotation": 180, "texture": "#0", "cullface": "north"},
				"down": {"uv": [6, 6, 8, 6.3], "rotation": 180, "texture": "#0", "cullface": "north"}
			}
		},
		{
			"from": [6, 9, -0.3],
			"to": [8, 11, 0],
			"rotation": {"angle": 0, "axis": "y", "origin": [14, 17, 8]},
			"faces": {
				"north": {"uv": [8, 5, 10, 7], "texture": "#0", "cullface": "north"},
				"east": {"uv": [8, 5, 8.3, 7], "texture": "#0", "cullface": "north"},
				"up": {"uv": [8, 5, 10, 5.3], "rotation": 180, "texture": "#0", "cullface": "north"},
				"down": {"uv": [8, 5, 10, 5.3], "rotation": 180, "texture": "#0", "cullface": "north"}
			}
		},
		{
			"from": [4, 9, -0.3],
			"to": [6, 11, 0],
			"rotation": {"angle": 0, "axis": "y", "origin": [11.9, 17, 8]},
			"faces": {
				"north": {"uv": [10, 5, 12, 7], "texture": "#0", "cullface": "north"},
				"west": {"uv": [10, 5, 10.3, 7], "texture": "#0", "cullface": "north"},
				"up": {"uv": [10, 5, 12, 5.3], "rotation": 180, "texture": "#0", "cullface": "north"},
				"down": {"uv": [10, 5, 12, 5.3], "rotation": 180, "texture": "#0", "cullface": "north"}
			}
		},
		{
			"from": [10, 10, -0.3],
			"to": [12, 12, 0],
			"rotation": {"angle": 0, "axis": "y", "origin": [18, 18, 8]},
			"faces": {
				"north": {"uv": [4, 4, 6, 6], "texture": "#0", "cullface": "north"},
				"east": {"uv": [4, 4, 4.3, 6], "texture": "#0", "cullface": "north"},
				"west": {"uv": [4, 4, 4.3, 6], "texture": "#0", "cullface": "north"},
				"up": {"uv": [4, 4, 6, 4.3], "rotation": 180, "texture": "#0", "cullface": "north"},
				"down": {"uv": [4, 4, 6, 4.3], "rotation": 180, "texture": "#0", "cullface": "north"}
			}
		},
		{
			"from": [7, 12, -0.3],
			"to": [9, 14, 0],
			"rotation": {"angle": 0, "axis": "y", "origin": [15, 20, 8]},
			"faces": {
				"north": {"uv": [7, 2, 9, 4], "texture": "#0", "cullface": "north"},
				"east": {"uv": [7, 2, 7.3, 4], "texture": "#0", "cullface": "north"},
				"west": {"uv": [7, 2, 7.3, 4], "texture": "#0", "cullface": "north"},
				"up": {"uv": [7, 2, 9, 2.3], "rotation": 180, "texture": "#0", "cullface": "north"},
				"down": {"uv": [7, 2, 9, 2.3], "rotation": 180, "texture": "#0", "cullface": "north"}
			}
		},
		{
			"from": [11, 2, 16],
			"to": [13, 3, 16.3],
			"rotation": {"angle": 0, "axis": "y", "origin": [7.125, 7.71429, 16.15]},
			"faces": {
				"east": {"uv": [11, 13, 11.3, 14], "texture": "#0", "cullface": "south"},
				"south": {"uv": [11, 13, 13, 14], "texture": "#0", "cullface": "south"},
				"west": {"uv": [11, 13, 11.3, 14], "texture": "#0", "cullface": "south"},
				"up": {"uv": [11, 13, 13, 13.3], "texture": "#0", "cullface": "south"},
				"down": {"uv": [11, 13, 13, 13.3], "texture": "#0", "cullface": "south"}
			}
		},
		{
			"from": [13, 8, 16],
			"to": [15, 9, 16.3],
			"rotation": {"angle": 0, "axis": "y", "origin": [7.125, 7.71429, 16.15]},
			"faces": {
				"east": {"uv": [13, 7, 13.3, 8], "texture": "#0", "cullface": "south"},
				"south": {"uv": [13, 7, 15, 8], "texture": "#0", "cullface": "south"},
				"west": {"uv": [13, 7, 13.3, 8], "texture": "#0", "cullface": "south"},
				"up": {"uv": [13, 7, 15, 7.3], "texture": "#0", "cullface": "south"}
			}
		},
		{
			"from": [5, 12, 16],
			"to": [7, 13, 16.3],
			"rotation": {"angle": 0, "axis": "y", "origin": [7.125, 7.71429, 16.15]},
			"faces": {
				"south": {"uv": [5, 3, 7, 4], "texture": "#0", "cullface": "south"},
				"west": {"uv": [5, 3, 5.3, 4], "texture": "#0", "cullface": "south"},
				"up": {"uv": [5, 3, 7, 3.3], "texture": "#0", "cullface": "south"}
			}
		},
		{
			"from": [6, 11, 16],
			"to": [7, 12, 16.3],
			"rotation": {"angle": 0, "axis": "y", "origin": [7.125, 7.71429, 16.15]},
			"faces": {
				"east": {"uv": [6, 4, 6.3, 5], "texture": "#0", "cullface": "south"},
				"south": {"uv": [6, 4, 7, 5], "texture": "#0", "cullface": "south"},
				"down": {"uv": [6, 4, 7, 4.3], "texture": "#0", "cullface": "south"}
			}
		},
		{
			"from": [9, 13, 16],
			"to": [10, 14, 16.3],
			"rotation": {"angle": 0, "axis": "y", "origin": [7.125, 7.71429, 16.15]},
			"faces": {
				"east": {"uv": [9, 2, 9.3, 3], "texture": "#0", "cullface": "south"},
				"south": {"uv": [9, 2, 10, 3], "texture": "#0", "cullface": "south"},
				"up": {"uv": [9, 2, 10, 2.3], "texture": "#0", "cullface": "south"},
				"down": {"uv": [9, 2, 10, 2.3], "texture": "#0", "cullface": "south"}
			}
		},
		{
			"from": [4, 9, 16],
			"to": [5, 10, 16.3],
			"rotation": {"angle": 0, "axis": "y", "origin": [7.125, 7.71429, 16.15]},
			"faces": {
				"east": {"uv": [4, 6, 4.3, 7], "texture": "#0", "cullface": "south"},
				"south": {"uv": [4, 6, 5, 7], "texture": "#0", "cullface": "south"},
				"west": {"uv": [4, 6, 4.3, 7], "texture": "#0", "cullface": "south"},
				"down": {"uv": [4, 6, 5, 6.3], "texture": "#0", "cullface": "south"}
			}
		},
		{
			"from": [3, 10, 16],
			"to": [4, 11, 16.3],
			"rotation": {"angle": 0, "axis": "y", "origin": [7.125, 7.71429, 16.15]},
			"faces": {
				"south": {"uv": [3, 5, 4, 6], "texture": "#0", "cullface": "south"},
				"west": {"uv": [3, 5, 3.3, 6], "texture": "#0", "cullface": "south"},
				"up": {"uv": [3, 5, 4, 5.3], "texture": "#0", "cullface": "south"},
				"down": {"uv": [3, 5, 4, 5.3], "texture": "#0", "cullface": "south"}
			}
		},
		{
			"from": [5, 8, 16],
			"to": [6, 9, 16.3],
			"rotation": {"angle": 0, "axis": "y", "origin": [7.125, 7.71429, 16.15]},
			"faces": {
				"south": {"uv": [5, 7, 6, 8], "texture": "#0", "cullface": "south"},
				"west": {"uv": [5, 7, 5.3, 8], "texture": "#0", "cullface": "south"},
				"up": {"uv": [5, 7, 6, 7.3], "texture": "#0", "cullface": "south"}
			}
		},
		{
			"from": [6, 7, 16],
			"to": [7, 8, 16.3],
			"rotation": {"angle": 0, "axis": "y", "origin": [7.125, 7.71429, 16.15]},
			"faces": {
				"east": {"uv": [6, 8, 6.3, 9], "texture": "#0", "cullface": "south"},
				"south": {"uv": [6, 8, 7, 9], "texture": "#0", "cullface": "south"},
				"down": {"uv": [6, 8, 7, 8.3], "texture": "#0", "cullface": "south"}
			}
		},
		{
			"from": [8, 8, 16],
			"to": [9, 9, 16.3],
			"rotation": {"angle": 0, "axis": "y", "origin": [7.125, 7.71429, 16.15]},
			"faces": {
				"east": {"uv": [8, 7, 8.3, 8], "texture": "#0", "cullface": "south"},
				"south": {"uv": [8, 7, 9, 8], "texture": "#0", "cullface": "south"},
				"down": {"uv": [8, 7, 9, 7.3], "texture": "#0", "cullface": "south"}
			}
		},
		{
			"from": [5, 5, 16],
			"to": [6, 6, 16.3],
			"rotation": {"angle": 0, "axis": "y", "origin": [7.125, 7.71429, 16.15]},
			"faces": {
				"east": {"uv": [5, 10, 5.3, 11], "texture": "#0", "cullface": "south"},
				"south": {"uv": [5, 10, 6, 11], "texture": "#0", "cullface": "south"},
				"down": {"uv": [5, 10, 6, 10.3], "texture": "#0", "cullface": "south"}
			}
		},
		{
			"from": [13, 3, 16],
			"to": [14, 4, 16.3],
			"rotation": {"angle": 0, "axis": "y", "origin": [7.125, 7.71429, 16.15]},
			"faces": {
				"east": {"uv": [13, 12, 13.3, 13], "texture": "#0", "cullface": "south"},
				"south": {"uv": [13, 12, 14, 13], "texture": "#0", "cullface": "south"},
				"west": {"uv": [13, 12, 13.3, 13], "texture": "#0", "cullface": "south"},
				"up": {"uv": [13, 12, 14, 12.3], "texture": "#0", "cullface": "south"},
				"down": {"uv": [13, 12, 14, 12.3], "texture": "#0", "cullface": "south"}
			}
		},
		{
			"from": [8, 1, 16],
			"to": [9, 2, 16.3],
			"rotation": {"angle": 0, "axis": "y", "origin": [7.125, 7.71429, 16.15]},
			"faces": {
				"east": {"uv": [8, 14, 8.3, 15], "texture": "#0", "cullface": "south"},
				"south": {"uv": [8, 14, 9, 15], "texture": "#0", "cullface": "south"},
				"west": {"uv": [8, 14, 8.3, 15], "texture": "#0", "cullface": "south"},
				"down": {"uv": [8, 14, 9, 14.3], "texture": "#0", "cullface": "south"}
			}
		},
		{
			"from": [9, 3, 16],
			"to": [10, 4, 16.3],
			"rotation": {"angle": 0, "axis": "y", "origin": [7.125, 7.71429, 16.15]},
			"faces": {
				"east": {"uv": [9, 12, 9.3, 13], "texture": "#0", "cullface": "south"},
				"south": {"uv": [9, 12, 10, 13], "texture": "#0", "cullface": "south"},
				"down": {"uv": [9, 12, 10, 12.3], "texture": "#0", "cullface": "south"}
			}
		},
		{
			"from": [14, 6, 16],
			"to": [15, 7, 16.3],
			"rotation": {"angle": 0, "axis": "y", "origin": [7.125, 7.71429, 16.15]},
			"faces": {
				"east": {"uv": [14, 9, 14.3, 10], "texture": "#0", "cullface": "south"},
				"south": {"uv": [14, 9, 15, 10], "texture": "#0", "cullface": "south"},
				"down": {"uv": [14, 9, 15, 9.3], "texture": "#0", "cullface": "south"}
			}
		},
		{
			"from": [12, 5, 16],
			"to": [13, 6, 16.3],
			"rotation": {"angle": 0, "axis": "y", "origin": [7.125, 7.71429, 16.15]},
			"faces": {
				"east": {"uv": [12, 10, 12.3, 11], "texture": "#0", "cullface": "south"},
				"south": {"uv": [12, 10, 13, 11], "texture": "#0", "cullface": "south"},
				"west": {"uv": [12, 10, 12.3, 11], "texture": "#0", "cullface": "south"},
				"down": {"uv": [12, 10, 13, 10.3], "texture": "#0", "cullface": "south"}
			}
		},
		{
			"from": [14, 7, 16],
			"to": [15, 8, 16.3],
			"rotation": {"angle": 0, "axis": "y", "origin": [7.125, 7.71429, 16.15]},
			"faces": {
				"east": {"uv": [14, 8, 14.3, 9], "texture": "#0", "cullface": "south"},
				"south": {"uv": [14, 8, 15, 9], "texture": "#0", "cullface": "south"}
			}
		},
		{
			"from": [14, 9, 16],
			"to": [15, 10, 16.3],
			"rotation": {"angle": 0, "axis": "y", "origin": [7.125, 7.71429, 16.15]},
			"faces": {
				"east": {"uv": [14, 6, 14.3, 7], "texture": "#0", "cullface": "south"},
				"south": {"uv": [14, 6, 15, 7], "texture": "#0", "cullface": "south"},
				"west": {"uv": [14, 6, 14.3, 7], "texture": "#0", "cullface": "south"},
				"up": {"uv": [14, 6, 15, 6.3], "texture": "#0", "cullface": "south"}
			}
		},
		{
			"from": [7, 2, 16],
			"to": [9, 4, 16.3],
			"rotation": {"angle": 0, "axis": "y", "origin": [7.125, 7.71429, 16.15]},
			"faces": {
				"east": {"uv": [7, 12, 7.3, 14], "texture": "#0", "cullface": "south"},
				"south": {"uv": [7, 12, 9, 14], "texture": "#0", "cullface": "south"},
				"west": {"uv": [7, 12, 7.3, 14], "texture": "#0", "cullface": "south"},
				"up": {"uv": [7, 12, 9, 12.3], "texture": "#0", "cullface": "south"},
				"down": {"uv": [7, 12, 9, 12.3], "texture": "#0", "cullface": "south"}
			}
		},
		{
			"from": [8, 4, 16],
			"to": [10, 6, 16.3],
			"rotation": {"angle": 0, "axis": "y", "origin": [7.125, 7.71429, 16.15]},
			"faces": {
				"east": {"uv": [8, 10, 8.3, 12], "texture": "#0", "cullface": "south"},
				"south": {"uv": [8, 10, 10, 12], "texture": "#0", "cullface": "south"},
				"west": {"uv": [8, 10, 8.3, 12], "texture": "#0", "cullface": "south"},
				"up": {"uv": [8, 10, 10, 10.3], "texture": "#0", "cullface": "south"}
			}
		},
		{
			"from": [12, 6, 16],
			"to": [14, 8, 16.3],
			"rotation": {"angle": 0, "axis": "y", "origin": [7.125, 7.71429, 16.15]},
			"faces": {
				"south": {"uv": [12, 8, 14, 10], "texture": "#0", "cullface": "south"},
				"west": {"uv": [12, 8, 12.3, 10], "texture": "#0", "cullface": "south"},
				"up": {"uv": [12, 8, 14, 8.3], "texture": "#0", "cullface": "south"},
				"down": {"uv": [12, 8, 14, 8.3], "texture": "#0", "cullface": "south"}
			}
		},
		{
			"from": [3, 4, 16],
			"to": [5, 6, 16.3],
			"rotation": {"angle": 0, "axis": "y", "origin": [7.125, 7.71429, 16.15]},
			"faces": {
				"east": {"uv": [3, 10, 3.3, 12], "texture": "#0", "cullface": "south"},
				"south": {"uv": [3, 10, 5, 12], "texture": "#0", "cullface": "south"},
				"west": {"uv": [3, 10, 3.3, 12], "texture": "#0", "cullface": "south"},
				"up": {"uv": [3, 10, 5, 10.3], "texture": "#0", "cullface": "south"},
				"down": {"uv": [3, 10, 5, 10.3], "texture": "#0", "cullface": "south"}
			}
		},
		{
			"from": [4, 6, 16],
			"to": [6, 8, 16.3],
			"rotation": {"angle": 0, "axis": "y", "origin": [7.125, 7.71429, 16.15]},
			"faces": {
				"east": {"uv": [4, 8, 4.3, 10], "texture": "#0", "cullface": "south"},
				"south": {"uv": [4, 8, 6, 10], "texture": "#0", "cullface": "south"},
				"west": {"uv": [4, 8, 4.3, 10], "texture": "#0", "cullface": "south"},
				"up": {"uv": [4, 8, 6, 8.3], "texture": "#0", "cullface": "south"}
			}
		},
		{
			"from": [6, 8, 16],
			"to": [8, 10, 16.3],
			"rotation": {"angle": 0, "axis": "y", "origin": [7.125, 7.71429, 16.15]},
			"faces": {
				"south": {"uv": [6, 6, 8, 8], "texture": "#0", "cullface": "south"},
				"west": {"uv": [6, 6, 6.3, 8], "texture": "#0", "cullface": "south"},
				"up": {"uv": [6, 6, 8, 6.3], "texture": "#0", "cullface": "south"},
				"down": {"uv": [6, 6, 8, 6.3], "texture": "#0", "cullface": "south"}
			}
		},
		{
			"from": [8, 9, 16],
			"to": [10, 11, 16.3],
			"rotation": {"angle": 0, "axis": "y", "origin": [7.125, 7.71429, 16.15]},
			"faces": {
				"south": {"uv": [8, 5, 10, 7], "texture": "#0", "cullface": "south"},
				"west": {"uv": [8, 5, 8.3, 7], "texture": "#0", "cullface": "south"},
				"up": {"uv": [8, 5, 10, 5.3], "texture": "#0", "cullface": "south"},
				"down": {"uv": [8, 5, 10, 5.3], "texture": "#0", "cullface": "south"}
			}
		},
		{
			"from": [10, 9, 16],
			"to": [12, 11, 16.3],
			"rotation": {"angle": 0, "axis": "y", "origin": [7.125, 7.71429, 16.15]},
			"faces": {
				"east": {"uv": [10, 5, 10.3, 7], "texture": "#0", "cullface": "south"},
				"south": {"uv": [10, 5, 12, 7], "texture": "#0", "cullface": "south"},
				"up": {"uv": [10, 5, 12, 5.3], "texture": "#0", "cullface": "south"},
				"down": {"uv": [10, 5, 12, 5.3], "texture": "#0", "cullface": "south"}
			}
		},
		{
			"from": [4, 10, 16],
			"to": [6, 12, 16.3],
			"rotation": {"angle": 0, "axis": "y", "origin": [7.125, 7.71429, 16.15]},
			"faces": {
				"east": {"uv": [4, 4, 4.3, 6], "texture": "#0", "cullface": "south"},
				"south": {"uv": [4, 4, 6, 6], "texture": "#0", "cullface": "south"},
				"west": {"uv": [4, 4, 4.3, 6], "texture": "#0", "cullface": "south"},
				"up": {"uv": [4, 4, 6, 4.3], "texture": "#0", "cullface": "south"},
				"down": {"uv": [4, 4, 6, 4.3], "texture": "#0", "cullface": "south"}
			}
		},
		{
			"from": [7, 12, 16],
			"to": [9, 14, 16.3],
			"rotation": {"angle": 0, "axis": "y", "origin": [7.125, 7.71429, 16.15]},
			"faces": {
				"east": {"uv": [7, 2, 7.3, 4], "texture": "#0", "cullface": "south"},
				"south": {"uv": [7, 2, 9, 4], "texture": "#0", "cullface": "south"},
				"west": {"uv": [7, 2, 7.3, 4], "texture": "#0", "cullface": "south"},
				"up": {"uv": [7, 2, 9, 2.3], "texture": "#0", "cullface": "south"},
				"down": {"uv": [7, 2, 9, 2.3], "texture": "#0", "cullface": "south"}
			}
		},
		{
			"from": [-0.3, 2, 10.975],
			"to": [0, 3, 12.975],
			"rotation": {"angle": 0, "axis": "y", "origin": [-4.875, 7.71429, -0.15]},
			"faces": {
				"north": {"uv": [11, 13, 11.3, 14], "texture": "#0", "cullface": "west"},
				"south": {"uv": [11, 13, 11.3, 14], "texture": "#0", "cullface": "west"},
				"west": {"uv": [11, 13, 13, 14], "texture": "#0", "cullface": "west"},
				"up": {"uv": [11, 13, 13, 13.3], "rotation": 90, "texture": "#0", "cullface": "west"},
				"down": {"uv": [11, 13, 13, 13.3], "rotation": 270, "texture": "#0", "cullface": "west"}
			}
		},
		{
			"from": [-0.3, 8, 12.975],
			"to": [0, 9, 14.975],
			"rotation": {"angle": 0, "axis": "y", "origin": [-4.875, 7.71429, -0.15]},
			"faces": {
				"north": {"uv": [13, 7, 13.3, 8], "texture": "#0", "cullface": "west"},
				"south": {"uv": [13, 7, 13.3, 8], "texture": "#0", "cullface": "west"},
				"west": {"uv": [13, 7, 15, 8], "texture": "#0", "cullface": "west"},
				"up": {"uv": [13, 7, 15, 7.3], "rotation": 90, "texture": "#0", "cullface": "west"}
			}
		},
		{
			"from": [-0.3, 12, 4.975],
			"to": [0, 13, 6.975],
			"rotation": {"angle": 0, "axis": "y", "origin": [-4.875, 7.71429, -0.15]},
			"faces": {
				"north": {"uv": [5, 3, 5.3, 4], "texture": "#0", "cullface": "west"},
				"west": {"uv": [5, 3, 7, 4], "texture": "#0", "cullface": "west"},
				"up": {"uv": [5, 3, 7, 3.3], "rotation": 90, "texture": "#0", "cullface": "west"}
			}
		},
		{
			"from": [-0.3, 11, 5.975],
			"to": [0, 12, 6.975],
			"rotation": {"angle": 0, "axis": "y", "origin": [-4.875, 7.71429, -0.15]},
			"faces": {
				"south": {"uv": [6, 4, 6.3, 5], "texture": "#0", "cullface": "west"},
				"west": {"uv": [6, 4, 7, 5], "texture": "#0", "cullface": "west"},
				"down": {"uv": [6, 4, 7, 4.3], "rotation": 270, "texture": "#0", "cullface": "west"}
			}
		},
		{
			"from": [-0.3, 13, 8.975],
			"to": [0, 14, 9.975],
			"rotation": {"angle": 0, "axis": "y", "origin": [-4.875, 7.71429, -0.15]},
			"faces": {
				"south": {"uv": [9, 2, 9.3, 3], "texture": "#0", "cullface": "west"},
				"west": {"uv": [9, 2, 10, 3], "texture": "#0", "cullface": "west"},
				"up": {"uv": [9, 2, 10, 2.3], "rotation": 90, "texture": "#0", "cullface": "west"},
				"down": {"uv": [9, 2, 10, 2.3], "rotation": 270, "texture": "#0", "cullface": "west"}
			}
		},
		{
			"from": [-0.3, 9, 3.975],
			"to": [0, 10, 4.975],
			"rotation": {"angle": 0, "axis": "y", "origin": [-4.875, 7.71429, -0.15]},
			"faces": {
				"north": {"uv": [4, 6, 4.3, 7], "texture": "#0", "cullface": "west"},
				"south": {"uv": [4, 6, 4.3, 7], "texture": "#0", "cullface": "west"},
				"west": {"uv": [4, 6, 5, 7], "texture": "#0", "cullface": "west"},
				"down": {"uv": [4, 6, 5, 6.3], "rotation": 270, "texture": "#0", "cullface": "west"}
			}
		},
		{
			"from": [-0.3, 10, 2.975],
			"to": [0, 11, 3.975],
			"rotation": {"angle": 0, "axis": "y", "origin": [-4.875, 7.71429, -0.15]},
			"faces": {
				"north": {"uv": [3, 5, 3.3, 6], "texture": "#0", "cullface": "west"},
				"west": {"uv": [3, 5, 4, 6], "texture": "#0", "cullface": "west"},
				"up": {"uv": [3, 5, 4, 5.3], "rotation": 90, "texture": "#0", "cullface": "west"},
				"down": {"uv": [3, 5, 4, 5.3], "rotation": 270, "texture": "#0", "cullface": "west"}
			}
		},
		{
			"from": [-0.3, 8, 4.975],
			"to": [0, 9, 5.975],
			"rotation": {"angle": 0, "axis": "y", "origin": [-4.875, 7.71429, -0.15]},
			"faces": {
				"north": {"uv": [5, 7, 5.3, 8], "texture": "#0", "cullface": "west"},
				"west": {"uv": [5, 7, 6, 8], "texture": "#0", "cullface": "west"},
				"up": {"uv": [5, 7, 6, 7.3], "rotation": 90, "texture": "#0", "cullface": "west"}
			}
		},
		{
			"from": [-0.3, 7, 5.975],
			"to": [0, 8, 6.975],
			"rotation": {"angle": 0, "axis": "y", "origin": [-4.875, 7.71429, -0.15]},
			"faces": {
				"south": {"uv": [6, 8, 6.3, 9], "texture": "#0", "cullface": "west"},
				"west": {"uv": [6, 8, 7, 9], "texture": "#0", "cullface": "west"},
				"down": {"uv": [6, 8, 7, 8.3], "rotation": 270, "texture": "#0", "cullface": "west"}
			}
		},
		{
			"from": [-0.3, 8, 7.975],
			"to": [0, 9, 8.975],
			"rotation": {"angle": 0, "axis": "y", "origin": [-4.875, 7.71429, -0.15]},
			"faces": {
				"south": {"uv": [8, 7, 8.3, 8], "texture": "#0", "cullface": "west"},
				"west": {"uv": [8, 7, 9, 8], "texture": "#0", "cullface": "west"},
				"down": {"uv": [8, 7, 9, 7.3], "rotation": 270, "texture": "#0", "cullface": "west"}
			}
		},
		{
			"from": [-0.3, 5, 4.975],
			"to": [0, 6, 5.975],
			"rotation": {"angle": 0, "axis": "y", "origin": [-4.875, 7.71429, -0.15]},
			"faces": {
				"south": {"uv": [5, 10, 5.3, 11], "texture": "#0", "cullface": "west"},
				"west": {"uv": [5, 10, 6, 11], "texture": "#0", "cullface": "west"},
				"down": {"uv": [5, 10, 6, 10.3], "rotation": 270, "texture": "#0", "cullface": "west"}
			}
		},
		{
			"from": [-0.3, 3, 12.975],
			"to": [0, 4, 13.975],
			"rotation": {"angle": 0, "axis": "y", "origin": [-4.875, 7.71429, -0.15]},
			"faces": {
				"north": {"uv": [13, 12, 13.3, 13], "texture": "#0", "cullface": "west"},
				"south": {"uv": [13, 12, 13.3, 13], "texture": "#0", "cullface": "west"},
				"west": {"uv": [13, 12, 14, 13], "texture": "#0", "cullface": "west"},
				"up": {"uv": [13, 12, 14, 12.3], "rotation": 90, "texture": "#0", "cullface": "west"},
				"down": {"uv": [13, 12, 14, 12.3], "rotation": 270, "texture": "#0", "cullface": "west"}
			}
		},
		{
			"from": [-0.3, 1, 7.975],
			"to": [0, 2, 8.975],
			"rotation": {"angle": 0, "axis": "y", "origin": [-4.875, 7.71429, -0.15]},
			"faces": {
				"north": {"uv": [8, 14, 8.3, 15], "texture": "#0", "cullface": "west"},
				"south": {"uv": [8, 14, 8.3, 15], "texture": "#0", "cullface": "west"},
				"west": {"uv": [8, 14, 9, 15], "texture": "#0", "cullface": "west"},
				"down": {"uv": [8, 14, 9, 14.3], "rotation": 270, "texture": "#0", "cullface": "west"}
			}
		},
		{
			"from": [-0.3, 3, 8.975],
			"to": [0, 4, 9.975],
			"rotation": {"angle": 0, "axis": "y", "origin": [-4.875, 7.71429, -0.15]},
			"faces": {
				"south": {"uv": [9, 12, 9.3, 13], "texture": "#0", "cullface": "west"},
				"west": {"uv": [9, 12, 10, 13], "texture": "#0", "cullface": "west"},
				"down": {"uv": [9, 12, 10, 12.3], "rotation": 270, "texture": "#0", "cullface": "west"}
			}
		},
		{
			"from": [-0.3, 6, 13.975],
			"to": [0, 7, 14.975],
			"rotation": {"angle": 0, "axis": "y", "origin": [-4.875, 7.71429, -0.15]},
			"faces": {
				"south": {"uv": [14, 9, 14.3, 10], "texture": "#0", "cullface": "west"},
				"west": {"uv": [14, 9, 15, 10], "texture": "#0", "cullface": "west"},
				"down": {"uv": [14, 9, 15, 9.3], "rotation": 270, "texture": "#0", "cullface": "west"}
			}
		},
		{
			"from": [-0.3, 5, 11.975],
			"to": [0, 6, 12.975],
			"rotation": {"angle": 0, "axis": "y", "origin": [-4.875, 7.71429, -0.15]},
			"faces": {
				"north": {"uv": [12, 10, 12.3, 11], "texture": "#0", "cullface": "west"},
				"south": {"uv": [12, 10, 12.3, 11], "texture": "#0", "cullface": "west"},
				"west": {"uv": [12, 10, 13, 11], "texture": "#0", "cullface": "west"},
				"down": {"uv": [12, 10, 13, 10.3], "rotation": 270, "texture": "#0", "cullface": "west"}
			}
		},
		{
			"from": [-0.3, 7, 13.975],
			"to": [0, 8, 14.975],
			"rotation": {"angle": 0, "axis": "y", "origin": [-4.875, 7.71429, -0.15]},
			"faces": {
				"south": {"uv": [14, 8, 14.3, 9], "texture": "#0", "cullface": "west"},
				"west": {"uv": [14, 8, 15, 9], "texture": "#0", "cullface": "west"}
			}
		},
		{
			"from": [-0.3, 9, 13.975],
			"to": [0, 10, 14.975],
			"rotation": {"angle": 0, "axis": "y", "origin": [-4.875, 7.71429, -0.15]},
			"faces": {
				"north": {"uv": [14, 6, 14.3, 7], "texture": "#0", "cullface": "west"},
				"south": {"uv": [14, 6, 14.3, 7], "texture": "#0", "cullface": "west"},
				"west": {"uv": [14, 6, 15, 7], "texture": "#0", "cullface": "west"},
				"up": {"uv": [14, 6, 15, 6.3], "rotation": 90, "texture": "#0", "cullface": "west"}
			}
		},
		{
			"from": [-0.3, 2, 6.975],
			"to": [0, 4, 8.975],
			"rotation": {"angle": 0, "axis": "y", "origin": [-4.875, 7.71429, -0.15]},
			"faces": {
				"north": {"uv": [7, 12, 7.3, 14], "texture": "#0", "cullface": "west"},
				"south": {"uv": [7, 12, 7.3, 14], "texture": "#0", "cullface": "west"},
				"west": {"uv": [7, 12, 9, 14], "texture": "#0", "cullface": "west"},
				"up": {"uv": [7, 12, 9, 12.3], "rotation": 90, "texture": "#0", "cullface": "west"},
				"down": {"uv": [7, 12, 9, 12.3], "rotation": 270, "texture": "#0", "cullface": "west"}
			}
		},
		{
			"from": [-0.3, 4, 7.975],
			"to": [0, 6, 9.975],
			"rotation": {"angle": 0, "axis": "y", "origin": [-4.875, 7.71429, -0.15]},
			"faces": {
				"north": {"uv": [8, 10, 8.3, 12], "texture": "#0", "cullface": "west"},
				"south": {"uv": [8, 10, 8.3, 12], "texture": "#0", "cullface": "west"},
				"west": {"uv": [8, 10, 10, 12], "texture": "#0", "cullface": "west"},
				"up": {"uv": [8, 10, 10, 10.3], "rotation": 90, "texture": "#0", "cullface": "west"}
			}
		},
		{
			"from": [-0.3, 6, 11.975],
			"to": [0, 8, 13.975],
			"rotation": {"angle": 0, "axis": "y", "origin": [-4.875, 7.71429, -0.15]},
			"faces": {
				"north": {"uv": [12, 8, 12.3, 10], "texture": "#0", "cullface": "west"},
				"west": {"uv": [12, 8, 14, 10], "texture": "#0", "cullface": "west"},
				"up": {"uv": [12, 8, 14, 8.3], "rotation": 90, "texture": "#0", "cullface": "west"},
				"down": {"uv": [12, 8, 14, 8.3], "rotation": 270, "texture": "#0", "cullface": "west"}
			}
		},
		{
			"from": [-0.3, 4, 2.975],
			"to": [0, 6, 4.975],
			"rotation": {"angle": 0, "axis": "y", "origin": [-4.875, 7.71429, -0.15]},
			"faces": {
				"north": {"uv": [3, 10, 3.3, 12], "texture": "#0", "cullface": "west"},
				"south": {"uv": [3, 10, 3.3, 12], "texture": "#0", "cullface": "west"},
				"west": {"uv": [3, 10, 5, 12], "texture": "#0", "cullface": "west"},
				"up": {"uv": [3, 10, 5, 10.3], "rotation": 90, "texture": "#0", "cullface": "west"},
				"down": {"uv": [3, 10, 5, 10.3], "rotation": 270, "texture": "#0", "cullface": "west"}
			}
		},
		{
			"from": [-0.3, 6, 3.975],
			"to": [0, 8, 5.975],
			"rotation": {"angle": 0, "axis": "y", "origin": [-4.875, 7.71429, -0.15]},
			"faces": {
				"north": {"uv": [4, 8, 4.3, 10], "texture": "#0", "cullface": "west"},
				"south": {"uv": [4, 8, 4.3, 10], "texture": "#0", "cullface": "west"},
				"west": {"uv": [4, 8, 6, 10], "texture": "#0", "cullface": "west"},
				"up": {"uv": [4, 8, 6, 8.3], "rotation": 90, "texture": "#0", "cullface": "west"}
			}
		},
		{
			"from": [-0.3, 8, 5.975],
			"to": [0, 10, 7.975],
			"rotation": {"angle": 0, "axis": "y", "origin": [-4.875, 7.71429, -0.15]},
			"faces": {
				"north": {"uv": [6, 6, 6.3, 8], "texture": "#0", "cullface": "west"},
				"west": {"uv": [6, 6, 8, 8], "texture": "#0", "cullface": "west"},
				"up": {"uv": [6, 6, 8, 6.3], "rotation": 90, "texture": "#0", "cullface": "west"},
				"down": {"uv": [6, 6, 8, 6.3], "rotation": 270, "texture": "#0", "cullface": "west"}
			}
		},
		{
			"from": [-0.3, 9, 7.975],
			"to": [0, 11, 9.975],
			"rotation": {"angle": 0, "axis": "y", "origin": [-4.875, 7.71429, -0.15]},
			"faces": {
				"north": {"uv": [8, 5, 8.3, 7], "texture": "#0", "cullface": "west"},
				"west": {"uv": [8, 5, 10, 7], "texture": "#0", "cullface": "west"},
				"up": {"uv": [8, 5, 10, 5.3], "rotation": 90, "texture": "#0", "cullface": "west"},
				"down": {"uv": [8, 5, 10, 5.3], "rotation": 270, "texture": "#0", "cullface": "west"}
			}
		},
		{
			"from": [-0.3, 9, 9.975],
			"to": [0, 11, 11.975],
			"rotation": {"angle": 0, "axis": "y", "origin": [-4.875, 7.71429, -0.15]},
			"faces": {
				"south": {"uv": [10, 5, 10.3, 7], "texture": "#0", "cullface": "west"},
				"west": {"uv": [10, 5, 12, 7], "texture": "#0", "cullface": "west"},
				"up": {"uv": [10, 5, 12, 5.3], "rotation": 90, "texture": "#0", "cullface": "west"},
				"down": {"uv": [10, 5, 12, 5.3], "rotation": 270, "texture": "#0", "cullface": "west"}
			}
		},
		{
			"from": [-0.3, 10, 3.975],
			"to": [0, 12, 5.975],
			"rotation": {"angle": 0, "axis": "y", "origin": [-4.875, 7.71429, -0.15]},
			"faces": {
				"north": {"uv": [4, 4, 4.3, 6], "texture": "#0", "cullface": "west"},
				"south": {"uv": [4, 4, 4.3, 6], "texture": "#0", "cullface": "west"},
				"west": {"uv": [4, 4, 6, 6], "texture": "#0", "cullface": "west"},
				"up": {"uv": [4, 4, 6, 4.3], "rotation": 90, "texture": "#0", "cullface": "west"},
				"down": {"uv": [4, 4, 6, 4.3], "rotation": 270, "texture": "#0", "cullface": "west"}
			}
		},
		{
			"from": [-0.3, 12, 6.975],
			"to": [0, 14, 8.975],
			"rotation": {"angle": 0, "axis": "y", "origin": [-4.875, 7.71429, -0.15]},
			"faces": {
				"north": {"uv": [7, 2, 7.3, 4], "texture": "#0", "cullface": "west"},
				"south": {"uv": [7, 2, 7.3, 4], "texture": "#0", "cullface": "west"},
				"west": {"uv": [7, 2, 9, 4], "texture": "#0", "cullface": "west"},
				"up": {"uv": [7, 2, 9, 2.3], "rotation": 90, "texture": "#0", "cullface": "west"},
				"down": {"uv": [7, 2, 9, 2.3], "rotation": 270, "texture": "#0", "cullface": "west"}
			}
		},
		{
			"from": [16, 2, 3],
			"to": [16.3, 3, 5],
			"rotation": {"angle": 0, "axis": "y", "origin": [16.15, 7.71429, 9.125]},
			"faces": {
				"north": {"uv": [11, 13, 11.3, 14], "texture": "#0", "cullface": "east"},
				"east": {"uv": [11, 13, 13, 14], "texture": "#0", "cullface": "east"},
				"south": {"uv": [11, 13, 11.3, 14], "texture": "#0", "cullface": "east"},
				"up": {"uv": [11, 13, 13, 13.3], "rotation": 270, "texture": "#0", "cullface": "east"},
				"down": {"uv": [11, 13, 13, 13.3], "rotation": 90, "texture": "#0", "cullface": "east"}
			}
		},
		{
			"from": [16, 8, 1],
			"to": [16.3, 9, 3],
			"rotation": {"angle": 0, "axis": "y", "origin": [16.15, 7.71429, 9.125]},
			"faces": {
				"north": {"uv": [13, 7, 13.3, 8], "texture": "#0", "cullface": "east"},
				"east": {"uv": [13, 7, 15, 8], "texture": "#0", "cullface": "east"},
				"south": {"uv": [13, 7, 13.3, 8], "texture": "#0", "cullface": "east"},
				"up": {"uv": [13, 7, 15, 7.3], "rotation": 270, "texture": "#0", "cullface": "east"}
			}
		},
		{
			"from": [16, 12, 9],
			"to": [16.3, 13, 11],
			"rotation": {"angle": 0, "axis": "y", "origin": [16.15, 7.71429, 9.125]},
			"faces": {
				"east": {"uv": [5, 3, 7, 4], "texture": "#0", "cullface": "east"},
				"south": {"uv": [5, 3, 5.3, 4], "texture": "#0", "cullface": "east"},
				"up": {"uv": [5, 3, 7, 3.3], "rotation": 270, "texture": "#0", "cullface": "east"}
			}
		},
		{
			"from": [16, 11, 9],
			"to": [16.3, 12, 10],
			"rotation": {"angle": 0, "axis": "y", "origin": [16.15, 7.71429, 9.125]},
			"faces": {
				"north": {"uv": [6, 4, 6.3, 5], "texture": "#0", "cullface": "east"},
				"east": {"uv": [6, 4, 7, 5], "texture": "#0", "cullface": "east"},
				"down": {"uv": [6, 4, 7, 4.3], "rotation": 90, "texture": "#0", "cullface": "east"}
			}
		},
		{
			"from": [16, 13, 6],
			"to": [16.3, 14, 7],
			"rotation": {"angle": 0, "axis": "y", "origin": [16.15, 7.71429, 9.125]},
			"faces": {
				"north": {"uv": [9, 2, 9.3, 3], "texture": "#0", "cullface": "east"},
				"east": {"uv": [9, 2, 10, 3], "texture": "#0", "cullface": "east"},
				"up": {"uv": [9, 2, 10, 2.3], "rotation": 270, "texture": "#0", "cullface": "east"},
				"down": {"uv": [9, 2, 10, 2.3], "rotation": 90, "texture": "#0", "cullface": "east"}
			}
		},
		{
			"from": [16, 9, 11],
			"to": [16.3, 10, 12],
			"rotation": {"angle": 0, "axis": "y", "origin": [16.15, 7.71429, 9.125]},
			"faces": {
				"north": {"uv": [4, 6, 4.3, 7], "texture": "#0", "cullface": "east"},
				"east": {"uv": [4, 6, 5, 7], "texture": "#0", "cullface": "east"},
				"south": {"uv": [4, 6, 4.3, 7], "texture": "#0", "cullface": "east"},
				"down": {"uv": [4, 6, 5, 6.3], "rotation": 90, "texture": "#0", "cullface": "east"}
			}
		},
		{
			"from": [16, 10, 12],
			"to": [16.3, 11, 13],
			"rotation": {"angle": 0, "axis": "y", "origin": [16.15, 7.71429, 9.125]},
			"faces": {
				"east": {"uv": [3, 5, 4, 6], "texture": "#0", "cullface": "east"},
				"south": {"uv": [3, 5, 3.3, 6], "texture": "#0", "cullface": "east"},
				"up": {"uv": [3, 5, 4, 5.3], "rotation": 270, "texture": "#0", "cullface": "east"},
				"down": {"uv": [3, 5, 4, 5.3], "rotation": 90, "texture": "#0", "cullface": "east"}
			}
		},
		{
			"from": [16, 8, 10],
			"to": [16.3, 9, 11],
			"rotation": {"angle": 0, "axis": "y", "origin": [16.15, 7.71429, 9.125]},
			"faces": {
				"east": {"uv": [5, 7, 6, 8], "texture": "#0", "cullface": "east"},
				"south": {"uv": [5, 7, 5.3, 8], "texture": "#0", "cullface": "east"},
				"up": {"uv": [5, 7, 6, 7.3], "rotation": 270, "texture": "#0", "cullface": "east"}
			}
		},
		{
			"from": [16, 7, 9],
			"to": [16.3, 8, 10],
			"rotation": {"angle": 0, "axis": "y", "origin": [16.15, 7.71429, 9.125]},
			"faces": {
				"north": {"uv": [6, 8, 6.3, 9], "texture": "#0", "cullface": "east"},
				"east": {"uv": [6, 8, 7, 9], "texture": "#0", "cullface": "east"},
				"down": {"uv": [6, 8, 7, 8.3], "rotation": 90, "texture": "#0", "cullface": "east"}
			}
		},
		{
			"from": [16, 8, 7],
			"to": [16.3, 9, 8],
			"rotation": {"angle": 0, "axis": "y", "origin": [16.15, 7.71429, 9.125]},
			"faces": {
				"north": {"uv": [8, 7, 8.3, 8], "texture": "#0", "cullface": "east"},
				"east": {"uv": [8, 7, 9, 8], "texture": "#0", "cullface": "east"},
				"down": {"uv": [8, 7, 9, 7.3], "rotation": 90, "texture": "#0", "cullface": "east"}
			}
		},
		{
			"from": [16, 5, 10],
			"to": [16.3, 6, 11],
			"rotation": {"angle": 0, "axis": "y", "origin": [16.15, 7.71429, 9.125]},
			"faces": {
				"north": {"uv": [5, 10, 5.3, 11], "texture": "#0", "cullface": "east"},
				"east": {"uv": [5, 10, 6, 11], "texture": "#0", "cullface": "east"},
				"down": {"uv": [5, 10, 6, 10.3], "rotation": 90, "texture": "#0", "cullface": "east"}
			}
		},
		{
			"from": [16, 3, 2],
			"to": [16.3, 4, 3],
			"rotation": {"angle": 0, "axis": "y", "origin": [16.15, 7.71429, 9.125]},
			"faces": {
				"north": {"uv": [13, 12, 13.3, 13], "texture": "#0", "cullface": "east"},
				"east": {"uv": [13, 12, 14, 13], "texture": "#0", "cullface": "east"},
				"south": {"uv": [13, 12, 13.3, 13], "texture": "#0", "cullface": "east"},
				"up": {"uv": [13, 12, 14, 12.3], "rotation": 270, "texture": "#0", "cullface": "east"},
				"down": {"uv": [13, 12, 14, 12.3], "rotation": 90, "texture": "#0", "cullface": "east"}
			}
		},
		{
			"from": [16, 1, 7],
			"to": [16.3, 2, 8],
			"rotation": {"angle": 0, "axis": "y", "origin": [16.15, 7.71429, 9.125]},
			"faces": {
				"north": {"uv": [8, 14, 8.3, 15], "texture": "#0", "cullface": "east"},
				"east": {"uv": [8, 14, 9, 15], "texture": "#0", "cullface": "east"},
				"south": {"uv": [8, 14, 8.3, 15], "texture": "#0", "cullface": "east"},
				"down": {"uv": [8, 14, 9, 14.3], "rotation": 90, "texture": "#0", "cullface": "east"}
			}
		},
		{
			"from": [16, 3, 6],
			"to": [16.3, 4, 7],
			"rotation": {"angle": 0, "axis": "y", "origin": [16.15, 7.71429, 9.125]},
			"faces": {
				"north": {"uv": [9, 12, 9.3, 13], "texture": "#0", "cullface": "east"},
				"east": {"uv": [9, 12, 10, 13], "texture": "#0", "cullface": "east"},
				"down": {"uv": [9, 12, 10, 12.3], "rotation": 90, "texture": "#0", "cullface": "east"}
			}
		},
		{
			"from": [16, 6, 1],
			"to": [16.3, 7, 2],
			"rotation": {"angle": 0, "axis": "y", "origin": [16.15, 7.71429, 9.125]},
			"faces": {
				"north": {"uv": [14, 9, 14.3, 10], "texture": "#0", "cullface": "east"},
				"east": {"uv": [14, 9, 15, 10], "texture": "#0", "cullface": "east"},
				"down": {"uv": [14, 9, 15, 9.3], "rotation": 90, "texture": "#0", "cullface": "east"}
			}
		},
		{
			"from": [16, 5, 3],
			"to": [16.3, 6, 4],
			"rotation": {"angle": 0, "axis": "y", "origin": [16.15, 7.71429, 9.125]},
			"faces": {
				"north": {"uv": [12, 10, 12.3, 11], "texture": "#0", "cullface": "east"},
				"east": {"uv": [12, 10, 13, 11], "texture": "#0", "cullface": "east"},
				"south": {"uv": [12, 10, 12.3, 11], "texture": "#0", "cullface": "east"},
				"down": {"uv": [12, 10, 13, 10.3], "rotation": 90, "texture": "#0", "cullface": "east"}
			}
		},
		{
			"from": [16, 7, 1],
			"to": [16.3, 8, 2],
			"rotation": {"angle": 0, "axis": "y", "origin": [16.15, 7.71429, 9.125]},
			"faces": {
				"north": {"uv": [14, 8, 14.3, 9], "texture": "#0", "cullface": "east"},
				"east": {"uv": [14, 8, 15, 9], "texture": "#0", "cullface": "east"}
			}
		},
		{
			"from": [16, 9, 1],
			"to": [16.3, 10, 2],
			"rotation": {"angle": 0, "axis": "y", "origin": [16.15, 7.71429, 9.125]},
			"faces": {
				"north": {"uv": [14, 6, 14.3, 7], "texture": "#0", "cullface": "east"},
				"east": {"uv": [14, 6, 15, 7], "texture": "#0", "cullface": "east"},
				"south": {"uv": [14, 6, 14.3, 7], "texture": "#0", "cullface": "east"},
				"up": {"uv": [14, 6, 15, 6.3], "rotation": 270, "texture": "#0", "cullface": "east"}
			}
		},
		{
			"from": [16, 2, 7],
			"to": [16.3, 4, 9],
			"rotation": {"angle": 0, "axis": "y", "origin": [16.15, 7.71429, 9.125]},
			"faces": {
				"north": {"uv": [7, 12, 7.3, 14], "texture": "#0", "cullface": "east"},
				"east": {"uv": [7, 12, 9, 14], "texture": "#0", "cullface": "east"},
				"south": {"uv": [7, 12, 7.3, 14], "texture": "#0", "cullface": "east"},
				"up": {"uv": [7, 12, 9, 12.3], "rotation": 270, "texture": "#0", "cullface": "east"},
				"down": {"uv": [7, 12, 9, 12.3], "rotation": 90, "texture": "#0", "cullface": "east"}
			}
		},
		{
			"from": [16, 4, 6],
			"to": [16.3, 6, 8],
			"rotation": {"angle": 0, "axis": "y", "origin": [16.15, 7.71429, 9.125]},
			"faces": {
				"north": {"uv": [8, 10, 8.3, 12], "texture": "#0", "cullface": "east"},
				"east": {"uv": [8, 10, 10, 12], "texture": "#0", "cullface": "east"},
				"south": {"uv": [8, 10, 8.3, 12], "texture": "#0", "cullface": "east"},
				"up": {"uv": [8, 10, 10, 10.3], "rotation": 270, "texture": "#0", "cullface": "east"}
			}
		},
		{
			"from": [16, 6, 2],
			"to": [16.3, 8, 4],
			"rotation": {"angle": 0, "axis": "y", "origin": [16.15, 7.71429, 9.125]},
			"faces": {
				"east": {"uv": [12, 8, 14, 10], "texture": "#0", "cullface": "east"},
				"south": {"uv": [12, 8, 12.3, 10], "texture": "#0", "cullface": "east"},
				"up": {"uv": [12, 8, 14, 8.3], "rotation": 270, "texture": "#0", "cullface": "east"},
				"down": {"uv": [12, 8, 14, 8.3], "rotation": 90, "texture": "#0", "cullface": "east"}
			}
		},
		{
			"from": [16, 4, 11],
			"to": [16.3, 6, 13],
			"rotation": {"angle": 0, "axis": "y", "origin": [16.15, 7.71429, 9.125]},
			"faces": {
				"north": {"uv": [3, 10, 3.3, 12], "texture": "#0", "cullface": "east"},
				"east": {"uv": [3, 10, 5, 12], "texture": "#0", "cullface": "east"},
				"south": {"uv": [3, 10, 3.3, 12], "texture": "#0", "cullface": "east"},
				"up": {"uv": [3, 10, 5, 10.3], "rotation": 270, "texture": "#0", "cullface": "east"},
				"down": {"uv": [3, 10, 5, 10.3], "rotation": 90, "texture": "#0", "cullface": "east"}
			}
		},
		{
			"from": [16, 6, 10],
			"to": [16.3, 8, 12],
			"rotation": {"angle": 0, "axis": "y", "origin": [16.15, 7.71429, 9.125]},
			"faces": {
				"north": {"uv": [4, 8, 4.3, 10], "texture": "#0", "cullface": "east"},
				"east": {"uv": [4, 8, 6, 10], "texture": "#0", "cullface": "east"},
				"south": {"uv": [4, 8, 4.3, 10], "texture": "#0", "cullface": "east"},
				"up": {"uv": [4, 8, 6, 8.3], "rotation": 270, "texture": "#0", "cullface": "east"}
			}
		},
		{
			"from": [16, 8, 8],
			"to": [16.3, 10, 10],
			"rotation": {"angle": 0, "axis": "y", "origin": [16.15, 7.71429, 9.125]},
			"faces": {
				"east": {"uv": [6, 6, 8, 8], "texture": "#0", "cullface": "east"},
				"south": {"uv": [6, 6, 6.3, 8], "texture": "#0", "cullface": "east"},
				"up": {"uv": [6, 6, 8, 6.3], "rotation": 270, "texture": "#0", "cullface": "east"},
				"down": {"uv": [6, 6, 8, 6.3], "rotation": 90, "texture": "#0", "cullface": "east"}
			}
		},
		{
			"from": [16, 9, 6],
			"to": [16.3, 11, 8],
			"rotation": {"angle": 0, "axis": "y", "origin": [16.15, 7.71429, 9.125]},
			"faces": {
				"east": {"uv": [8, 5, 10, 7], "texture": "#0", "cullface": "east"},
				"south": {"uv": [8, 5, 8.3, 7], "texture": "#0", "cullface": "east"},
				"up": {"uv": [8, 5, 10, 5.3], "rotation": 270, "texture": "#0", "cullface": "east"},
				"down": {"uv": [8, 5, 10, 5.3], "rotation": 90, "texture": "#0", "cullface": "east"}
			}
		},
		{
			"from": [16, 9, 4],
			"to": [16.3, 11, 6],
			"rotation": {"angle": 0, "axis": "y", "origin": [16.15, 7.71429, 9.125]},
			"faces": {
				"north": {"uv": [10, 5, 10.3, 7], "texture": "#0", "cullface": "east"},
				"east": {"uv": [10, 5, 12, 7], "texture": "#0", "cullface": "east"},
				"up": {"uv": [10, 5, 12, 5.3], "rotation": 270, "texture": "#0", "cullface": "east"},
				"down": {"uv": [10, 5, 12, 5.3], "rotation": 90, "texture": "#0", "cullface": "east"}
			}
		},
		{
			"from": [16, 10, 10],
			"to": [16.3, 12, 12],
			"rotation": {"angle": 0, "axis": "y", "origin": [16.15, 7.71429, 9.125]},
			"faces": {
				"north": {"uv": [4, 4, 4.3, 6], "texture": "#0", "cullface": "east"},
				"east": {"uv": [4, 4, 6, 6], "texture": "#0", "cullface": "east"},
				"south": {"uv": [4, 4, 4.3, 6], "texture": "#0", "cullface": "east"},
				"up": {"uv": [4, 4, 6, 4.3], "rotation": 270, "texture": "#0", "cullface": "east"},
				"down": {"uv": [4, 4, 6, 4.3], "rotation": 90, "texture": "#0", "cullface": "east"}
			}
		},
		{
			"from": [16, 12, 7],
			"to": [16.3, 14, 9],
			"rotation": {"angle": 0, "axis": "y", "origin": [16.15, 7.71429, 9.125]},
			"faces": {
				"north": {"uv": [7, 2, 7.3, 4], "texture": "#0", "cullface": "east"},
				"east": {"uv": [7, 2, 9, 4], "texture": "#0", "cullface": "east"},
				"south": {"uv": [7, 2, 7.3, 4], "texture": "#0", "cullface": "east"},
				"up": {"uv": [7, 2, 9, 2.3], "rotation": 270, "texture": "#0", "cullface": "east"},
				"down": {"uv": [7, 2, 9, 2.3], "rotation": 90, "texture": "#0", "cullface": "east"}
			}
		},
		{
			"from": [11, 16, 12.98929],
			"to": [13, 16.3, 13.98929],
			"rotation": {"angle": 0, "axis": "y", "origin": [8.125, 16.15, 8.85]},
			"faces": {
				"north": {"uv": [11, 13, 13, 13.3], "rotation": 180, "texture": "#0", "cullface": "up"},
				"east": {"uv": [11, 13, 11.3, 14], "rotation": 90, "texture": "#0", "cullface": "up"},
				"south": {"uv": [11, 13, 13, 13.3], "texture": "#0", "cullface": "up"},
				"west": {"uv": [11, 13, 11.3, 14], "rotation": 270, "texture": "#0", "cullface": "up"},
				"up": {"uv": [11, 13, 13, 14], "texture": "#0", "cullface": "up"}
			}
		},
		{
			"from": [13, 16, 6.98929],
			"to": [15, 16.3, 7.98929],
			"rotation": {"angle": 0, "axis": "y", "origin": [8.125, 16.15, 8.85]},
			"faces": {
				"north": {"uv": [13, 7, 15, 7.3], "rotation": 180, "texture": "#0", "cullface": "up"},
				"east": {"uv": [13, 7, 13.3, 8], "rotation": 90, "texture": "#0", "cullface": "up"},
				"west": {"uv": [13, 7, 13.3, 8], "rotation": 270, "texture": "#0", "cullface": "up"},
				"up": {"uv": [13, 7, 15, 8], "texture": "#0", "cullface": "up"}
			}
		},
		{
			"from": [5, 16, 2.98929],
			"to": [7, 16.3, 3.98929],
			"rotation": {"angle": 0, "axis": "y", "origin": [8.125, 16.15, 8.85]},
			"faces": {
				"north": {"uv": [5, 3, 7, 3.3], "rotation": 180, "texture": "#0", "cullface": "up"},
				"west": {"uv": [5, 3, 5.3, 4], "rotation": 270, "texture": "#0", "cullface": "up"},
				"up": {"uv": [5, 3, 7, 4], "texture": "#0", "cullface": "up"}
			}
		},
		{
			"from": [6, 16, 3.98929],
			"to": [7, 16.3, 4.98929],
			"rotation": {"angle": 0, "axis": "y", "origin": [8.125, 16.15, 8.85]},
			"faces": {
				"east": {"uv": [6, 4, 6.3, 5], "rotation": 90, "texture": "#0", "cullface": "up"},
				"south": {"uv": [6, 4, 7, 4.3], "texture": "#0", "cullface": "up"},
				"up": {"uv": [6, 4, 7, 5], "texture": "#0", "cullface": "up"}
			}
		},
		{
			"from": [9, 16, 1.98929],
			"to": [10, 16.3, 2.98929],
			"rotation": {"angle": 0, "axis": "y", "origin": [8.125, 16.15, 8.85]},
			"faces": {
				"north": {"uv": [9, 2, 10, 2.3], "rotation": 180, "texture": "#0", "cullface": "up"},
				"east": {"uv": [9, 2, 9.3, 3], "rotation": 90, "texture": "#0", "cullface": "up"},
				"south": {"uv": [9, 2, 10, 2.3], "texture": "#0", "cullface": "up"},
				"up": {"uv": [9, 2, 10, 3], "texture": "#0", "cullface": "up"}
			}
		},
		{
			"from": [4, 16, 5.98929],
			"to": [5, 16.3, 6.98929],
			"rotation": {"angle": 0, "axis": "y", "origin": [8.125, 16.15, 8.85]},
			"faces": {
				"east": {"uv": [4, 6, 4.3, 7], "rotation": 90, "texture": "#0", "cullface": "up"},
				"south": {"uv": [4, 6, 5, 6.3], "texture": "#0", "cullface": "up"},
				"west": {"uv": [4, 6, 4.3, 7], "rotation": 270, "texture": "#0", "cullface": "up"},
				"up": {"uv": [4, 6, 5, 7], "texture": "#0", "cullface": "up"}
			}
		},
		{
			"from": [3, 16, 4.98929],
			"to": [4, 16.3, 5.98929],
			"rotation": {"angle": 0, "axis": "y", "origin": [8.125, 16.15, 8.85]},
			"faces": {
				"north": {"uv": [3, 5, 4, 5.3], "rotation": 180, "texture": "#0", "cullface": "up"},
				"south": {"uv": [3, 5, 4, 5.3], "texture": "#0", "cullface": "up"},
				"west": {"uv": [3, 5, 3.3, 6], "rotation": 270, "texture": "#0", "cullface": "up"},
				"up": {"uv": [3, 5, 4, 6], "texture": "#0", "cullface": "up"}
			}
		},
		{
			"from": [5, 16, 6.98929],
			"to": [6, 16.3, 7.98929],
			"rotation": {"angle": 0, "axis": "y", "origin": [8.125, 16.15, 8.85]},
			"faces": {
				"north": {"uv": [5, 7, 6, 7.3], "rotation": 180, "texture": "#0", "cullface": "up"},
				"west": {"uv": [5, 7, 5.3, 8], "rotation": 270, "texture": "#0", "cullface": "up"},
				"up": {"uv": [5, 7, 6, 8], "texture": "#0", "cullface": "up"}
			}
		},
		{
			"from": [6, 16, 7.98929],
			"to": [7, 16.3, 8.98929],
			"rotation": {"angle": 0, "axis": "y", "origin": [8.125, 16.15, 8.85]},
			"faces": {
				"east": {"uv": [6, 8, 6.3, 9], "rotation": 90, "texture": "#0", "cullface": "up"},
				"south": {"uv": [6, 8, 7, 8.3], "texture": "#0", "cullface": "up"},
				"up": {"uv": [6, 8, 7, 9], "texture": "#0", "cullface": "up"}
			}
		},
		{
			"from": [8, 16, 6.98929],
			"to": [9, 16.3, 7.98929],
			"rotation": {"angle": 0, "axis": "y", "origin": [8.125, 16.15, 8.85]},
			"faces": {
				"east": {"uv": [8, 7, 8.3, 8], "rotation": 90, "texture": "#0", "cullface": "up"},
				"south": {"uv": [8, 7, 9, 7.3], "texture": "#0", "cullface": "up"},
				"up": {"uv": [8, 7, 9, 8], "texture": "#0", "cullface": "up"}
			}
		},
		{
			"from": [5, 16, 9.98929],
			"to": [6, 16.3, 10.98929],
			"rotation": {"angle": 0, "axis": "y", "origin": [8.125, 16.15, 8.85]},
			"faces": {
				"east": {"uv": [5, 10, 5.3, 11], "rotation": 90, "texture": "#0", "cullface": "up"},
				"south": {"uv": [5, 10, 6, 10.3], "texture": "#0", "cullface": "up"},
				"up": {"uv": [5, 10, 6, 11], "texture": "#0", "cullface": "up"}
			}
		},
		{
			"from": [13, 16, 11.98929],
			"to": [14, 16.3, 12.98929],
			"rotation": {"angle": 0, "axis": "y", "origin": [8.125, 16.15, 8.85]},
			"faces": {
				"north": {"uv": [13, 12, 14, 12.3], "rotation": 180, "texture": "#0", "cullface": "up"},
				"east": {"uv": [13, 12, 13.3, 13], "rotation": 90, "texture": "#0", "cullface": "up"},
				"south": {"uv": [13, 12, 14, 12.3], "texture": "#0", "cullface": "up"},
				"west": {"uv": [13, 12, 13.3, 13], "rotation": 270, "texture": "#0", "cullface": "up"},
				"up": {"uv": [13, 12, 14, 13], "texture": "#0", "cullface": "up"}
			}
		},
		{
			"from": [8, 16, 13.98929],
			"to": [9, 16.3, 14.98929],
			"rotation": {"angle": 0, "axis": "y", "origin": [8.125, 16.15, 8.85]},
			"faces": {
				"east": {"uv": [8, 14, 8.3, 15], "rotation": 90, "texture": "#0", "cullface": "up"},
				"south": {"uv": [8, 14, 9, 14.3], "texture": "#0", "cullface": "up"},
				"west": {"uv": [8, 14, 8.3, 15], "rotation": 270, "texture": "#0", "cullface": "up"},
				"up": {"uv": [8, 14, 9, 15], "texture": "#0", "cullface": "up"}
			}
		},
		{
			"from": [9, 16, 11.98929],
			"to": [10, 16.3, 12.98929],
			"rotation": {"angle": 0, "axis": "y", "origin": [8.125, 16.15, 8.85]},
			"faces": {
				"east": {"uv": [9, 12, 9.3, 13], "rotation": 90, "texture": "#0", "cullface": "up"},
				"south": {"uv": [9, 12, 10, 12.3], "texture": "#0", "cullface": "up"},
				"up": {"uv": [9, 12, 10, 13], "texture": "#0", "cullface": "up"}
			}
		},
		{
			"from": [14, 16, 8.98929],
			"to": [15, 16.3, 9.98929],
			"rotation": {"angle": 0, "axis": "y", "origin": [8.125, 16.15, 8.85]},
			"faces": {
				"east": {"uv": [14, 9, 14.3, 10], "rotation": 90, "texture": "#0", "cullface": "up"},
				"south": {"uv": [14, 9, 15, 9.3], "texture": "#0", "cullface": "up"},
				"up": {"uv": [14, 9, 15, 10], "texture": "#0", "cullface": "up"}
			}
		},
		{
			"from": [12, 16, 9.98929],
			"to": [13, 16.3, 10.98929],
			"rotation": {"angle": 0, "axis": "y", "origin": [8.125, 16.15, 8.85]},
			"faces": {
				"east": {"uv": [12, 10, 12.3, 11], "rotation": 90, "texture": "#0", "cullface": "up"},
				"south": {"uv": [12, 10, 13, 10.3], "texture": "#0", "cullface": "up"},
				"west": {"uv": [12, 10, 12.3, 11], "rotation": 270, "texture": "#0", "cullface": "up"},
				"up": {"uv": [12, 10, 13, 11], "texture": "#0", "cullface": "up"}
			}
		},
		{
			"from": [14, 16, 7.98929],
			"to": [15, 16.3, 8.98929],
			"rotation": {"angle": 0, "axis": "y", "origin": [8.125, 16.15, 8.85]},
			"faces": {
				"east": {"uv": [14, 8, 14.3, 9], "rotation": 90, "texture": "#0", "cullface": "up"},
				"up": {"uv": [14, 8, 15, 9], "texture": "#0", "cullface": "up"}
			}
		},
		{
			"from": [14, 16, 5.98929],
			"to": [15, 16.3, 6.98929],
			"rotation": {"angle": 0, "axis": "y", "origin": [8.125, 16.15, 8.85]},
			"faces": {
				"north": {"uv": [14, 6, 15, 6.3], "rotation": 180, "texture": "#0", "cullface": "up"},
				"east": {"uv": [14, 6, 14.3, 7], "rotation": 90, "texture": "#0", "cullface": "up"},
				"west": {"uv": [14, 6, 14.3, 7], "rotation": 270, "texture": "#0", "cullface": "up"},
				"up": {"uv": [14, 6, 15, 7], "texture": "#0", "cullface": "up"}
			}
		},
		{
			"from": [7, 16, 11.98929],
			"to": [9, 16.3, 13.98929],
			"rotation": {"angle": 0, "axis": "y", "origin": [8.125, 16.15, 8.85]},
			"faces": {
				"north": {"uv": [7, 12, 9, 12.3], "rotation": 180, "texture": "#0", "cullface": "up"},
				"east": {"uv": [7, 12, 7.3, 14], "rotation": 90, "texture": "#0", "cullface": "up"},
				"south": {"uv": [7, 12, 9, 12.3], "texture": "#0", "cullface": "up"},
				"west": {"uv": [7, 12, 7.3, 14], "rotation": 270, "texture": "#0", "cullface": "up"},
				"up": {"uv": [7, 12, 9, 14], "texture": "#0", "cullface": "up"}
			}
		},
		{
			"from": [8, 16, 9.98929],
			"to": [10, 16.3, 11.98929],
			"rotation": {"angle": 0, "axis": "y", "origin": [8.125, 16.15, 8.85]},
			"faces": {
				"north": {"uv": [8, 10, 10, 10.3], "rotation": 180, "texture": "#0", "cullface": "up"},
				"east": {"uv": [8, 10, 8.3, 12], "rotation": 90, "texture": "#0", "cullface": "up"},
				"west": {"uv": [8, 10, 8.3, 12], "rotation": 270, "texture": "#0", "cullface": "up"},
				"up": {"uv": [8, 10, 10, 12], "texture": "#0", "cullface": "up"}
			}
		},
		{
			"from": [12, 16, 7.98929],
			"to": [14, 16.3, 9.98929],
			"rotation": {"angle": 0, "axis": "y", "origin": [8.125, 16.15, 8.85]},
			"faces": {
				"north": {"uv": [12, 8, 14, 8.3], "rotation": 180, "texture": "#0", "cullface": "up"},
				"south": {"uv": [12, 8, 14, 8.3], "texture": "#0", "cullface": "up"},
				"west": {"uv": [12, 8, 12.3, 10], "rotation": 270, "texture": "#0", "cullface": "up"},
				"up": {"uv": [12, 8, 14, 10], "texture": "#0", "cullface": "up"}
			}
		},
		{
			"from": [3, 16, 9.98929],
			"to": [5, 16.3, 11.98929],
			"rotation": {"angle": 0, "axis": "y", "origin": [8.125, 16.15, 8.85]},
			"faces": {
				"north": {"uv": [3, 10, 5, 10.3], "rotation": 180, "texture": "#0", "cullface": "up"},
				"east": {"uv": [3, 10, 3.3, 12], "rotation": 90, "texture": "#0", "cullface": "up"},
				"south": {"uv": [3, 10, 5, 10.3], "texture": "#0", "cullface": "up"},
				"west": {"uv": [3, 10, 3.3, 12], "rotation": 270, "texture": "#0", "cullface": "up"},
				"up": {"uv": [3, 10, 5, 12], "texture": "#0", "cullface": "up"}
			}
		},
		{
			"from": [4, 16, 7.98929],
			"to": [6, 16.3, 9.98929],
			"rotation": {"angle": 0, "axis": "y", "origin": [8.125, 16.15, 8.85]},
			"faces": {
				"north": {"uv": [4, 8, 6, 8.3], "rotation": 180, "texture": "#0", "cullface": "up"},
				"east": {"uv": [4, 8, 4.3, 10], "rotation": 90, "texture": "#0", "cullface": "up"},
				"west": {"uv": [4, 8, 4.3, 10], "rotation": 270, "texture": "#0", "cullface": "up"},
				"up": {"uv": [4, 8, 6, 10], "texture": "#0", "cullface": "up"}
			}
		},
		{
			"from": [6, 16, 5.98929],
			"to": [8, 16.3, 7.98929],
			"rotation": {"angle": 0, "axis": "y", "origin": [8.125, 16.15, 8.85]},
			"faces": {
				"north": {"uv": [6, 6, 8, 6.3], "rotation": 180, "texture": "#0", "cullface": "up"},
				"south": {"uv": [6, 6, 8, 6.3], "texture": "#0", "cullface": "up"},
				"west": {"uv": [6, 6, 6.3, 8], "rotation": 270, "texture": "#0", "cullface": "up"},
				"up": {"uv": [6, 6, 8, 8], "texture": "#0", "cullface": "up"}
			}
		},
		{
			"from": [8, 16, 4.98929],
			"to": [10, 16.3, 6.98929],
			"rotation": {"angle": 0, "axis": "y", "origin": [8.125, 16.15, 8.85]},
			"faces": {
				"north": {"uv": [8, 5, 10, 5.3], "rotation": 180, "texture": "#0", "cullface": "up"},
				"south": {"uv": [8, 5, 10, 5.3], "texture": "#0", "cullface": "up"},
				"west": {"uv": [8, 5, 8.3, 7], "rotation": 270, "texture": "#0", "cullface": "up"},
				"up": {"uv": [8, 5, 10, 7], "texture": "#0", "cullface": "up"}
			}
		},
		{
			"from": [10, 16, 4.98929],
			"to": [12, 16.3, 6.98929],
			"rotation": {"angle": 0, "axis": "y", "origin": [8.125, 16.15, 8.85]},
			"faces": {
				"north": {"uv": [10, 5, 12, 5.3], "rotation": 180, "texture": "#0", "cullface": "up"},
				"east": {"uv": [10, 5, 10.3, 7], "rotation": 90, "texture": "#0", "cullface": "up"},
				"south": {"uv": [10, 5, 12, 5.3], "texture": "#0", "cullface": "up"},
				"up": {"uv": [10, 5, 12, 7], "texture": "#0", "cullface": "up"}
			}
		},
		{
			"from": [4, 16, 3.98929],
			"to": [6, 16.3, 5.98929],
			"rotation": {"angle": 0, "axis": "y", "origin": [8.125, 16.15, 8.85]},
			"faces": {
				"north": {"uv": [4, 4, 6, 4.3], "rotation": 180, "texture": "#0", "cullface": "up"},
				"east": {"uv": [4, 4, 4.3, 6], "rotation": 90, "texture": "#0", "cullface": "up"},
				"south": {"uv": [4, 4, 6, 4.3], "texture": "#0", "cullface": "up"},
				"west": {"uv": [4, 4, 4.3, 6], "rotation": 270, "texture": "#0", "cullface": "up"},
				"up": {"uv": [4, 4, 6, 6], "texture": "#0", "cullface": "up"}
			}
		},
		{
			"from": [7, 16, 1.98929],
			"to": [9, 16.3, 3.98929],
			"rotation": {"angle": 0, "axis": "y", "origin": [8.125, 16.15, 8.85]},
			"faces": {
				"north": {"uv": [7, 2, 9, 2.3], "rotation": 180, "texture": "#0", "cullface": "up"},
				"east": {"uv": [7, 2, 7.3, 4], "rotation": 90, "texture": "#0", "cullface": "up"},
				"south": {"uv": [7, 2, 9, 2.3], "texture": "#0", "cullface": "up"},
				"west": {"uv": [7, 2, 7.3, 4], "rotation": 270, "texture": "#0", "cullface": "up"},
				"up": {"uv": [7, 2, 9, 4], "texture": "#0", "cullface": "up"}
			}
		},
		{
			"from": [11, -0.3, 1.98571],
			"to": [13, 0, 2.98571],
			"rotation": {"angle": 0, "axis": "y", "origin": [8.875, -0.15, 8.275]},
			"faces": {
				"north": {"uv": [11, 13, 13, 13.3], "rotation": 180, "texture": "#0", "cullface": "down"},
				"east": {"uv": [11, 13, 11.3, 14], "rotation": 270, "texture": "#0", "cullface": "down"},
				"south": {"uv": [11, 13, 13, 13.3], "texture": "#0", "cullface": "down"},
				"west": {"uv": [11, 13, 11.3, 14], "rotation": 90, "texture": "#0", "cullface": "down"},
				"down": {"uv": [11, 13, 13, 14], "texture": "#0", "cullface": "down"}
			}
		},
		{
			"from": [13, -0.3, 7.98571],
			"to": [15, 0, 8.98571],
			"rotation": {"angle": 0, "axis": "y", "origin": [8.875, -0.15, 8.275]},
			"faces": {
				"east": {"uv": [13, 7, 13.3, 8], "rotation": 270, "texture": "#0", "cullface": "down"},
				"south": {"uv": [13, 7, 15, 7.3], "texture": "#0", "cullface": "down"},
				"west": {"uv": [13, 7, 13.3, 8], "rotation": 90, "texture": "#0", "cullface": "down"},
				"down": {"uv": [13, 7, 15, 8], "texture": "#0", "cullface": "down"}
			}
		},
		{
			"from": [5, -0.3, 11.98571],
			"to": [7, 0, 12.98571],
			"rotation": {"angle": 0, "axis": "y", "origin": [8.875, -0.15, 8.275]},
			"faces": {
				"south": {"uv": [5, 3, 7, 3.3], "texture": "#0", "cullface": "down"},
				"west": {"uv": [5, 3, 5.3, 4], "rotation": 90, "texture": "#0", "cullface": "down"},
				"down": {"uv": [5, 3, 7, 4], "texture": "#0", "cullface": "down"}
			}
		},
		{
			"from": [6, -0.3, 10.98571],
			"to": [7, 0, 11.98571],
			"rotation": {"angle": 0, "axis": "y", "origin": [8.875, -0.15, 8.275]},
			"faces": {
				"north": {"uv": [6, 4, 7, 4.3], "rotation": 180, "texture": "#0", "cullface": "down"},
				"east": {"uv": [6, 4, 6.3, 5], "rotation": 270, "texture": "#0", "cullface": "down"},
				"down": {"uv": [6, 4, 7, 5], "texture": "#0", "cullface": "down"}
			}
		},
		{
			"from": [9, -0.3, 12.98571],
			"to": [10, 0, 13.98571],
			"rotation": {"angle": 0, "axis": "y", "origin": [8.875, -0.15, 8.275]},
			"faces": {
				"north": {"uv": [9, 2, 10, 2.3], "rotation": 180, "texture": "#0", "cullface": "down"},
				"east": {"uv": [9, 2, 9.3, 3], "rotation": 270, "texture": "#0", "cullface": "down"},
				"south": {"uv": [9, 2, 10, 2.3], "texture": "#0", "cullface": "down"},
				"down": {"uv": [9, 2, 10, 3], "texture": "#0", "cullface": "down"}
			}
		},
		{
			"from": [4, -0.3, 8.98571],
			"to": [5, 0, 9.98571],
			"rotation": {"angle": 0, "axis": "y", "origin": [8.875, -0.15, 8.275]},
			"faces": {
				"north": {"uv": [4, 6, 5, 6.3], "rotation": 180, "texture": "#0", "cullface": "down"},
				"east": {"uv": [4, 6, 4.3, 7], "rotation": 270, "texture": "#0", "cullface": "down"},
				"west": {"uv": [4, 6, 4.3, 7], "rotation": 90, "texture": "#0", "cullface": "down"},
				"down": {"uv": [4, 6, 5, 7], "texture": "#0", "cullface": "down"}
			}
		},
		{
			"from": [3, -0.3, 9.98571],
			"to": [4, 0, 10.98571],
			"rotation": {"angle": 0, "axis": "y", "origin": [8.875, -0.15, 8.275]},
			"faces": {
				"north": {"uv": [3, 5, 4, 5.3], "rotation": 180, "texture": "#0", "cullface": "down"},
				"south": {"uv": [3, 5, 4, 5.3], "texture": "#0", "cullface": "down"},
				"west": {"uv": [3, 5, 3.3, 6], "rotation": 90, "texture": "#0", "cullface": "down"},
				"down": {"uv": [3, 5, 4, 6], "texture": "#0", "cullface": "down"}
			}
		},
		{
			"from": [5, -0.3, 7.98571],
			"to": [6, 0, 8.98571],
			"rotation": {"angle": 0, "axis": "y", "origin": [8.875, -0.15, 8.275]},
			"faces": {
				"south": {"uv": [5, 7, 6, 7.3], "texture": "#0", "cullface": "down"},
				"west": {"uv": [5, 7, 5.3, 8], "rotation": 90, "texture": "#0", "cullface": "down"},
				"down": {"uv": [5, 7, 6, 8], "texture": "#0", "cullface": "down"}
			}
		},
		{
			"from": [6, -0.3, 6.98571],
			"to": [7, 0, 7.98571],
			"rotation": {"angle": 0, "axis": "y", "origin": [8.875, -0.15, 8.275]},
			"faces": {
				"north": {"uv": [6, 8, 7, 8.3], "rotation": 180, "texture": "#0", "cullface": "down"},
				"east": {"uv": [6, 8, 6.3, 9], "rotation": 270, "texture": "#0", "cullface": "down"},
				"down": {"uv": [6, 8, 7, 9], "texture": "#0", "cullface": "down"}
			}
		},
		{
			"from": [8, -0.3, 7.98571],
			"to": [9, 0, 8.98571],
			"rotation": {"angle": 0, "axis": "y", "origin": [8.875, -0.15, 8.275]},
			"faces": {
				"north": {"uv": [8, 7, 9, 7.3], "rotation": 180, "texture": "#0", "cullface": "down"},
				"east": {"uv": [8, 7, 8.3, 8], "rotation": 270, "texture": "#0", "cullface": "down"},
				"down": {"uv": [8, 7, 9, 8], "texture": "#0", "cullface": "down"}
			}
		},
		{
			"from": [5, -0.3, 4.98571],
			"to": [6, 0, 5.98571],
			"rotation": {"angle": 0, "axis": "y", "origin": [8.875, -0.15, 8.275]},
			"faces": {
				"north": {"uv": [5, 10, 6, 10.3], "rotation": 180, "texture": "#0", "cullface": "down"},
				"east": {"uv": [5, 10, 5.3, 11], "rotation": 270, "texture": "#0", "cullface": "down"},
				"down": {"uv": [5, 10, 6, 11], "texture": "#0", "cullface": "down"}
			}
		},
		{
			"from": [13, -0.3, 2.98571],
			"to": [14, 0, 3.98571],
			"rotation": {"angle": 0, "axis": "y", "origin": [8.875, -0.15, 8.275]},
			"faces": {
				"north": {"uv": [13, 12, 14, 12.3], "rotation": 180, "texture": "#0", "cullface": "down"},
				"east": {"uv": [13, 12, 13.3, 13], "rotation": 270, "texture": "#0", "cullface": "down"},
				"south": {"uv": [13, 12, 14, 12.3], "texture": "#0", "cullface": "down"},
				"west": {"uv": [13, 12, 13.3, 13], "rotation": 90, "texture": "#0", "cullface": "down"},
				"down": {"uv": [13, 12, 14, 13], "texture": "#0", "cullface": "down"}
			}
		},
		{
			"from": [8, -0.3, 0.98571],
			"to": [9, 0, 1.98571],
			"rotation": {"angle": 0, "axis": "y", "origin": [8.875, -0.15, 8.275]},
			"faces": {
				"north": {"uv": [8, 14, 9, 14.3], "rotation": 180, "texture": "#0", "cullface": "down"},
				"east": {"uv": [8, 14, 8.3, 15], "rotation": 270, "texture": "#0", "cullface": "down"},
				"west": {"uv": [8, 14, 8.3, 15], "rotation": 90, "texture": "#0", "cullface": "down"},
				"down": {"uv": [8, 14, 9, 15], "texture": "#0", "cullface": "down"}
			}
		},
		{
			"from": [9, -0.3, 2.98571],
			"to": [10, 0, 3.98571],
			"rotation": {"angle": 0, "axis": "y", "origin": [8.875, -0.15, 8.275]},
			"faces": {
				"north": {"uv": [9, 12, 10, 12.3], "rotation": 180, "texture": "#0", "cullface": "down"},
				"east": {"uv": [9, 12, 9.3, 13], "rotation": 270, "texture": "#0", "cullface": "down"},
				"down": {"uv": [9, 12, 10, 13], "texture": "#0", "cullface": "down"}
			}
		},
		{
			"from": [14, -0.3, 5.98571],
			"to": [15, 0, 6.98571],
			"rotation": {"angle": 0, "axis": "y", "origin": [8.875, -0.15, 8.275]},
			"faces": {
				"north": {"uv": [14, 9, 15, 9.3], "rotation": 180, "texture": "#0", "cullface": "down"},
				"east": {"uv": [14, 9, 14.3, 10], "rotation": 270, "texture": "#0", "cullface": "down"},
				"down": {"uv": [14, 9, 15, 10], "texture": "#0", "cullface": "down"}
			}
		},
		{
			"from": [12, -0.3, 4.98571],
			"to": [13, 0, 5.98571],
			"rotation": {"angle": 0, "axis": "y", "origin": [8.875, -0.15, 8.275]},
			"faces": {
				"north": {"uv": [12, 10, 13, 10.3], "rotation": 180, "texture": "#0", "cullface": "down"},
				"east": {"uv": [12, 10, 12.3, 11], "rotation": 270, "texture": "#0", "cullface": "down"},
				"west": {"uv": [12, 10, 12.3, 11], "rotation": 90, "texture": "#0", "cullface": "down"},
				"down": {"uv": [12, 10, 13, 11], "texture": "#0", "cullface": "down"}
			}
		},
		{
			"from": [14, -0.3, 6.98571],
			"to": [15, 0, 7.98571],
			"rotation": {"angle": 0, "axis": "y", "origin": [8.875, -0.15, 8.275]},
			"faces": {
				"east": {"uv": [14, 8, 14.3, 9], "rotation": 270, "texture": "#0", "cullface": "down"},
				"down": {"uv": [14, 8, 15, 9], "texture": "#0", "cullface": "down"}
			}
		},
		{
			"from": [14, -0.3, 8.98571],
			"to": [15, 0, 9.98571],
			"rotation": {"angle": 0, "axis": "y", "origin": [8.875, -0.15, 8.275]},
			"faces": {
				"east": {"uv": [14, 6, 14.3, 7], "rotation": 270, "texture": "#0", "cullface": "down"},
				"south": {"uv": [14, 6, 15, 6.3], "texture": "#0", "cullface": "down"},
				"west": {"uv": [14, 6, 14.3, 7], "rotation": 90, "texture": "#0", "cullface": "down"},
				"down": {"uv": [14, 6, 15, 7], "texture": "#0", "cullface": "down"}
			}
		},
		{
			"from": [7, -0.3, 1.98571],
			"to": [9, 0, 3.98571],
			"rotation": {"angle": 0, "axis": "y", "origin": [8.875, -0.15, 8.275]},
			"faces": {
				"north": {"uv": [7, 12, 9, 12.3], "rotation": 180, "texture": "#0", "cullface": "down"},
				"east": {"uv": [7, 12, 7.3, 14], "rotation": 270, "texture": "#0", "cullface": "down"},
				"south": {"uv": [7, 12, 9, 12.3], "texture": "#0", "cullface": "down"},
				"west": {"uv": [7, 12, 7.3, 14], "rotation": 90, "texture": "#0", "cullface": "down"},
				"down": {"uv": [7, 12, 9, 14], "texture": "#0", "cullface": "down"}
			}
		},
		{
			"from": [8, -0.3, 3.98571],
			"to": [10, 0, 5.98571],
			"rotation": {"angle": 0, "axis": "y", "origin": [8.875, -0.15, 8.275]},
			"faces": {
				"east": {"uv": [8, 10, 8.3, 12], "rotation": 270, "texture": "#0", "cullface": "down"},
				"south": {"uv": [8, 10, 10, 10.3], "texture": "#0", "cullface": "down"},
				"west": {"uv": [8, 10, 8.3, 12], "rotation": 90, "texture": "#0", "cullface": "down"},
				"down": {"uv": [8, 10, 10, 12], "texture": "#0", "cullface": "down"}
			}
		},
		{
			"from": [12, -0.3, 5.98571],
			"to": [14, 0, 7.98571],
			"rotation": {"angle": 0, "axis": "y", "origin": [8.875, -0.15, 8.275]},
			"faces": {
				"north": {"uv": [12, 8, 14, 8.3], "rotation": 180, "texture": "#0", "cullface": "down"},
				"south": {"uv": [12, 8, 14, 8.3], "texture": "#0", "cullface": "down"},
				"west": {"uv": [12, 8, 12.3, 10], "rotation": 90, "texture": "#0", "cullface": "down"},
				"down": {"uv": [12, 8, 14, 10], "texture": "#0", "cullface": "down"}
			}
		},
		{
			"from": [3, -0.3, 3.98571],
			"to": [5, 0, 5.98571],
			"rotation": {"angle": 0, "axis": "y", "origin": [8.875, -0.15, 8.275]},
			"faces": {
				"north": {"uv": [3, 10, 5, 10.3], "rotation": 180, "texture": "#0", "cullface": "down"},
				"east": {"uv": [3, 10, 3.3, 12], "rotation": 270, "texture": "#0", "cullface": "down"},
				"south": {"uv": [3, 10, 5, 10.3], "texture": "#0", "cullface": "down"},
				"west": {"uv": [3, 10, 3.3, 12], "rotation": 90, "texture": "#0", "cullface": "down"},
				"down": {"uv": [3, 10, 5, 12], "texture": "#0", "cullface": "down"}
			}
		},
		{
			"from": [4, -0.3, 5.98571],
			"to": [6, 0, 7.98571],
			"rotation": {"angle": 0, "axis": "y", "origin": [8.875, -0.15, 8.275]},
			"faces": {
				"east": {"uv": [4, 8, 4.3, 10], "rotation": 270, "texture": "#0", "cullface": "down"},
				"south": {"uv": [4, 8, 6, 8.3], "texture": "#0", "cullface": "down"},
				"west": {"uv": [4, 8, 4.3, 10], "rotation": 90, "texture": "#0", "cullface": "down"},
				"down": {"uv": [4, 8, 6, 10], "texture": "#0", "cullface": "down"}
			}
		},
		{
			"from": [6, -0.3, 7.98571],
			"to": [8, 0, 9.98571],
			"rotation": {"angle": 0, "axis": "y", "origin": [8.875, -0.15, 8.275]},
			"faces": {
				"north": {"uv": [6, 6, 8, 6.3], "rotation": 180, "texture": "#0", "cullface": "down"},
				"south": {"uv": [6, 6, 8, 6.3], "texture": "#0", "cullface": "down"},
				"west": {"uv": [6, 6, 6.3, 8], "rotation": 90, "texture": "#0", "cullface": "down"},
				"down": {"uv": [6, 6, 8, 8], "texture": "#0", "cullface": "down"}
			}
		},
		{
			"from": [8, -0.3, 8.98571],
			"to": [10, 0, 10.98571],
			"rotation": {"angle": 0, "axis": "y", "origin": [8.875, -0.15, 8.275]},
			"faces": {
				"north": {"uv": [8, 5, 10, 5.3], "rotation": 180, "texture": "#0", "cullface": "down"},
				"south": {"uv": [8, 5, 10, 5.3], "texture": "#0", "cullface": "down"},
				"west": {"uv": [8, 5, 8.3, 7], "rotation": 90, "texture": "#0", "cullface": "down"},
				"down": {"uv": [8, 5, 10, 7], "texture": "#0", "cullface": "down"}
			}
		},
		{
			"from": [10, -0.3, 8.98571],
			"to": [12, 0, 10.98571],
			"rotation": {"angle": 0, "axis": "y", "origin": [8.875, -0.15, 8.275]},
			"faces": {
				"north": {"uv": [10, 5, 12, 5.3], "rotation": 180, "texture": "#0", "cullface": "down"},
				"east": {"uv": [10, 5, 10.3, 7], "rotation": 270, "texture": "#0", "cullface": "down"},
				"south": {"uv": [10, 5, 12, 5.3], "texture": "#0", "cullface": "down"},
				"down": {"uv": [10, 5, 12, 7], "texture": "#0", "cullface": "down"}
			}
		},
		{
			"from": [4, -0.3, 9.98571],
			"to": [6, 0, 11.98571],
			"rotation": {"angle": 0, "axis": "y", "origin": [8.875, -0.15, 8.275]},
			"faces": {
				"north": {"uv": [4, 4, 6, 4.3], "rotation": 180, "texture": "#0", "cullface": "down"},
				"east": {"uv": [4, 4, 4.3, 6], "rotation": 270, "texture": "#0", "cullface": "down"},
				"south": {"uv": [4, 4, 6, 4.3], "texture": "#0", "cullface": "down"},
				"west": {"uv": [4, 4, 4.3, 6], "rotation": 90, "texture": "#0", "cullface": "down"},
				"down": {"uv": [4, 4, 6, 6], "texture": "#0", "cullface": "down"}
			}
		},
		{
			"from": [7, -0.3, 11.98571],
			"to": [9, 0, 13.98571],
			"rotation": {"angle": 0, "axis": "y", "origin": [8.875, -0.15, 8.275]},
			"faces": {
				"north": {"uv": [7, 2, 9, 2.3], "rotation": 180, "texture": "#0", "cullface": "down"},
				"east": {"uv": [7, 2, 7.3, 4], "rotation": 270, "texture": "#0", "cullface": "down"},
				"south": {"uv": [7, 2, 9, 2.3], "texture": "#0", "cullface": "down"},
				"west": {"uv": [7, 2, 7.3, 4], "rotation": 90, "texture": "#0", "cullface": "down"},
				"down": {"uv": [7, 2, 9, 4], "texture": "#0", "cullface": "down"}
			}
		}
	],
	"display": {
		"thirdperson_righthand": {
			"rotation": [75, 45, 0],
			"translation": [0, 2.5, 0],
			"scale": [0.375, 0.375, 0.375]
		},
		"thirdperson_lefthand": {
			"rotation": [75, 45, 0],
			"translation": [0, 2.5, 0],
			"scale": [0.375, 0.375, 0.375]
		},
		"firstperson_righthand": {
			"rotation": [0, 45, 0],
			"scale": [0.4, 0.4, 0.4]
		},
		"firstperson_lefthand": {
			"rotation": [0, 225, 0],
			"scale": [0.4, 0.4, 0.4]
		},
		"ground": {
			"translation": [0, 3, 0],
			"scale": [0.25, 0.25, 0.25]
		},
		"gui": {
			"rotation": [30, 225, 0],
			"scale": [0.625, 0.625, 0.625]
		},
		"fixed": {
			"scale": [0.5, 0.5, 0.5]
		}
	},
	"groups": [0,
		{
			"name": "norte",
			"origin": [8, 8, 8],
			"children": [1, 2, 3, 4, 5, 6, 7, 8, 9, 10, 11, 12, 13, 14, 15, 16, 17, 18, 19, 20, 21, 22, 23, 24, 25, 26, 27, 28]
		},
		{
			"name": "sul",
			"origin": [8, 8, 8],
			"children": [29, 30, 31, 32, 33, 34, 35, 36, 37, 38, 39, 40, 41, 42, 43, 44, 45, 46, 47, 48, 49, 50, 51, 52, 53, 54, 55, 56]
		},
		{
			"name": "oeste",
			"origin": [8, 8, 8],
			"children": [57, 58, 59, 60, 61, 62, 63, 64, 65, 66, 67, 68, 69, 70, 71, 72, 73, 74, 75, 76, 77, 78, 79, 80, 81, 82, 83, 84]
		},
		{
			"name": "leste",
			"origin": [8, 8, 8],
			"children": [85, 86, 87, 88, 89, 90, 91, 92, 93, 94, 95, 96, 97, 98, 99, 100, 101, 102, 103, 104, 105, 106, 107, 108, 109, 110, 111, 112]
		},
		{
			"name": "cima",
			"origin": [8, 8, 8],
			"children": [113, 114, 115, 116, 117, 118, 119, 120, 121, 122, 123, 124, 125, 126, 127, 128, 129, 130, 131, 132, 133, 134, 135, 136, 137, 138, 139, 140]
		},
		{
			"name": "baixo",
			"origin": [8, 8, 8],
			"children": [141, 142, 143, 144, 145, 146, 147, 148, 149, 150, 151, 152, 153, 154, 155, 156, 157, 158, 159, 160, 161, 162, 163, 164, 165, 166, 167, 168]
		}
	]
}