{
	"credit": "Made with Blockbench",
	"textures": {
		"0": "block/rail_corner",
		"particle": "block/rail_corner"
	},
	"elements": [
		{
			"from": [2, 0, 12],
			"to": [4, 2, 16],
			"rotation": {"angle": 0, "axis": "y", "origin": [10, 8, 23]},
			"faces": {
				"north": {"uv": [2, 12, 4, 14], "texture": "#0"},
				"east": {"uv": [2, 12, 4, 16], "rotation": 90, "texture": "#0"},
				"south": {"uv": [2, 12, 4, 14], "texture": "#0", "cullface": "south"},
				"west": {"uv": [2, 12, 6, 14], "texture": "#0"},
				"up": {"uv": [2, 12, 4, 16], "texture": "#0"},
				"down": {"uv": [2, 12, 4, 16], "texture": "#0", "cullface": "down"}
			}
		},
		{
			"from": [3, 0, 10],
			"to": [5, 2, 12],
			"rotation": {"angle": 0, "axis": "y", "origin": [11, 8, 21]},
			"faces": {
				"north": {"uv": [3, 10, 5, 12], "texture": "#0"},
				"east": {"uv": [3, 10, 5, 12], "texture": "#0"},
				"south": {"uv": [3, 10, 5, 12], "texture": "#0"},
				"west": {"uv": [3, 10, 5, 12], "texture": "#0"},
				"up": {"uv": [3, 10, 5, 12], "texture": "#0"},
				"down": {"uv": [3, 10, 5, 12], "texture": "#0", "cullface": "down"}
			}
		},
		{
			"from": [4, 0, 8],
			"to": [6, 2, 10],
			"rotation": {"angle": 0, "axis": "y", "origin": [12, 8, 19]},
			"faces": {
				"north": {"uv": [4, 8, 6, 10], "texture": "#0"},
				"east": {"uv": [4, 8, 6, 10], "texture": "#0"},
				"south": {"uv": [4, 8, 6, 10], "texture": "#0"},
				"west": {"uv": [4, 8, 6, 10], "texture": "#0"},
				"up": {"uv": [4, 8, 6, 10], "texture": "#0"},
				"down": {"uv": [4, 8, 6, 10], "texture": "#0", "cullface": "down"}
			}
		},
		{
			"from": [8, 0, 4],
			"to": [10, 2, 6],
			"rotation": {"angle": 0, "axis": "y", "origin": [16, 8, 15]},
			"faces": {
				"north": {"uv": [8, 4, 10, 6], "texture": "#0"},
				"east": {"uv": [8, 4, 10, 6], "texture": "#0"},
				"south": {"uv": [8, 4, 10, 6], "texture": "#0"},
				"west": {"uv": [8, 4, 10, 6], "texture": "#0"},
				"up": {"uv": [8, 4, 10, 6], "texture": "#0"},
				"down": {"uv": [8, 4, 10, 6], "texture": "#0", "cullface": "down"}
			}
		},
		{
			"from": [10, 0, 3],
			"to": [12, 2, 5],
			"rotation": {"angle": 0, "axis": "y", "origin": [18, 8, 14]},
			"faces": {
				"north": {"uv": [10, 3, 12, 5], "texture": "#0"},
				"east": {"uv": [10, 3, 12, 5], "texture": "#0"},
				"south": {"uv": [10, 3, 12, 5], "texture": "#0"},
				"west": {"uv": [10, 3, 12, 5], "texture": "#0"},
				"up": {"uv": [10, 3, 12, 5], "texture": "#0"},
				"down": {"uv": [10, 3, 12, 5], "texture": "#0", "cullface": "down"}
			}
		},
		{
			"from": [12, 0, 2],
			"to": [16, 2, 4],
			"rotation": {"angle": 0, "axis": "y", "origin": [20, 8, 13]},
			"faces": {
				"north": {"uv": [12, 2, 16, 4], "texture": "#0"},
				"east": {"uv": [12, 2, 14, 4], "texture": "#0", "cullface": "east"},
				"south": {"uv": [12, 2, 16, 4], "texture": "#0"},
				"west": {"uv": [12, 2, 14, 4], "texture": "#0"},
				"up": {"uv": [12, 2, 16, 4], "texture": "#0"},
				"down": {"uv": [12, 2, 16, 4], "texture": "#0", "cullface": "down"}
			}
		},
		{
			"from": [12, 0, 14],
			"to": [14, 2, 16],
			"rotation": {"angle": 0, "axis": "y", "origin": [20, 8, 25]},
			"faces": {
				"north": {"uv": [12, 14, 14, 16], "texture": "#0"},
				"east": {"uv": [12, 14, 14, 16], "texture": "#0"},
				"south": {"uv": [12, 14, 14, 16], "texture": "#0", "cullface": "south"},
				"west": {"uv": [12, 14, 14, 16], "texture": "#0"},
				"up": {"uv": [12, 14, 14, 16], "texture": "#0"},
				"down": {"uv": [12, 14, 14, 16], "texture": "#0", "cullface": "down"}
			}
		},
		{
			"from": [14, 0, 12],
			"to": [16, 2, 14],
			"rotation": {"angle": 0, "axis": "y", "origin": [22, 8, 23]},
			"faces": {
				"north": {"uv": [14, 12, 16, 14], "texture": "#0"},
				"east": {"uv": [14, 12, 16, 14], "texture": "#0", "cullface": "east"},
				"south": {"uv": [14, 12, 16, 14], "texture": "#0"},
				"west": {"uv": [14, 12, 16, 14], "texture": "#0"},
				"up": {"uv": [14, 12, 16, 14], "texture": "#0"},
				"down": {"uv": [14, 12, 16, 14], "texture": "#0", "cullface": "down"}
			}
		},
		{
			"from": [13, 0, 13],
			"to": [14, 2, 14],
			"rotation": {"angle": 0, "axis": "y", "origin": [21, 8, 23]},
			"faces": {
				"north": {"uv": [13, 13, 14, 15], "texture": "#0"},
				"west": {"uv": [13, 13, 14, 15], "texture": "#0"},
				"up": {"uv": [13, 13, 14, 14], "texture": "#0"},
				"down": {"uv": [13, 13, 14, 14], "texture": "#0", "cullface": "down"}
			}
		},
		{
			"from": [6, 0, 6],
			"to": [7, 2, 7],
			"rotation": {"angle": 0, "axis": "y", "origin": [14, 8, 16]},
			"faces": {
				"north": {"uv": [6, 6, 7, 8], "texture": "#0"},
				"west": {"uv": [6, 6, 7, 8], "texture": "#0"},
				"up": {"uv": [6, 6, 7, 7], "texture": "#0"}
			}
		},
		{
			"from": [5, 0, 7],
			"to": [7, 2, 8],
			"rotation": {"angle": 0, "axis": "y", "origin": [14, 8, 17]},
			"faces": {
				"north": {"uv": [5, 7, 7, 9], "texture": "#0"},
				"east": {"uv": [5, 7, 6, 9], "texture": "#0"},
				"south": {"uv": [4, 8, 6, 10], "texture": "#0"},
				"west": {"uv": [5, 7, 6, 9], "texture": "#0"},
				"up": {"uv": [5, 7, 7, 8], "texture": "#0"},
				"down": {"uv": [5, 7, 7, 8], "texture": "#0", "cullface": "down"}
			}
		},
		{
			"from": [7, 0, 5],
			"to": [8, 2, 7],
			"rotation": {"angle": 0, "axis": "y", "origin": [15, 8, 16]},
			"faces": {
				"north": {"uv": [7, 5, 8, 7], "texture": "#0"},
				"east": {"uv": [7, 5, 9, 7], "texture": "#0"},
				"south": {"uv": [7, 5, 8, 7], "texture": "#0"},
				"west": {"uv": [7, 5, 9, 7], "texture": "#0"},
				"up": {"uv": [7, 5, 8, 7], "texture": "#0"},
				"down": {"uv": [7, 5, 8, 7], "texture": "#0", "cullface": "down"}
			}
		},
		{
			"from": [1, 0, 11],
			"to": [3, 1, 13],
			"rotation": {"angle": 0, "axis": "y", "origin": [9, 8, 19]},
			"faces": {
				"north": {"uv": [1, 11, 3, 12], "texture": "#0"},
				"south": {"uv": [1, 11, 3, 12], "texture": "#0"},
				"west": {"uv": [1, 11, 3, 12], "texture": "#0"},
				"up": {"uv": [1, 11, 3, 13], "texture": "#0"},
				"down": {"uv": [1, 11, 3, 13], "texture": "#0", "cullface": "down"}
			}
		},
		{
			"from": [5, 0, 5],
			"to": [7, 1, 7],
			"rotation": {"angle": 0, "axis": "y", "origin": [13, 8, 13]},
			"faces": {
				"north": {"uv": [5, 5, 7, 6], "texture": "#0"},
				"west": {"uv": [5, 5, 7, 6], "texture": "#0"},
				"up": {"uv": [5, 5, 7, 7], "texture": "#0"},
				"down": {"uv": [5, 5, 7, 7], "texture": "#0", "cullface": "down"}
			}
		},
		{
			"from": [11, 0, 1],
			"to": [13, 1, 3],
			"rotation": {"angle": 0, "axis": "y", "origin": [19, 8, 9]},
			"faces": {
				"north": {"uv": [11, 1, 13, 2], "texture": "#0"},
				"east": {"uv": [11, 1, 13, 2], "texture": "#0"},
				"west": {"uv": [11, 1, 13, 2], "texture": "#0"},
				"up": {"uv": [11, 1, 13, 3], "texture": "#0"},
				"down": {"uv": [11, 1, 13, 3], "texture": "#0", "cullface": "down"}
			}
		},
		{
			"from": [7, 0, 7],
			"to": [9, 1, 9],
			"rotation": {"angle": 0, "axis": "y", "origin": [15, 8, 15]},
			"faces": {
				"north": {"uv": [7, 7, 9, 8], "texture": "#0"},
				"east": {"uv": [7, 7, 9, 8], "texture": "#0"},
				"south": {"uv": [7, 7, 9, 8], "texture": "#0"},
				"west": {"uv": [7, 7, 9, 8], "texture": "#0"},
				"up": {"uv": [7, 7, 9, 9], "texture": "#0"},
				"down": {"uv": [7, 7, 9, 9], "texture": "#0", "cullface": "down"}
			}
		},
		{
			"from": [9, 0, 9],
			"to": [11, 1, 11],
			"rotation": {"angle": 0, "axis": "y", "origin": [17, 8, 17]},
			"faces": {
				"north": {"uv": [9, 9, 11, 10], "texture": "#0"},
				"east": {"uv": [9, 9, 11, 10], "texture": "#0"},
				"south": {"uv": [9, 9, 11, 10], "texture": "#0"},
				"west": {"uv": [9, 9, 11, 10], "texture": "#0"},
				"up": {"uv": [9, 9, 11, 11], "texture": "#0"},
				"down": {"uv": [9, 9, 11, 11], "texture": "#0", "cullface": "down"}
			}
		},
		{
			"from": [11, 0, 11],
			"to": [13, 1, 13],
			"rotation": {"angle": 0, "axis": "y", "origin": [19, 8, 19]},
			"faces": {
				"north": {"uv": [11, 11, 13, 12], "texture": "#0"},
				"east": {"uv": [11, 11, 13, 12], "texture": "#0"},
				"south": {"uv": [11, 11, 13, 12], "texture": "#0"},
				"west": {"uv": [11, 11, 13, 12], "texture": "#0"},
				"up": {"uv": [11, 11, 13, 13], "texture": "#0"},
				"down": {"uv": [11, 11, 13, 13], "texture": "#0", "cullface": "down"}
			}
		},
		{
			"from": [14, 0, 10],
			"to": [16, 1, 12],
			"rotation": {"angle": 0, "axis": "y", "origin": [22, 8, 18]},
			"faces": {
				"north": {"uv": [14, 10, 16, 11], "texture": "#0"},
				"east": {"uv": [14, 10, 16, 11], "texture": "#0", "cullface": "east"},
				"west": {"uv": [14, 10, 16, 11], "texture": "#0"},
				"up": {"uv": [14, 10, 16, 12], "texture": "#0"},
				"down": {"uv": [14, 10, 16, 12], "texture": "#0", "cullface": "down"}
			}
		},
		{
			"from": [10, 0, 14],
			"to": [12, 1, 16],
			"rotation": {"angle": 0, "axis": "y", "origin": [18, 8, 22]},
			"faces": {
				"north": {"uv": [10, 14, 12, 15], "texture": "#0"},
				"south": {"uv": [10, 14, 12, 15], "texture": "#0", "cullface": "south"},
				"west": {"uv": [10, 14, 12, 15], "texture": "#0"},
				"up": {"uv": [10, 14, 12, 16], "texture": "#0"},
				"down": {"uv": [10, 14, 12, 16], "texture": "#0", "cullface": "down"}
			}
		},
		{
			"from": [7, 0, 13],
			"to": [10, 1, 15],
			"rotation": {"angle": 0, "axis": "y", "origin": [16, 8, 21]},
			"faces": {
				"north": {"uv": [7, 13, 10, 14], "texture": "#0"},
				"east": {"uv": [7, 13, 9, 14], "texture": "#0"},
				"south": {"uv": [7, 13, 10, 14], "texture": "#0"},
				"west": {"uv": [7, 13, 9, 14], "texture": "#0"},
				"up": {"uv": [7, 13, 10, 15], "texture": "#0"},
				"down": {"uv": [7, 13, 10, 15], "texture": "#0", "cullface": "down"}
			}
		},
		{
			"from": [4, 0, 12],
			"to": [7, 1, 14],
			"rotation": {"angle": 0, "axis": "y", "origin": [13, 8, 20]},
			"faces": {
				"north": {"uv": [4, 12, 7, 13], "texture": "#0"},
				"east": {"uv": [4, 12, 6, 13], "texture": "#0"},
				"south": {"uv": [4, 12, 7, 13], "texture": "#0"},
				"up": {"uv": [4, 12, 7, 14], "texture": "#0"},
				"down": {"uv": [4, 12, 7, 14], "texture": "#0", "cullface": "down"}
			}
		},
		{
			"from": [13, 0, 7],
			"to": [15, 1, 10],
			"rotation": {"angle": 0, "axis": "y", "origin": [21, 8, 16]},
			"faces": {
				"north": {"uv": [13, 7, 15, 8], "texture": "#0"},
				"east": {"uv": [13, 7, 16, 8], "texture": "#0"},
				"south": {"uv": [13, 7, 15, 8], "texture": "#0"},
				"west": {"uv": [13, 7, 16, 8], "texture": "#0"},
				"up": {"uv": [13, 7, 15, 10], "texture": "#0"},
				"down": {"uv": [13, 7, 15, 10], "texture": "#0", "cullface": "down"}
			}
		},
		{
			"from": [14, 0, 14],
			"to": [15, 1, 16],
			"rotation": {"angle": 0, "axis": "y", "origin": [22, 8, 22]},
			"faces": {
				"east": {"uv": [14, 14, 16, 15], "texture": "#0"},
				"south": {"uv": [14, 14, 15, 15], "texture": "#0", "cullface": "south"},
				"up": {"uv": [14, 14, 15, 16], "texture": "#0"},
				"down": {"uv": [14, 14, 15, 16], "texture": "#0", "cullface": "down"}
			}
		},
		{
			"from": [15, 0, 14],
			"to": [16, 1, 15],
			"rotation": {"angle": 0, "axis": "y", "origin": [23, 8, 22]},
			"faces": {
				"east": {"uv": [15, 14, 16, 15], "texture": "#0", "cullface": "east"},
				"south": {"uv": [15, 14, 16, 15], "texture": "#0"},
				"up": {"uv": [15, 14, 16, 15], "texture": "#0"},
				"down": {"uv": [15, 14, 16, 15], "texture": "#0", "cullface": "down"}
			}
		},
		{
			"from": [13, 0, 12],
			"to": [14, 1, 13],
			"rotation": {"angle": 0, "axis": "y", "origin": [21, 8, 20]},
			"faces": {
				"north": {"uv": [13, 12, 14, 13], "texture": "#0"},
				"up": {"uv": [13, 12, 14, 13], "texture": "#0"},
				"down": {"uv": [13, 12, 14, 13], "texture": "#0", "cullface": "down"}
			}
		},
		{
			"from": [12, 0, 13],
			"to": [13, 1, 14],
			"rotation": {"angle": 0, "axis": "y", "origin": [20, 8, 21]},
			"faces": {
				"west": {"uv": [12, 13, 13, 14], "texture": "#0"},
				"up": {"uv": [12, 13, 13, 14], "texture": "#0"},
				"down": {"uv": [12, 13, 13, 14], "texture": "#0", "cullface": "down"}
			}
		},
		{
			"from": [11, 0, 10],
			"to": [12, 1, 11],
			"rotation": {"angle": 0, "axis": "y", "origin": [19, 8, 18]},
			"faces": {
				"north": {"uv": [11, 10, 12, 11], "texture": "#0"},
				"east": {"uv": [11, 10, 12, 11], "texture": "#0"},
				"up": {"uv": [11, 10, 12, 11], "texture": "#0"},
				"down": {"uv": [11, 10, 12, 11], "texture": "#0", "cullface": "down"}
			}
		},
		{
			"from": [10, 0, 11],
			"to": [11, 1, 12],
			"rotation": {"angle": 0, "axis": "y", "origin": [18, 8, 19]},
			"faces": {
				"south": {"uv": [10, 11, 11, 12], "texture": "#0"},
				"west": {"uv": [10, 11, 11, 12], "texture": "#0"},
				"up": {"uv": [10, 11, 11, 12], "texture": "#0"},
				"down": {"uv": [10, 11, 11, 12], "texture": "#0", "cullface": "down"}
			}
		},
		{
			"from": [9, 0, 8],
			"to": [10, 1, 9],
			"rotation": {"angle": 0, "axis": "y", "origin": [17, 8, 16]},
			"faces": {
				"north": {"uv": [9, 8, 10, 9], "texture": "#0"},
				"east": {"uv": [9, 8, 10, 9], "texture": "#0"},
				"up": {"uv": [9, 8, 10, 9], "texture": "#0"},
				"down": {"uv": [9, 8, 10, 9], "texture": "#0", "cullface": "down"}
			}
		},
		{
			"from": [8, 0, 9],
			"to": [9, 1, 10],
			"rotation": {"angle": 0, "axis": "y", "origin": [16, 8, 17]},
			"faces": {
				"south": {"uv": [8, 9, 9, 10], "texture": "#0"},
				"west": {"uv": [8, 9, 9, 10], "texture": "#0"},
				"up": {"uv": [8, 9, 9, 10], "texture": "#0"},
				"down": {"uv": [8, 9, 9, 10], "texture": "#0", "cullface": "down"}
			}
		},
		{
			"from": [12, 0, 4],
			"to": [14, 1, 7],
			"rotation": {"angle": 0, "axis": "y", "origin": [20, 8, 13]},
			"faces": {
				"east": {"uv": [12, 4, 15, 5], "texture": "#0"},
				"south": {"uv": [12, 4, 14, 5], "texture": "#0"},
				"west": {"uv": [12, 4, 15, 5], "texture": "#0"},
				"up": {"uv": [12, 4, 14, 7], "texture": "#0"},
				"down": {"uv": [12, 4, 14, 7], "texture": "#0", "cullface": "down"}
			}
		}
	],
	"display": {
		"thirdperson_righthand": {
			"rotation": [75, 45, 0],
			"translation": [0, 2.5, 0],
			"scale": [0.375, 0.375, 0.375]
		},
		"thirdperson_lefthand": {
			"rotation": [75, 45, 0],
			"translation": [0, 2.5, 0],
			"scale": [0.375, 0.375, 0.375]
		},
		"firstperson_righthand": {
			"rotation": [0, 45, 0],
			"scale": [0.4, 0.4, 0.4]
		},
		"firstperson_lefthand": {
			"rotation": [0, 225, 0],
			"scale": [0.4, 0.4, 0.4]
		},
		"ground": {
			"translation": [0, 3, 0],
			"scale": [0.25, 0.25, 0.25]
		},
		"gui": {
			"rotation": [30, 225, 0],
			"scale": [0.625, 0.625, 0.625]
		},
		"fixed": {
			"scale": [0.5, 0.5, 0.5]
		}
	}
}