{
	"credit": "Made with Blockbench",
	"textures": {
		"top": "block/smoker_top",
		"bottom": "block/smoker_bottom",
		"side": "block/smoker_side",
		"particle": "block/smoker_front",
		"front": "block/smoker_front"
	},
	"elements": [
		{
			"from": [0, 0, 0],
			"to": [16, 8, 1],
			"faces": {
				"north": {"uv": [0, 8, 16, 16], "texture": "#front", "cullface": "north"},
				"south": {"uv": [9, 9, 10, 10], "texture": "#top"},
				"up": {"uv": [0, 8, 16, 9], "texture": "#front"},
				"down": {"uv": [0, 15, 16, 16], "texture": "#bottom", "cullface": "down"}
			}
		},
		{
			"from": [0, 12, 0],
			"to": [16, 16, 1],
			"rotation": {"angle": 0, "axis": "y", "origin": [8, 16, 8]},
			"faces": {
				"north": {"uv": [0, 0, 16, 4], "texture": "#front", "cullface": "north"},
				"south": {"uv": [9, 9, 10, 10], "texture": "#top"},
				"up": {"uv": [0, 0, 16, 1], "texture": "#top", "cullface": "up"},
				"down": {"uv": [0, 3, 16, 4], "texture": "#front"}
			}
		},
		{
			"from": [0, 8, 0],
			"to": [4, 12, 1],
			"rotation": {"angle": 0, "axis": "y", "origin": [8, 12, 8]},
			"faces": {
				"north": {"uv": [12, 4, 16, 8], "texture": "#front", "cullface": "north"},
				"east": {"uv": [12, 4, 13, 8], "texture": "#front"},
				"south": {"uv": [9, 9, 10, 10], "texture": "#top"}
			}
		},
		{
			"from": [11, 8, 0],
			"to": [16, 12, 1],
			"rotation": {"angle": 0, "axis": "y", "origin": [19, 12, 8]},
			"faces": {
				"north": {"uv": [0, 4, 5, 8], "texture": "#front", "cullface": "north"},
				"south": {"uv": [9, 9, 10, 10], "texture": "#top"},
				"west": {"uv": [4, 4, 5, 8], "texture": "#front"}
			}
		},
		{
			"from": [0, 0, 1],
			"to": [1, 16, 16],
			"rotation": {"angle": 0, "axis": "y", "origin": [8, 8, 9]},
			"faces": {
				"east": {"uv": [9, 9, 10, 10], "texture": "#top"},
				"west": {"uv": [1, 0, 16, 16], "texture": "#side", "cullface": "west"},
				"up": {"uv": [0, 1, 1, 16], "texture": "#top", "cullface": "up"},
				"down": {"uv": [0, 0, 1, 15], "texture": "#bottom", "cullface": "down"}
			}
		},
		{
			"from": [15, 0, 1],
			"to": [16, 16, 16],
			"rotation": {"angle": 0, "axis": "y", "origin": [23, 8, 9]},
			"faces": {
				"east": {"uv": [0, 0, 15, 16], "texture": "#side", "cullface": "east"},
				"west": {"uv": [9, 9, 10, 10], "texture": "#top"},
				"up": {"uv": [15, 1, 16, 16], "texture": "#top", "cullface": "up"},
				"down": {"uv": [15, 0, 16, 15], "texture": "#bottom", "cullface": "down"}
			}
		},
		{
			"from": [1, 0, 15],
			"to": [15, 16, 16],
			"rotation": {"angle": 0, "axis": "y", "origin": [9, 8, 23]},
			"faces": {
				"north": {"uv": [9, 9, 10, 10], "texture": "#top"},
				"south": {"uv": [1, 0, 15, 16], "texture": "#side", "cullface": "south"},
				"up": {"uv": [1, 15, 15, 16], "texture": "#top", "cullface": "up"},
				"down": {"uv": [1, 0, 15, 1], "texture": "#bottom", "cullface": "down"}
			}
		},
		{
			"from": [1, 0, 1],
			"to": [15, 1, 15],
			"rotation": {"angle": 0, "axis": "y", "origin": [9, 8, 22]},
			"faces": {
				"up": {"uv": [9, 9, 10, 10], "texture": "#top"},
				"down": {"uv": [1, 1, 15, 15], "texture": "#bottom", "cullface": "down"}
			}
		},
		{
			"from": [1, 15, 1],
			"to": [4, 16, 15],
			"rotation": {"angle": 0, "axis": "y", "origin": [9, 23, 9]},
			"faces": {
				"east": {"uv": [1, 0, 15, 1], "texture": "#side"},
				"up": {"uv": [1, 1, 4, 15], "texture": "#top", "cullface": "up"},
				"down": {"uv": [9, 9, 10, 10], "texture": "#top"}
			}
		},
		{
			"from": [12, 15, 1],
			"to": [15, 16, 15],
			"rotation": {"angle": 0, "axis": "y", "origin": [20, 23, 9]},
			"faces": {
				"west": {"uv": [1, 0, 15, 1], "texture": "#side"},
				"up": {"uv": [12, 1, 15, 15], "texture": "#top", "cullface": "up"},
				"down": {"uv": [9, 9, 10, 10], "texture": "#top"}
			}
		},
		{
			"from": [4, 15, 1],
			"to": [12, 16, 4],
			"rotation": {"angle": 0, "axis": "y", "origin": [17, 23, 9]},
			"faces": {
				"south": {"uv": [4, 0, 12, 1], "texture": "#side"},
				"up": {"uv": [4, 1, 12, 4], "texture": "#top", "cullface": "up"},
				"down": {"uv": [9, 9, 10, 10], "texture": "#top"}
			}
		},
		{
			"from": [4, 15, 12],
			"to": [12, 16, 15],
			"rotation": {"angle": 0, "axis": "y", "origin": [17, 23, 20]},
			"faces": {
				"north": {"uv": [4, 0, 12, 1], "texture": "#front"},
				"up": {"uv": [4, 12, 12, 15], "texture": "#top", "cullface": "up"},
				"down": {"uv": [9, 9, 10, 10], "texture": "#top"}
			}
		},
		{
			"from": [-0.5, -0.1, -0.5],
			"to": [2, 16.1, 2],
			"faces": {
				"north": {"uv": [14, 0, 16, 16], "texture": "#front", "cullface": "north"},
				"east": {"uv": [14, 0, 16, 16], "texture": "#side"},
				"south": {"uv": [0, 0, 2, 16], "texture": "#side"},
				"west": {"uv": [0, 0, 2, 16], "texture": "#side", "cullface": "west"},
				"up": {"uv": [0, 0, 2, 2], "texture": "#bottom", "cullface": "up"},
				"down": {"uv": [0, 14, 2, 16], "texture": "#side", "cullface": "down"}
			}
		},
		{
			"from": [14, -0.1, -0.5],
			"to": [16.5, 16.1, 2],
			"rotation": {"angle": 0, "axis": "y", "origin": [22.5, 8, 8]},
			"faces": {
				"north": {"uv": [0, 0, 2, 16], "texture": "#front", "cullface": "north"},
				"east": {"uv": [14, 0, 16, 16], "texture": "#side", "cullface": "east"},
				"south": {"uv": [0, 0, 2, 16], "texture": "#side"},
				"west": {"uv": [0, 0, 2, 16], "texture": "#side"},
				"up": {"uv": [14, 0, 16, 2], "texture": "#bottom", "cullface": "up"},
				"down": {"uv": [14, 14, 16, 16], "texture": "#side", "cullface": "down"}
			}
		},
		{
			"from": [14, -0.1, 14],
			"to": [16.5, 16.1, 16.5],
			"rotation": {"angle": 0, "axis": "y", "origin": [22.5, 8, 22.5]},
			"faces": {
				"north": {"uv": [14, 0, 16, 16], "texture": "#side"},
				"east": {"uv": [0, 0, 2, 16], "texture": "#side", "cullface": "east"},
				"south": {"uv": [14, 0, 16, 16], "texture": "#side", "cullface": "south"},
				"west": {"uv": [0, 0, 2, 16], "texture": "#side"},
				"up": {"uv": [14, 14, 16, 16], "texture": "#bottom", "cullface": "up"},
				"down": {"uv": [14, 0, 16, 2], "texture": "#side", "cullface": "down"}
			}
		},
		{
			"from": [-0.5, -0.1, 14],
			"to": [2, 16.1, 16.5],
			"rotation": {"angle": 0, "axis": "y", "origin": [8, 8, 22.5]},
			"faces": {
				"north": {"uv": [14, 0, 16, 16], "texture": "#side"},
				"east": {"uv": [14, 0, 16, 16], "texture": "#side"},
				"south": {"uv": [0, 0, 2, 16], "texture": "#side", "cullface": "south"},
				"west": {"uv": [14, 0, 16, 16], "texture": "#side", "cullface": "west"},
				"up": {"uv": [0, 14, 2, 16], "texture": "#bottom", "cullface": "up"},
				"down": {"uv": [0, 0, 2, 2], "texture": "#side", "cullface": "down"}
			}
		},
		{
			"from": [2, 1, -0.5],
			"to": [14, 7, 0],
			"rotation": {"angle": 0, "axis": "y", "origin": [10, 9, 7]},
			"faces": {
				"north": {"uv": [2, 9, 14, 15], "texture": "#front", "cullface": "north"},
				"up": {"uv": [2, 9, 14, 9.5], "texture": "#front", "cullface": "north"},
				"down": {"uv": [2, 9, 14, 9.5], "texture": "#front", "cullface": "north"}
			}
		},
		{
			"from": [2, 13, -0.5],
			"to": [14, 15, 0],
			"rotation": {"angle": 0, "axis": "y", "origin": [10, 17, 7]},
			"faces": {
				"north": {"uv": [2, 1, 14, 3], "texture": "#front", "cullface": "north"},
				"up": {"uv": [2, 1, 14, 1.5], "texture": "#front", "cullface": "north"},
				"down": {"uv": [2, 1, 14, 1.5], "texture": "#front", "cullface": "north"}
			}
		},
		{
			"from": [16, 4, 2],
			"to": [16.5, 7, 14],
			"rotation": {"angle": 0, "axis": "y", "origin": [24, 12, 10]},
			"faces": {
				"east": {"uv": [2, 9, 14, 12], "texture": "#side", "cullface": "east"},
				"up": {"uv": [2, 9, 14, 9.5], "rotation": 90, "texture": "#side", "cullface": "east"},
				"down": {"uv": [2, 9, 14, 9.5], "rotation": 90, "texture": "#side", "cullface": "east"}
			}
		},
		{
			"from": [16, 13, 2],
			"to": [16.5, 15, 14],
			"rotation": {"angle": 0, "axis": "y", "origin": [24, 20, 10]},
			"faces": {
				"east": {"uv": [2, 1, 14, 3], "texture": "#side", "cullface": "east"},
				"up": {"uv": [2, 1, 14, 1.5], "rotation": 90, "texture": "#side", "cullface": "east"},
				"down": {"uv": [2, 1, 14, 1.5], "rotation": 90, "texture": "#side", "cullface": "east"}
			}
		},
		{
			"from": [-0.5, 4, 2],
			"to": [0, 7, 14],
			"rotation": {"angle": 0, "axis": "y", "origin": [7, 12, 10]},
			"faces": {
				"west": {"uv": [2, 9, 14, 12], "texture": "#side", "cullface": "west"},
				"up": {"uv": [2, 9, 14, 9.5], "rotation": 90, "texture": "#side", "cullface": "west"},
				"down": {"uv": [2, 9, 14, 9.5], "rotation": 90, "texture": "#side", "cullface": "west"}
			}
		},
		{
			"from": [-0.5, 13, 2],
			"to": [0, 15, 14],
			"rotation": {"angle": 0, "axis": "y", "origin": [7, 20, 10]},
			"faces": {
				"west": {"uv": [2, 1, 14, 3], "texture": "#side", "cullface": "west"},
				"up": {"uv": [2, 1, 14, 1.5], "rotation": 90, "texture": "#side", "cullface": "west"},
				"down": {"uv": [2, 1, 14, 1.5], "rotation": 90, "texture": "#side", "cullface": "west"}
			}
		},
		{
			"from": [2, 4, 16],
			"to": [14, 7, 16.5],
			"rotation": {"angle": 0, "axis": "y", "origin": [10, 12, 24]},
			"faces": {
				"south": {"uv": [2, 9, 14, 12], "texture": "#side", "cullface": "south"},
				"up": {"uv": [2, 9, 14, 9.5], "texture": "#side", "cullface": "south"},
				"down": {"uv": [2, 9, 14, 9.5], "texture": "#side", "cullface": "south"}
			}
		},
		{
			"from": [2, 13, 16],
			"to": [14, 15, 16.5],
			"rotation": {"angle": 0, "axis": "y", "origin": [10, 20, 24]},
			"faces": {
				"south": {"uv": [2, 1, 14, 3], "texture": "#side", "cullface": "south"},
				"up": {"uv": [2, 1, 14, 1.5], "texture": "#side", "cullface": "south"},
				"down": {"uv": [2, 1, 14, 1.5], "texture": "#side", "cullface": "south"}
			}
		}
	],
	"display": {
		"thirdperson_righthand": {
			"rotation": [75, 45, 0],
			"translation": [0, 2.5, 0],
			"scale": [0.375, 0.375, 0.375]
		},
		"thirdperson_lefthand": {
			"rotation": [75, 45, 0],
			"translation": [0, 2.5, 0],
			"scale": [0.375, 0.375, 0.375]
		},
		"firstperson_righthand": {
			"rotation": [0, 45, 0],
			"scale": [0.4, 0.4, 0.4]
		},
		"firstperson_lefthand": {
			"rotation": [0, 225, 0],
			"scale": [0.4, 0.4, 0.4]
		},
		"ground": {
			"translation": [0, 3, 0],
			"scale": [0.25, 0.25, 0.25]
		},
		"gui": {
			"rotation": [30, 225, 0],
			"scale": [0.625, 0.625, 0.625]
		},
		"fixed": {
			"scale": [0.5, 0.5, 0.5]
		}
	},
	"groups": [
		{
			"name": "1",
			"origin": [8, 8, 8],
			"children": [0, 1, 2, 3, 4, 5, 6, 7, 8, 9, 10, 11]
		},
		{
			"name": "2",
			"origin": [8, 8, 8],
			"children": [12, 13, 14, 15, 16, 17, 18, 19, 20, 21, 22, 23]
		}
	]
}