{
	"credit": "By GORIBBY. Made with Blockbench.",
	"parent": "minecraft:block/template_orientable_trapdoor_bottom",
	"textures": {
		"particle": "block/warped_trapdoor",
		"texture": "block/warped_trapdoor"
	},
	"elements": [
		{
			"from": [0, 0, 0],
			"to": [16, 3, 16],
			"faces": {
				"north": {"uv": [0, 0, 16, 3], "texture": "#texture"},
				"east": {"uv": [0, 0, 16, 3], "texture": "#texture"},
				"south": {"uv": [0, 0, 16, 3], "texture": "#texture"},
				"west": {"uv": [0, 0, 16, 3], "texture": "#texture"},
				"up": {"uv": [0, 16, 16, 0], "texture": "#texture"},
				"down": {"uv": [0, 0, 16, 16], "texture": "#texture"}
			}
		},
		{
			"from": [2, 0, 3],
			"to": [3, 3, 13],
			"faces": {
				"east": {"uv": [3, 13, 13, 16], "texture": "#texture"},
				"west": {"uv": [3, 13, 13, 16], "texture": "#texture"}
			}
		},
		{
			"from": [13, 0, 3],
			"to": [14, 3, 13],
			"faces": {
				"east": {"uv": [3, 13, 13, 16], "texture": "#texture"},
				"west": {"uv": [3, 13, 13, 16], "texture": "#texture"}
			}
		},
		{
			"from": [9, 0, 9],
			"to": [10, 3, 12],
			"faces": {
				"north": {"uv": [6, 13, 7, 16], "texture": "#texture"},
				"east": {"uv": [4, 13, 7, 16], "texture": "#texture"},
				"south": {"uv": [9, 13, 10, 16], "texture": "#texture"},
				"west": {"uv": [9, 13, 12, 16], "texture": "#texture"}
			}
		},
		{
			"from": [2, 0, 13],
			"to": [14, 3, 14],
			"faces": {
				"north": {"uv": [2, 13, 14, 15], "texture": "#texture"},
				"east": {"uv": [2, 13, 3, 15], "texture": "#texture"},
				"west": {"uv": [13, 13, 14, 15], "texture": "#texture"}
			}
		},
		{
			"from": [2, 0, 2],
			"to": [14, 3, 3],
			"faces": {
				"east": {"uv": [13, 13, 14, 15], "texture": "#texture"},
				"south": {"uv": [2, 13, 14, 15], "texture": "#texture"},
				"west": {"uv": [2, 13, 3, 15], "texture": "#texture"}
			}
		},
		{
			"from": [6, 0, 6],
			"to": [7, 3, 12],
			"faces": {
				"north": {"uv": [9, 13, 10, 16], "texture": "#texture"},
				"east": {"uv": [4, 13, 10, 16], "texture": "#texture"},
				"south": {"uv": [6, 13, 7, 16], "texture": "#texture"},
				"west": {"uv": [6, 13, 12, 16], "texture": "#texture"}
			}
		},
		{
			"from": [10, 0, 4],
			"to": [11, 3, 11],
			"faces": {
				"north": {"uv": [5, 13, 6, 16], "texture": "#texture"},
				"east": {"uv": [5, 13, 12, 16], "texture": "#texture"},
				"south": {"uv": [10, 13, 11, 16], "texture": "#texture"},
				"west": {"uv": [4, 13, 11, 16], "texture": "#texture"}
			}
		},
		{
			"from": [5, 0, 3],
			"to": [6, 3, 8],
			"faces": {
				"east": {"uv": [8, 13, 13, 16], "texture": "#texture"},
				"south": {"uv": [5, 13, 6, 16], "texture": "#texture"},
				"west": {"uv": [3, 13, 8, 16], "texture": "#texture"}
			}
		},
		{
			"from": [4, 0, 3],
			"to": [5, 3, 7],
			"faces": {
				"east": {"uv": [9, 13, 13, 16], "texture": "#texture"},
				"south": {"uv": [4, 13, 5, 16], "texture": "#texture"},
				"west": {"uv": [3, 13, 7, 16], "texture": "#texture"}
			}
		},
		{
			"from": [4, 0, 11],
			"to": [5, 3, 13],
			"faces": {
				"north": {"uv": [11, 13, 12, 16], "texture": "#texture"},
				"east": {"uv": [3, 13, 5, 16], "texture": "#texture"},
				"west": {"uv": [11, 13, 13, 16], "texture": "#texture"}
			}
		},
		{
			"from": [3, 0, 8],
			"to": [4, 3, 10],
			"faces": {
				"north": {"uv": [12, 13, 13, 16], "texture": "#texture"},
				"east": {"uv": [6, 13, 8, 16], "texture": "#texture"},
				"south": {"uv": [3, 13, 4, 16], "texture": "#texture"},
				"west": {"uv": [8, 13, 10, 16], "texture": "#texture"}
			}
		},
		{
			"from": [9, 0, 3],
			"to": [10, 3, 6],
			"faces": {
				"east": {"uv": [10, 13, 13, 16], "texture": "#texture"},
				"south": {"uv": [9, 13, 10, 16], "texture": "#texture"},
				"west": {"uv": [3, 13, 6, 16], "texture": "#texture"}
			}
		},
		{
			"from": [12, 0, 6],
			"to": [13, 3, 11],
			"faces": {
				"north": {"uv": [3, 13, 4, 16], "texture": "#texture"},
				"east": {"uv": [5, 13, 10, 16], "texture": "#texture"},
				"south": {"uv": [12, 13, 13, 16], "texture": "#texture"},
				"west": {"uv": [6, 13, 11, 16], "texture": "#texture"}
			}
		},
		{
			"from": [5, 0, 10],
			"to": [6, 3, 13],
			"faces": {
				"north": {"uv": [10, 13, 11, 16], "texture": "#texture"},
				"east": {"uv": [3, 13, 6, 16], "texture": "#texture"},
				"west": {"uv": [10, 13, 13, 16], "texture": "#texture"}
			}
		},
		{
			"from": [8, 0, 12],
			"to": [11, 3, 13],
			"faces": {
				"north": {"uv": [5, 13, 8, 16], "texture": "#texture"},
				"east": {"uv": [3, 13, 4, 16], "texture": "#texture"},
				"west": {"uv": [12, 13, 13, 16], "texture": "#texture"}
			}
		},
		{
			"from": [11, 0, 3],
			"to": [12, 3, 4],
			"faces": {
				"east": {"uv": [12, 13, 13, 16], "texture": "#texture"},
				"south": {"uv": [11, 13, 12, 16], "texture": "#texture"},
				"west": {"uv": [3, 13, 4, 16], "texture": "#texture"}
			}
		},
		{
			"from": [6, 0, 3],
			"to": [7, 3, 4],
			"faces": {
				"east": {"uv": [12, 13, 13, 16], "texture": "#texture"},
				"south": {"uv": [6, 13, 7, 16], "texture": "#texture"},
				"west": {"uv": [3, 13, 4, 16], "texture": "#texture"}
			}
		}
	],
	"display": {
		"thirdperson_righthand": {
			"rotation": [75, 45, 0],
			"translation": [0, 2.5, 0],
			"scale": [0.375, 0.375, 0.375]
		},
		"thirdperson_lefthand": {
			"rotation": [75, 45, 0],
			"translation": [0, 2.5, 0],
			"scale": [0.375, 0.375, 0.375]
		},
		"firstperson_righthand": {
			"rotation": [0, 45, 0],
			"scale": [0.4, 0.4, 0.4]
		},
		"firstperson_lefthand": {
			"rotation": [0, 225, 0],
			"scale": [0.4, 0.4, 0.4]
		},
		"ground": {
			"translation": [0, 3, 0],
			"scale": [0.25, 0.25, 0.25]
		},
		"gui": {
			"rotation": [30, 225, 0],
			"scale": [0.625, 0.625, 0.625]
		},
		"fixed": {
			"scale": [0.5, 0.5, 0.5]
		}
	},
	"groups": [
		0,
		{
			"name": "group",
			"origin": [0, 0, 0],
			"color": 0,
			"children": [1, 2, 3, 4, 5, 6, 7, 8, 9, 10, 11, 12, 13, 14, 15, 16, 17]
		}
	]
}